{
    "appliance": "fridge",
    "window_size": 100,
    "model_params": {
        "input_size": 1,
        "output_size": 1,
        "hidden_size": 128,
        "num_layers": 1,
        "dt": 0.1,
        "advanced": false
    },
    "train_params": {
        "lr": 0.001,
        "epochs": 50,
        "patience": 10
    },
    "final_metrics": {
        "train_loss": 4179.521913655599,
        "val_loss": 4721.412922371758,
        "test_loss": 5893.710452648163,
        "test_metrics": {
            "mae": 56.37274169921875,
            "rmse": 76.7371826171875,
            "nete": 0.1399831920862198,
            "sae": 41.216346740722656,
            "traditional_sae": 0.700075075075075,
            "precision": 0.2629776021080369,
            "recall": 0.99949924887331,
            "f1": 0.4163972045478252
        }
    }
}