{
    "appliance": "microwave",
    "window_size": 100,
    "model_params": {
        "input_size": 1,
        "hidden_size": 128,
        "num_layers": 2,
        "output_size": 1,
        "bidirectional": true
    },
    "train_params": {
        "lr": 0.001,
        "epochs": 10,
        "patience": 3
    },
    "final_metrics": {
        "train_loss": 13828.044121721055,
        "val_loss": 28700.402240026495,
        "test_loss": 32416.836565292953,
        "test_metrics": {
            "mae": 31.236907958984375,
            "rmse": 180.13600158691406,
            "nete": 0.4992811977863312,
            "sae": 0.613988988988989,
            "precision": 0.026629570747217807,
            "recall": 0.9370629370629371,
            "f1": 0.05178743961352657
        }
    }
}