{
    "train_loss": [
        0.04865247500442066,
        0.044607587181695635,
        0.04319578752630497,
        0.04040073116197294,
        0.03861661009048609,
        0.03820189877499022,
        0.03544889180580842,
        0.030414518072062607,
        0.0292445832599367,
        0.027654043372617693,
        0.02607420628185997,
        0.024325532791160575,
        0.022332485922990794,
        0.02011406609028441,
        0.018707156689237628,
        0.017175012453704182,
        0.01602987460051126,
        0.015165829449413557,
        0.015305347371661905,
        0.014938764200806245,
        0.01494824416501272,
        0.015304301136587864,
        0.013613973534890914,
        0.012546449552347374,
        0.01106282222021696,
        0.009996792073396547,
        0.009788400355839605,
        0.00801412505816123,
        0.010566344022402785,
        0.008881258429341564,
        0.007288199709508121,
        0.008694956380462894,
        0.009897001956518284,
        0.00817821814371707,
        0.007763456913889719,
        0.007886646279565285,
        0.007111486317304708,
        0.00719220882151833,
        0.0067954123207084145,
        0.00754398514159049,
        0.006469463799682746,
        0.004655920288271284,
        0.0026142783946766276,
        0.002693501992405899,
        0.003573441545051092,
        0.003956739885691829,
        0.0030475263623210265,
        0.0020178262800818712,
        0.0013087430562079318,
        0.01399777223580057
    ],
    "val_loss": [
        0.055828584523901804,
        0.053739067609977334,
        0.05133339997465594,
        0.04743884177986623,
        0.04599450049541197,
        0.04617670624281043,
        0.04299891544313388,
        0.04431891681389803,
        0.041376352459740105,
        0.039984355078722215,
        0.03742229047139794,
        0.03657622505886431,
        0.03580295279036728,
        0.032222292892531215,
        0.0309870000573489,
        0.02836166529655565,
        0.027227306380014506,
        0.027291458276251238,
        0.028776098837004806,
        0.029678210029496967,
        0.02759348487057472,
        0.02589916988623008,
        0.024491288999571502,
        0.020427525037365397,
        0.019623384391202408,
        0.01801924810246784,
        0.019426084598332626,
        0.020718841106260606,
        0.019432741645775523,
        0.01711486458049306,
        0.016258080477863857,
        0.014302855975975762,
        0.015355287522336766,
        0.016496293042099187,
        0.015177711656843569,
        0.014999432375084379,
        0.015163303027439935,
        0.016524351556958874,
        0.015553384165869375,
        0.014416488576539453,
        0.012955867494565022,
        0.012293807965586361,
        0.012859805387320391,
        0.01140407088629614,
        0.011766518261477447,
        0.01281877712925287,
        0.0087579142924365,
        0.006328237254766259,
        0.00637631338098545,
        0.017326183009507688
    ],
    "val_metrics": [
        {
            "mae": 61.68359895495445,
            "rmse": 68.84706185041924,
            "nete": 0.3,
            "precision": 0.5,
            "recall": 0.5,
            "f1": 0.4258181803473543
        },
        {
            "mae": 60.68621829905042,
            "rmse": 74.02515888226667,
            "nete": 0.3,
            "precision": 0.5,
            "recall": 0.5,
            "f1": 0.4283808567296846
        },
        {
            "mae": 59.16829710365603,
            "rmse": 67.3959326682961,
            "nete": 0.3,
            "precision": 0.5,
            "recall": 0.5,
            "f1": 0.4349969386534712
        },
        {
            "mae": 56.78096114747555,
            "rmse": 69.98270303191224,
            "nete": 0.3,
            "precision": 0.5,
            "recall": 0.5,
            "f1": 0.43572020009356355
        },
        {
            "mae": 54.959293014334186,
            "rmse": 66.1677849504545,
            "nete": 0.3,
            "precision": 0.5,
            "recall": 0.5,
            "f1": 0.4618832252096351
        },
        {
            "mae": 53.78960003361276,
            "rmse": 59.40333343508227,
            "nete": 0.3,
            "precision": 0.5,
            "recall": 0.5,
            "f1": 0.4712664854972861
        },
        {
            "mae": 52.05176489797391,
            "rmse": 57.97509144128299,
            "nete": 0.3,
            "precision": 0.5,
            "recall": 0.5109491891045489,
            "f1": 0.48623328346785466
        },
        {
            "mae": 51.7208061487212,
            "rmse": 57.23029048013454,
            "nete": 0.3,
            "precision": 0.5084233582179809,
            "recall": 0.5355838093639395,
            "f1": 0.5220035837909602
        },
        {
            "mae": 49.34332637184955,
            "rmse": 59.56230134840853,
            "nete": 0.3,
            "precision": 0.5,
            "recall": 0.5591982879897718,
            "f1": 0.514445409823617
        },
        {
            "mae": 48.12625578952763,
            "rmse": 55.76452279081383,
            "nete": 0.3,
            "precision": 0.5105443156108646,
            "recall": 0.5377200576395637,
            "f1": 0.5241321866252141
        },
        {
            "mae": 46.87248006311867,
            "rmse": 57.522897583068904,
            "nete": 0.3,
            "precision": 0.5,
            "recall": 0.5882749656172166,
            "f1": 0.5333298624116439
        },
        {
            "mae": 45.12114417801593,
            "rmse": 52.57609656033176,
            "nete": 0.3,
            "precision": 0.5359006616055126,
            "recall": 0.5908561354362816,
            "f1": 0.5633783985208971
        },
        {
            "mae": 44.28077427050833,
            "rmse": 50.28319339140539,
            "nete": 0.3,
            "precision": 0.5529167466748746,
            "recall": 0.6151013432123461,
            "f1": 0.5840090449436104
        },
        {
            "mae": 42.9494935705678,
            "rmse": 48.606452287629054,
            "nete": 0.3,
            "precision": 0.5368478623077415,
            "recall": 0.6094582988455296,
            "f1": 0.5731530805766356
        },
        {
            "mae": 41.779846708521255,
            "rmse": 53.396481319618765,
            "nete": 0.3,
            "precision": 0.5901485095590308,
            "recall": 0.6191898445034606,
            "f1": 0.6046691770312457
        },
        {
            "mae": 40.701080541973674,
            "rmse": 46.764576954896015,
            "nete": 0.3,
            "precision": 0.5697778740499306,
            "recall": 0.6327236759279573,
            "f1": 0.601250774988944
        },
        {
            "mae": 40.18075846388616,
            "rmse": 49.801028299609335,
            "nete": 0.3,
            "precision": 0.5677598235006306,
            "recall": 0.6254976714183477,
            "f1": 0.5966287474594891
        },
        {
            "mae": 38.539347622806964,
            "rmse": 46.43618490320583,
            "nete": 0.3,
            "precision": 0.5827987628557072,
            "recall": 0.668626545678932,
            "f1": 0.6257126542673197
        },
        {
            "mae": 39.02987347023837,
            "rmse": 44.27585168086273,
            "nete": 0.3,
            "precision": 0.6338577171645344,
            "recall": 0.6540404507017709,
            "f1": 0.6439490839331526
        },
        {
            "mae": 36.27706037245996,
            "rmse": 44.64307770730762,
            "nete": 0.3,
            "precision": 0.5714686287235311,
            "recall": 0.7231120765971738,
            "f1": 0.6472903526603524
        },
        {
            "mae": 34.733700389107874,
            "rmse": 43.236698557273066,
            "nete": 0.3,
            "precision": 0.6373575080046325,
            "recall": 0.6669408646822294,