{
    "appliance": "dish washer",
    "window_size": 100,
    "model_params": {
        "input_size": 1,
        "output_size": 1,
        "num_channels": [
            32,
            64,
            128
        ],
        "kernel_size": 3,
        "dropout": 0.2
    },
    "train_params": {
        "lr": 0.001,
        "epochs": 10,
        "patience": 3
    },
    "final_metrics": {
        "train_loss": 13974.8767642551,
        "val_loss": 12076.075996091631,
        "test_loss": 30470.22118316269,
        "test_metrics": {
            "mae": 48.28346633911133,
            "rmse": 174.64157104492188,
            "nete": 0.5737795829772949,
            "sae": 0.5898398398398399,
            "precision": 0.08312244500681332,
            "recall": 0.9907192575406032,
            "f1": 0.1533764367816092
        }
    }
}