{
    "appliance": "washer dryer",
    "window_size": 100,
    "model_params": {
        "input_size": 1,
        "hidden_size": 128,
        "num_layers": 2,
        "output_size": 1,
        "bidirectional": true
    },
    "train_params": {
        "lr": 0.001,
        "epochs": 10,
        "patience": 3
    },
    "final_metrics": {
        "train_loss": 544602.2830018362,
        "val_loss": 1172569.7142359694,
        "test_loss": 4228.845338811666,
        "test_metrics": {
            "mae": 18.916109085083008,
            "rmse": 64.74854278564453,
            "nete": 353.11090087890625,
            "precision": 0.0,
            "recall": 0.0,
            "f1": 0.0
        }
    }
}