{
    "train_loss": [
        0.04567507591137782,
        0.044867421030219866,
        0.04237616848319011,
        0.038483501126707606,
        0.038294065479953315,
        0.03697228946050489,
        0.035611736833587065,
        0.035395819589801626,
        0.034754927599423835,
        0.032958614015705864,
        0.031497167763472236,
        0.03189429554806672,
        0.030827494938013494,
        0.028868828554379555,
        0.02696672300169794,
        0.02370822624309254,
        0.0216087423795994,
        0.020680070313982096,
        0.020698846739899836,
        0.019804560844268015,
        0.01921976775042468,
        0.0180769896514128,
        0.01665970028157143,
        0.017628176188268996,
        0.016025206031856594,
        0.014768548010377644,
        0.013784540214512057,
        0.01291765454436399,
        0.01234965362546191,
        0.011581326057157053,
        0.011710226915164929,
        0.011738745647886453,
        0.011742424169699612,
        0.011328915034014233,
        0.00980113136605548,
        0.008477740145399785,
        0.008849528179171638,
        0.008007033665686983,
        0.009098458568918156,
        0.008403267191941484,
        0.007222232618337486,
        0.007437386226970961,
        0.006846181724853615,
        0.008567133234083337,
        0.008862154953935992,
        0.01012323260193472,
        0.009310914496310031,
        0.010206406125555107,
        0.00944206766669987,
        0.008144893620667015
    ],
    "val_loss": [
        0.04995882970694672,
        0.049110792081730865,
        0.04949172069197985,
        0.04906678897979632,
        0.045449987795244756,
        0.04325508646041417,
        0.042380035683998674,
        0.03965510616327032,
        0.03849267397939503,
        0.03769189238708146,
        0.035072026151645855,
        0.03548901032547006,
        0.03436886968491417,
        0.03335104289460287,
        0.030958948901165427,
        0.03158306056730812,
        0.030112181406443356,
        0.030013615941496083,
        0.028745193483073198,
        0.02865876154466145,
        0.026886213294755136,
        0.022079715467370004,
        0.022056051259212284,
        0.020509584997682448,
        0.02159168449613265,
        0.02131043807095954,
        0.02059262245410986,
        0.0187572709127719,
        0.019403334915256188,
        0.019082213654922225,
        0.0181036121036896,
        0.017262220084443506,
        0.016178705848543293,
        0.013965530585131239,
        0.016433701703949602,
        0.013308981431721881,
        0.015322404882685997,
        0.014963917946456814,
        0.016106926526250086,
        0.016913100024453984,
        0.01686810835119299,
        0.014613522734604693,
        0.014024997616983954,
        0.014260983939170892,
        0.017279338010630817,
        0.01431628540447704,
        0.011776460221125534,
        0.012919568464003746,
        0.013024875483743915,
        0.010821242027338734
    ],
    "val_metrics": [
        {
            "mae": 50.79494883151249,
            "rmse": 56.00681692406932,
            "nete": 0.3,
            "precision": 0.5,
            "recall": 0.5,
            "f1": 0.44934084055504697
        },
        {
            "mae": 49.4880669564955,
            "rmse": 58.55449639683983,
            "nete": 0.3,
            "precision": 0.5,
            "recall": 0.5,
            "f1": 0.47611556977958935
        },
        {
            "mae": 48.644425033120996,
            "rmse": 58.548622853610475,
            "nete": 0.3,
            "precision": 0.5,
            "recall": 0.5,
            "f1": 0.4828434662921976
        },
        {
            "mae": 46.61853957692889,
            "rmse": 57.1551543197131,
            "nete": 0.3,
            "precision": 0.5,
            "recall": 0.521205739976408,
            "f1": 0.5035656533556004
        },
        {
            "mae": 45.07002046444581,
            "rmse": 52.9373668242041,
            "nete": 0.3,
            "precision": 0.5,
            "recall": 0.5202685181137859,
            "f1": 0.5038336677002638
        },
        {
            "mae": 45.3678486902119,
            "rmse": 57.87967146415096,
            "nete": 0.3,
            "precision": 0.5,
            "recall": 0.5563176067923447,
            "f1": 0.5193388343211964
        },
        {
            "mae": 43.8760545434242,
            "rmse": 49.769392922588835,
            "nete": 0.3,
            "precision": 0.5246772563659114,
            "recall": 0.5640945257689531,
            "f1": 0.5443858910674323
        },
        {
            "mae": 41.515465523334,
            "rmse": 48.02409551481126,
            "nete": 0.3,
            "precision": 0.5414619460210353,
            "recall": 0.5663829036132235,
            "f1": 0.5539224248171295
        },
        {
            "mae": 41.07322161465695,
            "rmse": 46.74842798537002,
            "nete": 0.3,
            "precision": 0.5718925274831848,
            "recall": 0.6016749965072397,
            "f1": 0.5867837619952122
        },
        {
            "mae": 39.14672613753275,
            "rmse": 44.58212761144452,
            "nete": 0.3,
            "precision": 0.5513170539024692,
            "recall": 0.6325670455215654,
            "f1": 0.5919420497120174
        },
        {
            "mae": 38.16403628573839,
            "rmse": 44.33744815387315,
            "nete": 0.3,
            "precision": 0.5683521675228674,
            "recall": 0.640732595394795,
            "f1": 0.6045423814588311
        },
        {
            "mae": 36.9970709816767,
            "rmse": 43.13566163128601,
            "nete": 0.3,
            "precision": 0.5922119627581819,
            "recall": 0.6272873981979918,
            "f1": 0.6097496804780869
        },
        {
            "mae": 36.149854928749,
            "rmse": 43.437524386979725,
            "nete": 0.3,
            "precision": 0.6204543062363984,
            "recall": 0.655318381057717,
            "f1": 0.6378863436470577
        },
        {
            "mae": 35.66516673221903,
            "rmse": 42.45972790982788,
            "nete": 0.3,
            "precision": 0.5975576458119006,
            "recall": 0.6836655406171738,
            "f1": 0.6406115932145372
        },
        {
            "mae": 34.17074688942395,
            "rmse": 39.23036575853394,
            "nete": 0.3,
            "precision": 0.627485253408463,
            "recall": 0.7101161678993018,
            "f1": 0.6688007106538824
        },
        {
            "mae": 33.574610088653934,
            "rmse": 40.96162316111741,
            "nete": 0.3,
            "precision": 0.6490085162509954,
            "recall": 0.7122183911673995,
            "f1": 0.6806134537091973
        },
        {
            "mae": 32.90648978938003,
            "rmse": 39.28679580931895,
            "nete": 0.3,
            "precision": 0.643278584758315,
            "recall": 0.7393895897466431,
            "f1": 0.6913340872524791
        },
        {
            "mae": 31.601871921431282,
            "rmse": 37.39137225345345,
            "nete": 0.3,
            "precision": 0.6683095580082469,
            "recall": 0.7390875475003189,
            "f1": 0.7036985527542828
        },
        {
            "mae": 30.435624604163323,
            "rmse": 36.44428234317841,
            "nete": 0.3,
            "precision": 0.682202346298084,
            "recall": 0.7415928820487475,
            "f1": 0.7118976141734157
        },
        {
            "mae": 30.5028339623018,
            "rmse": 37.96530867072153,
            "nete": 0.3,
            "precision": 0.7003789275290646,
            "recall": 0.7624959322376587,
            "f1": 0.7314374298833616
        },
        {
            "mae": 29.41088079335293,
            "rmse": 33.34834786976655,
            "nete": 0.2992713093455686,