{
    "train_loss": [
        0.0413561208329373,
        0.039571374400500924,
        0.03692525160095042,
        0.033709009493825354,
        0.03359724475282961,
        0.033453374861644125,
        0.02917360483181123,
        0.02850095200880985,
        0.025750767483967384,
        0.02433172037084535,
        0.022899805165844094,
        0.02028326025111576,
        0.018494796781005643,
        0.017709392256901282,
        0.01586102041129192,
        0.015270475401389027,
        0.014793677799011735,
        0.0145637948035174,
        0.012855456921577208,
        0.012164660239551995,
        0.012408548762455325,
        0.011049638333233656,
        0.009431127836630034,
        0.009830577623069528,
        0.0089240717420595,
        0.007901289045504821,
        0.008553246383567326,
        0.00800451561584487,
        0.006871319023886157,
        0.005907501007772335,
        0.004087770719726856,
        0.0014893819120503867,
        0.002814403264701789,
        0.0032141106149049985,
        0.004811020696046126,
        0.004827435917928573,
        0.005112152637767011,
        0.004213881228876538,
        0.005609344123654708,
        0.005199330550832569,
        0.004550418872664262,
        0.0035084895310620538,
        0.002659282618116926,
        0.001184865763460083,
        0.001,
        0.001,
        0.001,
        0.0015352068687552436,
        0.001,
        0.005942253944579424
    ],
    "val_loss": [
        0.04584478421961752,
        0.043952081623388546,
        0.04134433173553493,
        0.03863203230011961,
        0.037829324773625314,
        0.037126043604726336,
        0.03373028311486797,
        0.03225112691328168,
        0.029038305858165754,
        0.027548306389387614,
        0.026279915954886383,
        0.025902690630505557,
        0.02565859470746839,
        0.024289497806389747,
        0.0225619175882503,
        0.021314998335578348,
        0.018247036491770726,
        0.018081215454219857,
        0.01822543156174632,
        0.018486129773619735,
        0.01975597328809557,
        0.01750712573810383,
        0.015370870368801042,
        0.013330379794434586,
        0.013274515505483541,
        0.011675616795680015,
        0.011204918912766268,
        0.011112859253505624,
        0.011929718896623736,
        0.011658640315124192,
        0.011929759548362165,
        0.01025252752751598,
        0.009773503359316154,
        0.007813220953569028,
        0.0070515717308484325,
        0.00805221991376498,
        0.007983200122754969,
        0.0075452358810126924,
        0.007889811329837442,
        0.007459297078374198,
        0.006819022922684329,
        0.008625089826430853,
        0.007056432428797985,
        0.009047188476676916,
        0.007111678234227323,
        0.007080303336260437,
        0.00816167039253458,
        0.005719086344600218,
        0.004039230305161597,
        0.008728867236328073
    ],
    "val_metrics": [
        {
            "mae": 46.921506406513735,
            "rmse": 57.61858796492141,
            "nete": 0.3,
            "precision": 0.5,
            "recall": 0.5,
            "f1": 0.4545129446723125
        },
        {
            "mae": 45.40603512514313,
            "rmse": 54.894115451327444,
            "nete": 0.3,
            "precision": 0.5,
            "recall": 0.5,
            "f1": 0.4723603769608481
        },
        {
            "mae": 43.98981458678863,
            "rmse": 54.85620697849355,
            "nete": 0.3,
            "precision": 0.5,
            "recall": 0.5309919581645152,
            "f1": 0.49713579439069977
        },
        {
            "mae": 42.94059404745111,
            "rmse": 52.357256579360154,
            "nete": 0.3,
            "precision": 0.5,
            "recall": 0.5415888468845671,
            "f1": 0.5151249958582145
        },
        {
            "mae": 42.136086865378125,
            "rmse": 51.64594383842238,
            "nete": 0.3,
            "precision": 0.5,
            "recall": 0.5535994579790844,
            "f1": 0.5171044380752466
        },
        {
            "mae": 40.965236754985774,
            "rmse": 48.50996788209366,
            "nete": 0.3,
            "precision": 0.5281852061569192,
            "recall": 0.5577227908646613,
            "f1": 0.5429539985107902
        },
        {
            "mae": 39.67634385658127,
            "rmse": 45.13262208422199,
            "nete": 0.3,
            "precision": 0.509826225423722,
            "recall": 0.5962973309492174,
            "f1": 0.5530617781864697
        },
        {
            "mae": 38.84353405849821,
            "rmse": 48.670549151783234,
            "nete": 0.3,
            "precision": 0.5189892562702072,
            "recall": 0.6196923339628962,
            "f1": 0.5693407951165517
        },
        {
            "mae": 37.63167916846958,
            "rmse": 46.56237500667147,
            "nete": 0.3,
            "precision": 0.5668270550255304,
            "recall": 0.6145012384639296,
            "f1": 0.5906641467447301
        },
        {
            "mae": 36.484705819848365,
            "rmse": 44.410714208315504,
            "nete": 0.3,
            "precision": 0.5554173120697263,
            "recall": 0.627329237095337,
            "f1": 0.5913732745825316
        },
        {
            "mae": 34.98281587992678,
            "rmse": 39.74582138709031,
            "nete": 0.3,
            "precision": 0.5591367653929493,
            "recall": 0.6450636940887111,
            "f1": 0.6021002297408301
        },
        {
            "mae": 35.19389893422985,
            "rmse": 41.03657324338764,
            "nete": 0.3,
            "precision": 0.6244147764325332,
            "recall": 0.6676055047000856,
            "f1": 0.6460101405663095
        },
        {
            "mae": 33.29741991097336,
            "rmse": 39.99625528982757,
            "nete": 0.3,
            "precision": 0.6436816634524861,
            "recall": 0.6661904482522901,
            "f1": 0.6549360558523881
        },
        {
            "mae": 32.27166832753516,
            "rmse": 39.58158395267361,
            "nete": 0.3,
            "precision": 0.6041400342923671,
            "recall": 0.6666686905348903,
            "f1": 0.6354043624136287
        },
        {
            "mae": 31.153193401433317,
            "rmse": 40.57117941772028,
            "nete": 0.3,
            "precision": 0.6621354690794583,
            "recall": 0.7097164909301956,
            "f1": 0.685925980004827
        },
        {
            "mae": 30.6241197533716,
            "rmse": 37.025287901870264,
            "nete": 0.3,
            "precision": 0.6659162655618996,
            "recall": 0.6983669664628185,
            "f1": 0.682141616012359
        },
        {
            "mae": 29.567484275356765,
            "rmse": 34.46861028339723,
            "nete": 0.29063305459308514,
            "precision": 0.6595541848434014,
            "recall": 0.7428073813624371,
            "f1": 0.7011807831029193
        },
        {
            "mae": 29.34961138921381,
            "rmse": 34.250818295274776,
            "nete": 0.29888793604258557,
            "precision": 0.6948944561889541,
            "recall": 0.7273079526519587,
            "f1": 0.7111012044204564
        },
        {
            "mae": 28.07070740430166,
            "rmse": 33.61945541016295,
            "nete": 0.2772656779138322,
            "precision": 0.7042069754181458,
            "recall": 0.7487025907118868,
            "f1": 0.7264547830650163
        },
        {
            "mae": 27.131226072755265,
            "rmse": 34.0322191604544,
            "nete": 0.264441019875883,
            "precision": 0.6958924057503704,
            "recall": 0.7983062200956927,
            "f1": 0.7470993129230314
        },
        {
            "mae": 26.24727177741503,
            "rmse": 31.20219597800954,