{
    "train_loss": [
        0.05751514832278549,
        0.05459732763611592,
        0.052312211914589624,
        0.05027669175950006,
        0.049363725413921006,
        0.04774589461853066,
        0.04645791623426313,
        0.043843478777065945,
        0.0413102935584633,
        0.03827888654747264,
        0.035901117033017814,
        0.03485220097349899,
        0.0326963286851276,
        0.031428277833122145,
        0.030912386627768934,
        0.028701649300456256,
        0.029724651522592013,
        0.027497849500568963,
        0.02539293391270456,
        0.02433925454391431,
        0.023263894590494244,
        0.023019682295530666,
        0.02192506459956714,
        0.02019841863877188,
        0.018317634492091353,
        0.017950238004664748,
        0.016383733151667284,
        0.016004924779965613,
        0.017009607337756003,
        0.01638333885695134,
        0.01460124631762855,
        0.015402169505993114,
        0.0147229010524225,
        0.013420417431562597,
        0.014397976704330158,
        0.014787506929416074,
        0.015337965668989912,
        0.01463508193047004,
        0.011981654356629096,
        0.011942740012744195,
        0.011361382360667326,
        0.00933329294948656,
        0.009066421441207347,
        0.008048389521581743,
        0.007168528899092055,
        0.007004692807994905,
        0.006180271986768961,
        0.005295890171214746,
        0.005205734641294177,
        0.016828784159090004
    ],
    "val_loss": [
        0.06882746778616874,
        0.06480732445541716,
        0.061054769355431644,
        0.05983883421162815,
        0.058270670468557086,
        0.05444765592556536,
        0.05377278266999934,
        0.05290775809267741,
        0.05291682980430702,
        0.0509884399041876,
        0.046847237683904336,
        0.046861815834468704,
        0.042796981848023906,
        0.040908283221767795,
        0.036584452629510586,
        0.03460877571818057,
        0.03333964760348345,
        0.032586992391417796,
        0.03159824962247955,
        0.030545254752308522,
        0.02672247879159215,
        0.0261706664103072,
        0.025021317829545496,
        0.024385621616435718,
        0.021791103206671852,
        0.02084774990489799,
        0.02119494298064235,
        0.018805171018963895,
        0.019860087704643807,
        0.01920250579979891,
        0.018971699048215163,
        0.01817227798129277,
        0.017554478496723064,
        0.016091438303140727,
        0.018517006945894053,
        0.017526882275886876,
        0.019475791312366625,
        0.01901494482967842,
        0.017457394996470928,
        0.017177987081765596,
        0.018547388329067663,
        0.015226459438651696,
        0.013345448306471455,
        0.012006460318519445,
        0.010452821022801023,
        0.010615850036173654,
        0.010828580945678653,
        0.010876690450524579,
        0.009694231970092887,
        0.021493293979701355
    ],
    "val_metrics": [
        {
            "mae": 77.56649332639374,
            "rmse": 91.17503910929004,
            "nete": 0.3,
            "precision": 0.5,
            "recall": 0.5,
            "f1": 0.4542189883916915
        },
        {
            "mae": 75.4105717001345,
            "rmse": 94.43446195714169,
            "nete": 0.3,
            "precision": 0.5,
            "recall": 0.5,
            "f1": 0.4655569644890741
        },
        {
            "mae": 72.82133405687101,
            "rmse": 94.99334876157134,
            "nete": 0.3,
            "precision": 0.5,
            "recall": 0.5,
            "f1": 0.4677218170043591
        },
        {
            "mae": 70.38630925790764,
            "rmse": 86.95553177927289,
            "nete": 0.3,
            "precision": 0.5,
            "recall": 0.5138649706870386,
            "f1": 0.49609452249990177
        },
        {
            "mae": 69.5642494931383,
            "rmse": 81.89197540182572,
            "nete": 0.3,
            "precision": 0.5,
            "recall": 0.5193015178806427,
            "f1": 0.5053982722229193
        },
        {
            "mae": 66.81708848485698,
            "rmse": 83.20813037134452,
            "nete": 0.3,
            "precision": 0.5,
            "recall": 0.5680629033685461,
            "f1": 0.5318913766876241
        },
        {
            "mae": 65.78102040955504,
            "rmse": 78.54857733614827,
            "nete": 0.3,
            "precision": 0.5,
            "recall": 0.558594469358804,
            "f1": 0.5289702386780687
        },
        {
            "mae": 63.35559603992734,
            "rmse": 71.9187529651121,
            "nete": 0.3,
            "precision": 0.500282737117967,
            "recall": 0.5797847883894888,
            "f1": 0.5400337627537278
        },
        {
            "mae": 60.81362157369038,
            "rmse": 72.90881540648063,
            "nete": 0.3,
            "precision": 0.5293269445369525,
            "recall": 0.6111533200448352,
            "f1": 0.5702401322908939
        },
        {
            "mae": 60.700168966476724,
            "rmse": 71.78125040045431,
            "nete": 0.3,
            "precision": 0.5737637119390795,
            "recall": 0.594003536617872,
            "f1": 0.5838836242784757
        },
        {
            "mae": 57.705022957605316,
            "rmse": 71.1887418091376,
            "nete": 0.3,
            "precision": 0.5936448515540708,
            "recall": 0.6247663171921489,
            "f1": 0.6092055843731099
        },
        {
            "mae": 58.18364217451856,
            "rmse": 69.51560487107628,
            "nete": 0.3,
            "precision": 0.5966416489954356,
            "recall": 0.674867677340429,
            "f1": 0.6357546631679323
        },
        {
            "mae": 54.278517137095434,
            "rmse": 67.36448793628806,
            "nete": 0.3,
            "precision": 0.6165276004876497,
            "recall": 0.651670698859078,
            "f1": 0.6340991496733638
        },
        {
            "mae": 53.90499409676195,
            "rmse": 70.31958596180975,
            "nete": 0.3,
            "precision": 0.6019037746846062,
            "recall": 0.6789418817258888,
            "f1": 0.6404228282052475
        },
        {
            "mae": 52.79892166591043,
            "rmse": 61.259314913353634,
            "nete": 0.3,
            "precision": 0.6007895630315382,
            "recall": 0.6874373342078912,
            "f1": 0.6441134486197146
        },
        {
            "mae": 51.44505989985716,
            "rmse": 63.297624080842056,
            "nete": 0.3,
            "precision": 0.6485888794120247,
            "recall": 0.6994349224114693,
            "f1": 0.674011900911747
        },
        {
            "mae": 48.646419004888706,
            "rmse": 57.93148977696068,
            "nete": 0.3,
            "precision": 0.682644128559776,
            "recall": 0.6916432861329004,
            "f1": 0.6871437073463381
        },
        {
            "mae": 47.669838226657966,
            "rmse": 56.75818395909356,
            "nete": 0.3,
            "precision": 0.7025520596060042,
            "recall": 0.7178682605647997,
            "f1": 0.7102101600854019
        },
        {
            "mae": 45.6697541426392,
            "rmse": 52.9761743823376,
            "nete": 0.3,
            "precision": 0.6719029615989376,
            "recall": 0.7553848484581799,
            "f1": 0.7136439050285587
        },
        {
            "mae": 44.95162459686509,
            "rmse": 53.559589039707525,
            "nete": 0.3,
            "precision": 0.6822027047278424,
            "recall": 0.7603953002607963,
            "f1": 0.7212990024943194
        },
        {
            "mae": 44.79183262283529,
            "rmse": 54.424423123012474,
            "nete": 0.3,
            "precision": 0.6860060401797956,