{
    "appliance": "fridge",
    "window_size": 100,
    "model_params": {
        "input_size": 1,
        "output_size": 1,
        "hidden_size": 128,
        "num_layers": 1,
        "dt": 0.1,
        "advanced": false
    },
    "train_params": {
        "lr": 0.001,
        "epochs": 20,
        "patience": 10
    },
    "final_metrics": {
        "train_loss": 4194.371763102214,
        "val_loss": 4876.315224965413,
        "test_loss": 5801.88601689148,
        "test_metrics": {
            "mae": 51.81740188598633,
            "rmse": 76.12158203125,
            "nete": 0.25471338629722595,
            "sae": 38.0771598815918,
            "traditional_sae": 0.7501251251251251,
            "precision": 0.24987487487487486,
            "recall": 1.0,
            "f1": 0.3998398238061868
        },
        "aggregates": {
            "train_loss_mean": 4709.178887990315,
            "train_loss_var": 299949.03855799633,
            "val_loss_mean": 5190.343163494534,
            "val_loss_var": 108843.34778079402,
            "train_mae_mean": 52.7716064453125,
            "train_mae_var": 10.901748657226562,
            "val_mae_mean": 55.49070358276367,
            "val_mae_var": 7.665732383728027,
            "train_sae_mean": 7.722944736480713,
            "train_sae_var": 49.40216827392578,
            "val_sae_mean": 20.302696228027344,
            "val_sae_var": 9.780862808227539,
            "train_f1_mean": 0.530842676410756,
            "train_f1_var": 0.0002672051990720904,
            "val_f1_mean": 0.564820602575322,
            "val_f1_var": 0.0,
            "test_mae": 51.81740188598633,
            "test_sae": 38.0771598815918,
            "test_f1": 0.3998398238061868,
            "test_loss": 5801.88601689148
        }
    }
}