{
    "train_loss": [
        0.046182122441872885,
        0.04350261645796592,
        0.04069528005015842,
        0.03791520848748386,
        0.036531780853266464,
        0.03572526259598709,
        0.034014845975935834,
        0.03212828728733097,
        0.030179599233635366,
        0.02708121897779209,
        0.02538534440311488,
        0.02371700288938183,
        0.02234068592615987,
        0.019989686792172785,
        0.017504522584089615,
        0.015546194095329606,
        0.01343589493639668,
        0.012525592091679,
        0.01022799627014203,
        0.009970523836724962,
        0.009195336466706918,
        0.007763741516049048,
        0.006674346591983253,
        0.00513792514352851,
        0.0029823078345360553,
        0.0014338243646359182,
        0.0021200983810799527,
        0.002745004801914201,
        0.002921148143150285,
        0.001,
        0.001,
        0.001,
        0.001,
        0.001,
        0.001,
        0.001,
        0.0022682350507657128,
        0.0020970426511909375,
        0.0028222193388856972,
        0.003589728776087958,
        0.0031795337110282723,
        0.004688622003170546,
        0.004199614262620901,
        0.004939348357082162,
        0.005170543690606087,
        0.005127888098309776,
        0.005513651402516162,
        0.005245433378443327,
        0.0032124569336076728,
        0.006860013998181493
    ],
    "val_loss": [
        0.0543185425601335,
        0.05120825643397989,
        0.04473004405266635,
        0.0426341731744563,
        0.042795102368076154,
        0.04038245745981454,
        0.03771558827473263,
        0.036167725351030064,
        0.035523217672238684,
        0.033316944025235225,
        0.03139431817054734,
        0.032862795972706645,
        0.03007087697764155,
        0.026579389857800777,
        0.025959223508606126,
        0.02413605586804235,
        0.02537838093394799,
        0.022464704936718465,
        0.021709957020142952,
        0.024885611653167564,
        0.022159029351762307,
        0.024332546736967435,
        0.02185687718298421,
        0.021804485434046488,
        0.018263525033101215,
        0.017352665328466074,
        0.01537485655568992,
        0.013745634221844773,
        0.015277715190837376,
        0.015684834032643653,
        0.016297819776178085,
        0.016269465929177728,
        0.013234041521175417,
        0.01182023568085178,
        0.013574545205816644,
        0.01322435945422823,
        0.010401116405433564,
        0.009183943935461642,
        0.011259924197931016,
        0.01086289653018663,
        0.01132950495796741,
        0.011960188491494385,
        0.011863459823720373,
        0.013179687625874709,
        0.012863209853988445,
        0.010377214530593194,
        0.010071128381187278,
        0.007507705047365493,
        0.007467334178356312,
        0.008641834753100604
    ],
    "val_metrics": [
        {
            "mae": 52.56027457095439,
            "rmse": 61.64159317197819,
            "nete": 0.3,
            "precision": 0.5,
            "recall": 0.5029024786744936,
            "f1": 0.4848854639565293
        },
        {
            "mae": 50.77482764667308,
            "rmse": 58.61276736143456,
            "nete": 0.3,
            "precision": 0.5,
            "recall": 0.5140820864321443,
            "f1": 0.48738271478878165
        },
        {
            "mae": 49.38084476450282,
            "rmse": 61.059480761029114,
            "nete": 0.3,
            "precision": 0.5128242539090857,
            "recall": 0.5385500303048073,
            "f1": 0.5256871421069466
        },
        {
            "mae": 48.60954601152769,
            "rmse": 60.99532403015941,
            "nete": 0.3,
            "precision": 0.5,
            "recall": 0.529461576488455,
            "f1": 0.5117816115069723
        },
        {
            "mae": 46.98946700732811,
            "rmse": 53.39018201008542,
            "nete": 0.3,
            "precision": 0.5171111110868379,
            "recall": 0.6137297060365556,
            "f1": 0.5654204085616968
        },
        {
            "mae": 44.7770377069877,
            "rmse": 52.43056887833686,
            "nete": 0.3,
            "precision": 0.5216735774064958,
            "recall": 0.6105010559807813,
            "f1": 0.5660873166936384
        },
        {
            "mae": 44.79017168555286,
            "rmse": 53.0664183389517,
            "nete": 0.3,
            "precision": 0.5645034380945622,
            "recall": 0.6002952491193262,
            "f1": 0.5823993436069441
        },
        {
            "mae": 42.67747103434158,
            "rmse": 50.032967819848565,
            "nete": 0.3,
            "precision": 0.5235495439194829,
            "recall": 0.6703157041572654,
            "f1": 0.5969326240383741
        },
        {
            "mae": 42.66034073772174,
            "rmse": 50.29652461845909,
            "nete": 0.3,
            "precision": 0.5868440466816682,
            "recall": 0.6616659853175626,
            "f1": 0.6242550159996154
        },
        {
            "mae": 41.30919694799025,
            "rmse": 51.01369049481332,
            "nete": 0.3,
            "precision": 0.6314335545921735,
            "recall": 0.6445120270593993,
            "f1": 0.6379727908257864
        },
        {
            "mae": 39.0036476295413,
            "rmse": 49.18667485687275,
            "nete": 0.3,
            "precision": 0.638482473475359,
            "recall": 0.6922919160743672,
            "f1": 0.6653871947748631
        },
        {
            "mae": 38.23941316187119,
            "rmse": 46.245192964433016,
            "nete": 0.3,
            "precision": 0.6264908790458107,
            "recall": 0.6995358788451493,
            "f1": 0.6630133789454801
        },
        {
            "mae": 37.73407873710144,
            "rmse": 46.53413869231312,
            "nete": 0.3,
            "precision": 0.6254320722569967,
            "recall": 0.6935911497528567,
            "f1": 0.6595116110049267
        },
        {
            "mae": 35.99901947411051,
            "rmse": 43.65045773601423,
            "nete": 0.3,
            "precision": 0.6622453262959558,
            "recall": 0.7591752873239916,
            "f1": 0.7107103068099737
        },
        {
            "mae": 34.579557177301595,
            "rmse": 41.493445747115,
            "nete": 0.3,
            "precision": 0.6794114880974482,
            "recall": 0.7151335270917409,
            "f1": 0.6972725075945946
        },
        {
            "mae": 34.39412470066884,
            "rmse": 41.84637081402661,
            "nete": 0.3,
            "precision": 0.6659804384411396,
            "recall": 0.7306631183481959,
            "f1": 0.6983217783946678
        },
        {
            "mae": 33.93715062092007,
            "rmse": 40.39213937030871,
            "nete": 0.3,
            "precision": 0.7045682891590257,
            "recall": 0.7889969620548744,
            "f1": 0.7467826256069501
        },
        {
            "mae": 31.276344396685136,
            "rmse": 35.10336601199375,
            "nete": 0.3,
            "precision": 0.7412443864308395,
            "recall": 0.7773060714325774,
            "f1": 0.7592752289317084
        },
        {
            "mae": 32.15310679104267,
            "rmse": 36.88980420429281,
            "nete": 0.3,
            "precision": 0.7308096569526297,
            "recall": 0.8178994611876685,
            "f1": 0.774354559070149
        },
        {
            "mae": 29.944625590830213,
            "rmse": 36.23520872472739,
            "nete": 0.29941634698682557,
            "precision": 0.7150238124110009,
            "recall": 0.8074511506186492,
            "f1": 0.7612374815148251
        },
        {
            "mae": 30.073762570692768,
            "rmse": 33.56496558631965,
            "nete": 0.3,