{
    "train_loss": [
        0.04774588308571721,
        0.04428392536247638,
        0.04169815765988577,
        0.03952441743092261,
        0.037267439054360876,
        0.03487050083768225,
        0.03325020631490661,
        0.03108644609283304,
        0.029485931888126354,
        0.02794004984590207,
        0.024784480549362196,
        0.02361399196677835,
        0.02406382567096157,
        0.022943094043578804,
        0.023402543531057075,
        0.020988693819731133,
        0.019913769728000238,
        0.0183785767684002,
        0.017866793125571632,
        0.01730942674477803,
        0.017024547102570866,
        0.01576523109101621,
        0.014908759932149294,
        0.013071325185178473,
        0.011098972063918052,
        0.01137388251931814,
        0.009615689310027573,
        0.00873003422594313,
        0.009449720213347577,
        0.008955776256003394,
        0.00890975174609257,
        0.0070844657019934485,
        0.006459709633685337,
        0.005434291591339464,
        0.004479626932074418,
        0.0017637067619259744,
        0.001,
        0.001,
        0.001,
        0.001,
        0.001,
        0.001,
        0.001,
        0.001,
        0.0010623188655086773,
        0.001,
        0.002683677441296811,
        0.001680461405370503,
        0.002975277266288691,
        0.008284572335697082
    ],
    "val_loss": [
        0.05213317724000307,
        0.04984066590296278,
        0.045783065542880065,
        0.043500638302468746,
        0.041130811007078924,
        0.040201787633960345,
        0.03769028542013835,
        0.03655409962330866,
        0.037300858459041804,
        0.035126248497776444,
        0.034105702877749576,
        0.03346713430309239,
        0.029755112297841193,
        0.030758754512336024,
        0.029710717905047243,
        0.029377772002796496,
        0.027381299083297644,
        0.02710377063028835,
        0.02646981301781401,
        0.02337347557915045,
        0.02143362765888118,
        0.019020004149564677,
        0.022977542403366746,
        0.023995330403669107,
        0.020884027300388932,
        0.019041929657764713,
        0.01923988799267778,
        0.016375677812441813,
        0.014704306367672754,
        0.012158351891839878,
        0.011355239333397198,
        0.010021405840911345,
        0.009524406852428046,
        0.011579902516153926,
        0.01129271951992969,
        0.010913210052921956,
        0.010420069550990327,
        0.011250692155914465,
        0.009853662194987347,
        0.007368496230249988,
        0.006028096733699412,
        0.0058708322715447184,
        0.008017510302433011,
        0.009091316045159163,
        0.005232855391789914,
        0.006133882441340471,
        0.005396487932580408,
        0.004839299592915996,
        0.005124041129603126,
        0.011778492264594289
    ],
    "val_metrics": [
        {
            "mae": 53.65018687834137,
            "rmse": 64.63758596853617,
            "nete": 0.3,
            "precision": 0.5,
            "recall": 0.5,
            "f1": 0.4553286966169958
        },
        {
            "mae": 51.988593118178926,
            "rmse": 63.524939118871245,
            "nete": 0.3,
            "precision": 0.5,
            "recall": 0.5200179238205803,
            "f1": 0.4817177959944201
        },
        {
            "mae": 50.955719207603515,
            "rmse": 61.220687687200076,
            "nete": 0.3,
            "precision": 0.5,
            "recall": 0.5047584956805521,
            "f1": 0.49844258746235326
        },
        {
            "mae": 50.117391802059444,
            "rmse": 60.1310652848288,
            "nete": 0.3,
            "precision": 0.5040474802441818,
            "recall": 0.5368473396673301,
            "f1": 0.520447409955756
        },
        {
            "mae": 49.01831792063665,
            "rmse": 62.97458471230179,
            "nete": 0.3,
            "precision": 0.5,
            "recall": 0.5414066827483296,
            "f1": 0.5187809278564474
        },
        {
            "mae": 48.16299927842736,
            "rmse": 61.3030909329063,
            "nete": 0.3,
            "precision": 0.5116808337145128,
            "recall": 0.5761599464818173,
            "f1": 0.5439203900981651
        },
        {
            "mae": 45.44113544518423,
            "rmse": 58.12149313577905,
            "nete": 0.3,
            "precision": 0.515563909626605,
            "recall": 0.5842160138777606,
            "f1": 0.5498899617521829
        },
        {
            "mae": 44.614776229377725,
            "rmse": 55.035352664821296,
            "nete": 0.3,
            "precision": 0.5607440618995935,
            "recall": 0.5907033171449185,
            "f1": 0.5757236895222559
        },
        {
            "mae": 43.56938504529797,
            "rmse": 51.900755525311496,
            "nete": 0.3,
            "precision": 0.5771608998636664,
            "recall": 0.5860025735998414,
            "f1": 0.581581736731754
        },
        {
            "mae": 42.158188784864755,
            "rmse": 51.417519356742154,
            "nete": 0.3,
            "precision": 0.5542990227258972,
            "recall": 0.6310503464036727,
            "f1": 0.5926746845647849
        },
        {
            "mae": 41.20045543516367,
            "rmse": 52.24907414514777,
            "nete": 0.3,
            "precision": 0.5852279259160165,
            "recall": 0.6490253584825638,
            "f1": 0.6171266421992901
        },
        {
            "mae": 40.53437454867697,
            "rmse": 46.48928392252698,
            "nete": 0.3,
            "precision": 0.6121339150261601,
            "recall": 0.662511605161074,
            "f1": 0.637322760093617
        },
        {
            "mae": 38.26258946253066,
            "rmse": 45.80501606470866,
            "nete": 0.3,
            "precision": 0.6007173205174313,
            "recall": 0.6850068135003333,
            "f1": 0.6428620670088823
        },
        {
            "mae": 37.45522832186689,
            "rmse": 46.30141039234019,
            "nete": 0.3,
            "precision": 0.618238355791734,
            "recall": 0.6972802164343851,
            "f1": 0.6577592861130597
        },
        {
            "mae": 36.96840523790811,
            "rmse": 43.651803404437366,
            "nete": 0.3,
            "precision": 0.6434553439724372,
            "recall": 0.717534326321604,
            "f1": 0.6804948351470205
        },
        {
            "mae": 36.391523493585446,
            "rmse": 44.57970915501048,
            "nete": 0.3,
            "precision": 0.672619208316334,
            "recall": 0.744512835018902,
            "f1": 0.7085660216676181
        },
        {
            "mae": 34.41924713626115,
            "rmse": 43.99596681547115,
            "nete": 0.3,
            "precision": 0.6869615489226586,
            "recall": 0.7592350232071953,
            "f1": 0.723098286064927
        },
        {
            "mae": 33.4123603152692,
            "rmse": 41.13308055928422,
            "nete": 0.3,
            "precision": 0.6551910883852647,
            "recall": 0.783445218220686,
            "f1": 0.7193181533029753
        },
        {
            "mae": 32.66023402224515,
            "rmse": 38.851543323305606,
            "nete": 0.3,
            "precision": 0.6807046633533222,
            "recall": 0.8001668769363104,
            "f1": 0.7404357701448162
        },
        {
            "mae": 31.880444531758712,
            "rmse": 38.97255216240533,
            "nete": 0.3,
            "precision": 0.693389341894966,
            "recall": 0.806538386754278,
            "f1": 0.749963864324622
        },
        {
            "mae": 31.260532072837137,
            "rmse": 33.469844070249174,
            "nete": 0.3,
            "precision": 0.707287505847519,
            "recall": 0.7519124561522998,