{
    "timestamp": "20250322_191250",
    "house_number": 5,
    "results": {
        "Fridge": {
            "model_path": "models/gru/house5_20250322_191250\\Fridge\\gru_model_best.pth",
            "final_metrics": {
                "mae": 24.58840359812147,
                "rmse": 29.593089655568555,
                "nete": 0.24749964553635784,
                "precision": 0.746858255611722,
                "recall": 0.8744537769578415,
                "f1": 0.8106560162847818
            }
        },
        "Dishwasher": {
            "model_path": "models/gru/house5_20250322_191250\\Dishwasher\\gru_model_best.pth",
            "final_metrics": {
                "mae": 25.56776961154914,
                "rmse": 29.914679557290384,
                "nete": 0.24891688362663855,
                "precision": 0.8387012097663076,
                "recall": 0.8916707313538078,
                "f1": 0.8651859705600576
            }
        },
        "Microwave": {
            "model_path": "models/gru/house5_20250322_191250\\Microwave\\gru_model_best.pth",
            "final_metrics": {
                "mae": 29.988103703375025,
                "rmse": 36.43579374129709,
                "nete": 0.3,
                "precision": 0.8309306959454336,
                "recall": 0.984785138107052,
                "f1": 0.9078579170262427
            }
        },
        "Washer_Dryer": {
            "model_path": "models/gru/house5_20250322_191250\\Washer_Dryer\\gru_model_best.pth",
            "final_metrics": {
                "mae": 33.038801566100766,
                "rmse": 36.36526839380708,
                "nete": 0.3,
                "precision": 0.8724561802278289,
                "recall": 1.0,
                "f1": 0.9432868742470222
            }
        },
        "Kettle": {
            "model_path": "models/gru/house5_20250322_191250\\Kettle\\gru_model_best.pth",
            "final_metrics": {
                "mae": 21.896776298353664,
                "rmse": 26.998065524196228,
                "nete": 0.22526871508735305,
                "precision": 0.7606131124169553,
                "recall": 0.7967032203941183,
                "f1": 0.7786581664055369
            }
        }
    }
}