{
    "train_loss": [
        0.054172634186663945,
        0.05101359494690165,
        0.04960303575297813,
        0.04660385722291423,
        0.04409493133407039,
        0.042407376040428435,
        0.04123188201277997,
        0.03921327469559771,
        0.03684412365734854,
        0.03517709440006571,
        0.03388705180136864,
        0.03078505057774969,
        0.02976856335374639,
        0.028929465930102545,
        0.027732072477918913,
        0.026885314196710197,
        0.024639494194760535,
        0.024762197475151987,
        0.022429528075719903,
        0.021429109834545372,
        0.019856188120136755,
        0.01980308104007439,
        0.018953894846738352,
        0.018391137146664616,
        0.017898971620029156,
        0.01804061283398143,
        0.01669356375393345,
        0.016392608319279956,
        0.01469503035862212,
        0.012619054733161151,
        0.010598179724860901,
        0.011470711173740078,
        0.009794721560295918,
        0.007718757434395747,
        0.00588758435078428,
        0.0061345718607378205,
        0.006275004706141963,
        0.004144751162266191,
        0.0031062960261933827,
        0.0040716628646457744,
        0.0038953266380445054,
        0.004122204277732883,
        0.0024382329854108057,
        0.0031084507254879813,
        0.0020790069805848308,
        0.0012931948471192247,
        0.001,
        0.001,
        0.001,
        0.009419309428712283
    ],
    "val_loss": [
        0.05888126589599715,
        0.05556427469424673,
        0.05408318754062704,
        0.05117040019594305,
        0.049316262667747406,
        0.04951182981491538,
        0.04803842557876639,
        0.045452639479083706,
        0.045836853524913526,
        0.04288643564516565,
        0.0413198453374736,
        0.0419746430494706,
        0.0398709390041808,
        0.03761524842818612,
        0.03660988307663506,
        0.03264697117772663,
        0.03309712776984539,
        0.031577396971524035,
        0.028391018863739695,
        0.027329285869866774,
        0.026497067056664606,
        0.024439161872937428,
        0.021901589589075274,
        0.02131069400399785,
        0.020793920201030616,
        0.020942643475680506,
        0.020700189362128085,
        0.019975925747069793,
        0.019560805753562414,
        0.01936594560742597,
        0.01790985399310825,
        0.01584017149350312,
        0.014787149479783353,
        0.014708855324519017,
        0.013606706846806949,
        0.01602917176889293,
        0.011446094707521656,
        0.015062791332993866,
        0.015064804325225285,
        0.014072404926128138,
        0.012058607309698172,
        0.013258658960857733,
        0.010128425983387694,
        0.011174563353025397,
        0.008891486242502354,
        0.009818760151963913,
        0.009224120836726276,
        0.009476636835143474,
        0.011012676208045554,
        0.01132772046881284
    ],
    "val_metrics": [
        {
            "mae": 63.33401659270631,
            "rmse": 71.23903046403926,
            "nete": 0.3,
            "precision": 0.5,
            "recall": 0.5,
            "f1": 0.4775243364291577
        },
        {
            "mae": 61.28045782858278,
            "rmse": 73.33568297499185,
            "nete": 0.3,
            "precision": 0.5,
            "recall": 0.5416009126009977,
            "f1": 0.49587451168253643
        },
        {
            "mae": 58.41675936837676,
            "rmse": 67.86596882551767,
            "nete": 0.3,
            "precision": 0.5,
            "recall": 0.5689363333198113,
            "f1": 0.5144690752286502
        },
        {
            "mae": 57.68539721565108,
            "rmse": 71.00898394972529,
            "nete": 0.3,
            "precision": 0.5164497463592194,
            "recall": 0.584809491815748,
            "f1": 0.5506296190874838
        },
        {
            "mae": 55.6040382457807,
            "rmse": 68.43549669969245,
            "nete": 0.3,
            "precision": 0.556158278602557,
            "recall": 0.5597823460538237,
            "f1": 0.5579703123281904
        },
        {
            "mae": 54.607929724735875,
            "rmse": 63.16496284475707,
            "nete": 0.3,
            "precision": 0.5298398354036897,
            "recall": 0.6263597576617603,
            "f1": 0.578099796532725
        },
        {
            "mae": 52.55270570768905,
            "rmse": 62.13587152250121,
            "nete": 0.3,
            "precision": 0.5643059250081872,
            "recall": 0.6118947493079904,
            "f1": 0.5881003371580888
        },
        {
            "mae": 52.00649215847584,
            "rmse": 63.649778521163654,
            "nete": 0.3,
            "precision": 0.5682674948308766,
            "recall": 0.6526737334840026,
            "f1": 0.6104706141574395
        },
        {
            "mae": 50.61494699895678,
            "rmse": 59.97876585521839,
            "nete": 0.3,
            "precision": 0.6057830986702737,
            "recall": 0.6504506406666516,
            "f1": 0.6281168696684627
        },
        {
            "mae": 48.046691944418455,
            "rmse": 57.5454873112398,
            "nete": 0.3,
            "precision": 0.6460666610493638,
            "recall": 0.651241576561769,
            "f1": 0.6486541188055663
        },
        {
            "mae": 47.70658579524783,
            "rmse": 59.210165034849375,
            "nete": 0.3,
            "precision": 0.5896262604082219,
            "recall": 0.6993007751334226,
            "f1": 0.6444635177708221
        },
        {
            "mae": 45.7811796272032,
            "rmse": 52.58157513087429,
            "nete": 0.3,
            "precision": 0.652341947790046,
            "recall": 0.6820482517668125,
            "f1": 0.6671950997784292
        },
        {
            "mae": 44.91918263033628,
            "rmse": 49.59290697481267,
            "nete": 0.3,
            "precision": 0.6462041910294173,
            "recall": 0.7029180762016926,
            "f1": 0.674561133615555
        },
        {
            "mae": 43.2982659356024,
            "rmse": 48.95978407871865,
            "nete": 0.3,
            "precision": 0.6694060079616195,
            "recall": 0.7424297361300166,
            "f1": 0.705917872045818
        },
        {
            "mae": 42.65417250109598,
            "rmse": 52.2883578024975,
            "nete": 0.3,
            "precision": 0.6849084766201843,
            "recall": 0.7676954669614815,
            "f1": 0.7263019717908329
        },
        {
            "mae": 40.8407788907572,
            "rmse": 47.753606362931706,
            "nete": 0.3,
            "precision": 0.7053371974803505,
            "recall": 0.756817373450658,
            "f1": 0.7310772854655042
        },
        {
            "mae": 38.866654131738,
            "rmse": 49.704450028843176,
            "nete": 0.3,
            "precision": 0.7393136945845693,
            "recall": 0.8018448354416094,
            "f1": 0.7705792650130894
        },
        {
            "mae": 38.321568028317046,
            "rmse": 43.933224415229425,
            "nete": 0.3,
            "precision": 0.716573351602468,
            "recall": 0.8090953915445485,
            "f1": 0.7628343715735082
        },
        {
            "mae": 37.52144452601678,
            "rmse": 45.65888369608962,
            "nete": 0.3,
            "precision": 0.725572369024581,
            "recall": 0.8077638811731708,
            "f1": 0.7666681250988759
        },
        {
            "mae": 36.9661393006578,
            "rmse": 42.24180487533168,
            "nete": 0.3,
            "precision": 0.7563591078890521,
            "recall": 0.8248142228637229,
            "f1": 0.7905866653763874
        },
        {
            "mae": 35.632676187623005,
            "rmse": 45.36261067603932,
            "nete": 0.3,