{
    "train_loss": [
        0.04837256111391705,
        0.045212402896808605,
        0.041896654764816875,
        0.04049042056062488,
        0.03761409191079268,
        0.036903782293117485,
        0.03524334515372264,
        0.03339803388884732,
        0.0315874200383583,
        0.02898389802103186,
        0.028351634086172185,
        0.0247626591577085,
        0.024174781474236122,
        0.023373629202816836,
        0.0222131051445991,
        0.02144269163057752,
        0.020259363396134256,
        0.019218357355232682,
        0.01913819721805443,
        0.01850799133264387,
        0.016850842272060778,
        0.016207039031309423,
        0.01591166484294923,
        0.01517953964420478,
        0.017013125158897524,
        0.015944482589514773,
        0.015524232399273714,
        0.015959027822219342,
        0.015492741572489855,
        0.015419936834848423,
        0.015365389918061715,
        0.015483598206765165,
        0.015029391114683884,
        0.013521998864961547,
        0.01403963052100426,
        0.01268377347438562,
        0.013577663894710918,
        0.012390798609764038,
        0.011861431606108652,
        0.009505063462083808,
        0.009349296736553832,
        0.010399104026210434,
        0.010051959041254907,
        0.009011685081641178,
        0.009275184336919144,
        0.009186740349558187,
        0.011531597616951782,
        0.011304437236983308,
        0.010904265833400055,
        0.012149463960537165
    ],
    "val_loss": [
        0.05279118916961291,
        0.05147169247218329,
        0.04777779048376811,
        0.044928711708326914,
        0.04528830296829507,
        0.043618381261080454,
        0.042606755432013386,
        0.041565263129009905,
        0.03964391843742521,
        0.03879626016613285,
        0.03555523783485984,
        0.033708761147586,
        0.029016592162762873,
        0.028226709062288125,
        0.02737883896509307,
        0.02807040477878333,
        0.029959810034728328,
        0.02712924074508346,
        0.024113119855443673,
        0.021905220817546343,
        0.021550105307839858,
        0.02023721258233804,
        0.01870724808509669,
        0.01793851662641502,
        0.019863781416842398,
        0.01874170671899051,
        0.019003780211060705,
        0.01940655194081481,
        0.020139085925497176,
        0.020891155057992033,
        0.018133659413964803,
        0.018257778117103426,
        0.017780860670418078,
        0.0171278806033346,
        0.02041344109682714,
        0.02086778925298524,
        0.018863208833573036,
        0.017459668979553252,
        0.016843030909167625,
        0.014679141343416491,
        0.011816761573381523,
        0.012919059227520957,
        0.012554556993317652,
        0.013804461355111822,
        0.013346985000314036,
        0.014993807554518264,
        0.014772643327316912,
        0.013869659098832475,
        0.01574189920505913,
        0.01605806003007113
    ],
    "val_metrics": [
        {
            "mae": 57.288121580743706,
            "rmse": 68.71199453871088,
            "nete": 0.3,
            "precision": 0.5,
            "recall": 0.5,
            "f1": 0.4354521522567663
        },
        {
            "mae": 56.34713880510013,
            "rmse": 71.48599460154037,
            "nete": 0.3,
            "precision": 0.5,
            "recall": 0.5,
            "f1": 0.456321968819586
        },
        {
            "mae": 55.59457705104332,
            "rmse": 64.406836011167,
            "nete": 0.3,
            "precision": 0.5,
            "recall": 0.5,
            "f1": 0.4683528019700675
        },
        {
            "mae": 52.75110795736206,
            "rmse": 61.6912833691895,
            "nete": 0.3,
            "precision": 0.5,
            "recall": 0.5262281733126969,
            "f1": 0.47584129732074304
        },
        {
            "mae": 52.28562999430849,
            "rmse": 63.07526157086141,
            "nete": 0.3,
            "precision": 0.5,
            "recall": 0.5049730066331456,
            "f1": 0.49778538768903946
        },
        {
            "mae": 50.531737491083234,
            "rmse": 60.36879809886346,
            "nete": 0.3,
            "precision": 0.5,
            "recall": 0.568515031071257,
            "f1": 0.5221409092441923
        },
        {
            "mae": 48.50968911450057,
            "rmse": 57.17665872639572,
            "nete": 0.3,
            "precision": 0.5263514044526703,
            "recall": 0.5324838840011206,
            "f1": 0.5294176442268954
        },
        {
            "mae": 48.801229527674344,
            "rmse": 60.8201293338025,
            "nete": 0.3,
            "precision": 0.5210875747123006,
            "recall": 0.5753027085645103,
            "f1": 0.5481951416384054
        },
        {
            "mae": 46.62320958170278,
            "rmse": 55.232419042924285,
            "nete": 0.3,
            "precision": 0.5446996393935297,
            "recall": 0.5642181340475764,
            "f1": 0.5544588867205531
        },
        {
            "mae": 44.442196893079476,
            "rmse": 51.613849344583976,
            "nete": 0.3,
            "precision": 0.5280801175768489,
            "recall": 0.6210284293453113,
            "f1": 0.5745542734610801
        },
        {
            "mae": 43.642449450092116,
            "rmse": 52.530721865200185,
            "nete": 0.3,
            "precision": 0.5501022477290913,
            "recall": 0.6278853390995625,
            "f1": 0.5889937934143269
        },
        {
            "mae": 43.07717173598119,
            "rmse": 49.78939096082085,
            "nete": 0.3,
            "precision": 0.5424599155586531,
            "recall": 0.6773213496871466,
            "f1": 0.6098906326228999
        },
        {
            "mae": 41.4161420340774,
            "rmse": 49.868455742075504,
            "nete": 0.3,
            "precision": 0.575477023566213,
            "recall": 0.6452451217501386,
            "f1": 0.6103610726581759
        },
        {
            "mae": 40.60512492999569,
            "rmse": 48.76108089409658,
            "nete": 0.3,
            "precision": 0.5978389543905841,
            "recall": 0.6780863460445559,
            "f1": 0.6379626502175699
        },
        {
            "mae": 38.76147917286036,
            "rmse": 47.207255039913434,
            "nete": 0.3,
            "precision": 0.6039947224737914,
            "recall": 0.6972517659523176,
            "f1": 0.6506232442130544
        },
        {
            "mae": 38.10759286621673,
            "rmse": 46.49394726564992,
            "nete": 0.3,
            "precision": 0.6492938093483047,
            "recall": 0.6751202273294498,
            "f1": 0.6622070183388772
        },
        {
            "mae": 36.56600326689039,
            "rmse": 43.97538845929752,
            "nete": 0.3,
            "precision": 0.6522937057580022,
            "recall": 0.658561915186598,
            "f1": 0.6554278104723
        },
        {
            "mae": 36.41411165021318,
            "rmse": 44.22956384021348,
            "nete": 0.3,
            "precision": 0.6674575166563405,
            "recall": 0.6925045931084411,
            "f1": 0.6799810548823907
        },
        {
            "mae": 34.55605864087601,
            "rmse": 38.87826004054027,
            "nete": 0.3,
            "precision": 0.6393268457870261,
            "recall": 0.7195486381008187,
            "f1": 0.6794377419439225
        },
        {
            "mae": 34.14186921451764,
            "rmse": 40.01930811790297,
            "nete": 0.3,
            "precision": 0.6535284219826866,
            "recall": 0.7591584739879974,
            "f1": 0.7063434479853419
        },
        {
            "mae": 31.771195474360084,
            "rmse": 37.618633876315485,
            "nete": 0.3,
            "precision": 0.6742609725303221,