{
    "train_loss": [
        0.04887076696328043,
        0.047006084639838644,
        0.04451810653491482,
        0.045544490939593466,
        0.042567247668981525,
        0.04019971051124719,
        0.0383624968990556,
        0.03314363914301005,
        0.03159692836553905,
        0.03016195606715779,
        0.029212177833978635,
        0.027554974365896986,
        0.0262992110513717,
        0.023036711839855818,
        0.023312006494669073,
        0.022188240140547547,
        0.01861632305013191,
        0.017287187774758492,
        0.01683022091686535,
        0.017581435258253154,
        0.018751306494603555,
        0.01907253534233768,
        0.017341199964968117,
        0.015371401362215195,
        0.01258516338028126,
        0.012528447308882763,
        0.010679211204579625,
        0.00931639067721485,
        0.008734763364171762,
        0.009002354917111047,
        0.008008403231016403,
        0.008712288906779036,
        0.009858834303612632,
        0.009596462478367266,
        0.010322044013277675,
        0.009447102860807808,
        0.010481507281356708,
        0.010113676112547777,
        0.008600311346972879,
        0.008517732770665407,
        0.0077343623186669165,
        0.007351934974183012,
        0.0050240484593556435,
        0.003768558861587251,
        0.003035319549297677,
        0.003016594352486683,
        0.002640545272260385,
        0.0010630346266579569,
        0.0021779294470762565,
        0.006489330221819232
    ],
    "val_loss": [
        0.05480870674377682,
        0.053102829352613706,
        0.050184209988777324,
        0.049821715486573145,
        0.04669561005243061,
        0.044209696036809555,
        0.04256491381880376,
        0.039596348091427425,
        0.03822290850241467,
        0.03743215399533727,
        0.03436433865928246,
        0.03371810269443212,
        0.03009793460932428,
        0.027649754420959013,
        0.026477606819402526,
        0.02529765214757493,
        0.02439834555428713,
        0.025246894430985038,
        0.022057761359086228,
        0.02312121201200648,
        0.023444412538587884,
        0.022026162109454565,
        0.02229355002452475,
        0.018692355027912225,
        0.017346612582602294,
        0.01694425135557646,
        0.01887685676575132,
        0.016851112507128722,
        0.01757872917733994,
        0.01693270824776361,
        0.016343358907416804,
        0.01615575145048772,
        0.01482474713824824,
        0.014178247586375108,
        0.01487969504390746,
        0.012864887318095312,
        0.013281614586064677,
        0.012619359918175166,
        0.012981019130936156,
        0.011283007902387258,
        0.010997661978973153,
        0.009719531722892163,
        0.01065941696734931,
        0.008878081554011192,
        0.0075900850818479085,
        0.006139442430529184,
        0.005158277154036625,
        0.008382415114946303,
        0.008761484882759747,
        0.009866258597627705
    ],
    "val_metrics": [
        {
            "mae": 54.61778981236473,
            "rmse": 65.09274659806974,
            "nete": 0.3,
            "precision": 0.5,
            "recall": 0.5269118516009046,
            "f1": 0.4936878081093095
        },
        {
            "mae": 53.09897250166921,
            "rmse": 62.62228666114176,
            "nete": 0.3,
            "precision": 0.5,
            "recall": 0.5309801882886879,
            "f1": 0.4946643087614771
        },
        {
            "mae": 51.40271409990051,
            "rmse": 61.15572191588962,
            "nete": 0.3,
            "precision": 0.5,
            "recall": 0.5542245197393139,
            "f1": 0.5239655456683552
        },
        {
            "mae": 50.5372240099111,
            "rmse": 59.20786936472733,
            "nete": 0.3,
            "precision": 0.5320567060431423,
            "recall": 0.5834630398915103,
            "f1": 0.5577598729673263
        },
        {
            "mae": 48.34854528601727,
            "rmse": 56.62074767451374,
            "nete": 0.3,
            "precision": 0.5532643591452736,
            "recall": 0.5819421390054907,
            "f1": 0.5676032490753822
        },
        {
            "mae": 47.87454579838495,
            "rmse": 58.9642056329851,
            "nete": 0.3,
            "precision": 0.5173304901669079,
            "recall": 0.5859915014105138,
            "f1": 0.5516609957887109
        },
        {
            "mae": 47.345555594402406,
            "rmse": 62.00580871196029,
            "nete": 0.3,
            "precision": 0.5908675120792011,
            "recall": 0.6191996635013445,
            "f1": 0.6050335877902727
        },
        {
            "mae": 45.17628769689727,
            "rmse": 53.40078742548107,
            "nete": 0.3,
            "precision": 0.5782454041223758,
            "recall": 0.6232368057424853,
            "f1": 0.6007411049324305
        },
        {
            "mae": 43.062427059428586,
            "rmse": 53.718208089556676,
            "nete": 0.3,
            "precision": 0.6020097115516645,
            "recall": 0.6535465582105612,
            "f1": 0.6277781348811128
        },
        {
            "mae": 42.31057433399821,
            "rmse": 55.271421625373,
            "nete": 0.3,
            "precision": 0.5653337009700723,
            "recall": 0.7057719110825569,
            "f1": 0.6355528060263146
        },
        {
            "mae": 40.974442948817526,
            "rmse": 51.18771012043499,
            "nete": 0.3,
            "precision": 0.6092884837045245,
            "recall": 0.6900940376393391,
            "f1": 0.6496912606719318
        },
        {
            "mae": 39.364296275261125,
            "rmse": 45.0405675181597,
            "nete": 0.3,
            "precision": 0.6393023564690481,
            "recall": 0.6964462094800977,
            "f1": 0.667874282974573
        },
        {
            "mae": 39.10132518637135,
            "rmse": 45.68132087476037,
            "nete": 0.3,
            "precision": 0.6565117080978414,
            "recall": 0.715254089887152,
            "f1": 0.6858828989924968
        },
        {
            "mae": 37.95145432460775,
            "rmse": 43.64644077685544,
            "nete": 0.3,
            "precision": 0.6867813071193237,
            "recall": 0.769050258048153,
            "f1": 0.7279157825837385
        },
        {
            "mae": 37.4632828634656,
            "rmse": 45.69732897984848,
            "nete": 0.3,
            "precision": 0.6773661314541497,
            "recall": 0.7670925142834643,
            "f1": 0.7222293228688069
        },
        {
            "mae": 36.33920338055425,
            "rmse": 42.55597679123621,
            "nete": 0.3,
            "precision": 0.7242517607469615,
            "recall": 0.7983152273495311,
            "f1": 0.7612834940482462
        },
        {
            "mae": 35.430344546504124,
            "rmse": 42.10633782257024,
            "nete": 0.3,
            "precision": 0.7380574617773691,
            "recall": 0.7592699627928511,
            "f1": 0.7486637122851101
        },
        {
            "mae": 34.29259578514362,
            "rmse": 41.51415194412636,
            "nete": 0.3,
            "precision": 0.7283911943716207,
            "recall": 0.7808657873142294,
            "f1": 0.7546284908429252
        },
        {
            "mae": 33.11411131770082,
            "rmse": 39.81127546981971,
            "nete": 0.3,
            "precision": 0.7258141383518741,
            "recall": 0.8811527356262499,
            "f1": 0.803483436989062
        },
        {
            "mae": 32.00492995070069,
            "rmse": 39.70094578175454,
            "nete": 0.3,
            "precision": 0.7654815095287711,
            "recall": 0.8347189142668089,
            "f1": 0.80010021189779
        },
        {
            "mae": 31.064580947397584,