{
    "num_runs": 5,
    "best_run": 1,
    "test_mae": {
        "mean": 59.401832580566406,
        "std": 6.204485893249512,
        "min": 54.6767692565918,
        "max": 71.61555480957031,
        "best": 55.803436279296875
    },
    "test_f1": {
        "mean": 0.42098498355957537,
        "std": 0.04229031950677713,
        "min": 0.3998398238061868,
        "max": 0.5055656225731296,
        "best": 0.3998398238061868
    },
    "test_sae": {
        "mean": 42.186073303222656,
        "std": 3.419719934463501,
        "min": 39.87710952758789,
        "max": 48.99300003051758,
        "best": 39.87710952758789
    },
    "val_f1": {
        "mean": 0.564820602575322,
        "std": 0.0,
        "min": 0.564820602575322,
        "max": 0.564820602575322,
        "best": 0.564820602575322
    }
}