{
    "train_loss": [
        0.048696988675504295,
        0.046536654731920736,
        0.04637613576589935,
        0.04606749167033529,
        0.04388344882804642,
        0.042486836642363676,
        0.04138207683614591,
        0.03774983835804948,
        0.035725206440073445,
        0.0332283555498619,
        0.03214452787722618,
        0.02961353973108395,
        0.029491510501675824,
        0.027745499811641688,
        0.026406999359616098,
        0.02417450865703374,
        0.021795941114047597,
        0.021335900691400796,
        0.01996394596604173,
        0.01847910816484928,
        0.017452423403142032,
        0.01635152439494876,
        0.014905447660357781,
        0.01373479143307093,
        0.012105434584171843,
        0.01155412938008531,
        0.010079856703088657,
        0.009701247389041831,
        0.008580378867629964,
        0.008178655620349591,
        0.007246474248899141,
        0.0063210370878335614,
        0.005536225651392064,
        0.003890348216296431,
        0.005697139002353552,
        0.006240398538876213,
        0.0039901067467754125,
        0.005912984540901911,
        0.006673991702704409,
        0.008732345391250649,
        0.008296815987376732,
        0.006604729739300858,
        0.005644795172923318,
        0.004360736546846185,
        0.00344842778524891,
        0.004822540812778041,
        0.0039482017525835494,
        0.0029342108862187013,
        0.004031012287093033,
        0.008766733416313956
    ],
    "val_loss": [
        0.05482964467907373,
        0.052332285978454095,
        0.05069494255419432,
        0.05037086625385206,
        0.04807762126944875,
        0.04661117847448187,
        0.045451180677953215,
        0.044109486888673985,
        0.040615957282999667,
        0.03862634343737455,
        0.03811590191875944,
        0.03621235900479044,
        0.0346656668843145,
        0.031132774802223775,
        0.0297273493275969,
        0.027383234089885432,
        0.02572912592130319,
        0.02622720966351111,
        0.02759616699670809,
        0.026052862897038224,
        0.027201769360878078,
        0.02620455147715589,
        0.025316686438784906,
        0.02406635447520847,
        0.02037612839840904,
        0.019459676161630926,
        0.017616192504141037,
        0.018227501114579006,
        0.017019660173681683,
        0.01426799903894871,
        0.016716870471110166,
        0.017651733452673693,
        0.017973869168524444,
        0.014144109641912234,
        0.014962849129465916,
        0.014128698703428514,
        0.011092878989920818,
        0.011328084299527915,
        0.010427258083071454,
        0.011168962660813181,
        0.010711656786745568,
        0.009329700544727633,
        0.009182796695335955,
        0.010784440876345993,
        0.008475870823540045,
        0.0076685251511695515,
        0.006989495159441921,
        0.005577202257719063,
        0.006232562901447685,
        0.010997076842212709
    ],
    "val_metrics": [
        {
            "mae": 56.94061261162609,
            "rmse": 68.61236946028971,
            "nete": 0.3,
            "precision": 0.5,
            "recall": 0.5156169885754686,
            "f1": 0.48332621836593864
        },
        {
            "mae": 55.21459466764581,
            "rmse": 64.99555495955282,
            "nete": 0.3,
            "precision": 0.5,
            "recall": 0.5068847434046578,
            "f1": 0.49593868953629683
        },
        {
            "mae": 53.578198202124916,
            "rmse": 66.18916985702342,
            "nete": 0.3,
            "precision": 0.5,
            "recall": 0.5374383293170499,
            "f1": 0.5175591795263148
        },
        {
            "mae": 52.71601126049775,
            "rmse": 61.040850378147084,
            "nete": 0.3,
            "precision": 0.5,
            "recall": 0.5439127362362273,
            "f1": 0.5206537604472627
        },
        {
            "mae": 50.58317843348276,
            "rmse": 62.25982698149076,
            "nete": 0.3,
            "precision": 0.5079175128219522,
            "recall": 0.5714030073738432,
            "f1": 0.5396602600978978
        },
        {
            "mae": 50.01552195323844,
            "rmse": 56.15100169148828,
            "nete": 0.3,
            "precision": 0.5182071160820607,
            "recall": 0.5806762815170124,
            "f1": 0.5494416987995366
        },
        {
            "mae": 47.41042658454925,
            "rmse": 56.246819905781614,
            "nete": 0.3,
            "precision": 0.5364483007452217,
            "recall": 0.6089297761747706,
            "f1": 0.5726890384599961
        },
        {
            "mae": 47.72032379491956,
            "rmse": 55.44908136289303,
            "nete": 0.3,
            "precision": 0.5861195702716554,
            "recall": 0.6217535359945453,
            "f1": 0.6039365531331004
        },
        {
            "mae": 45.0869156466945,
            "rmse": 54.05988176139931,
            "nete": 0.3,
            "precision": 0.6018159169095643,
            "recall": 0.6208141513844492,
            "f1": 0.6113150341470068
        },
        {
            "mae": 43.78327015235685,
            "rmse": 48.43424514799764,
            "nete": 0.3,
            "precision": 0.5982813884414223,
            "recall": 0.6631709833343312,
            "f1": 0.6307261858878768
        },
        {
            "mae": 43.40785576833587,
            "rmse": 51.49763868786272,
            "nete": 0.3,
            "precision": 0.5999881276741165,
            "recall": 0.6754865614915244,
            "f1": 0.6377373445828205
        },
        {
            "mae": 43.02858291979652,
            "rmse": 51.83784579841659,
            "nete": 0.3,
            "precision": 0.6347499961920309,
            "recall": 0.7013292289306267,
            "f1": 0.6680396125613287
        },
        {
            "mae": 41.20509413032846,
            "rmse": 51.782047272472155,
            "nete": 0.3,
            "precision": 0.6357802682245415,
            "recall": 0.7087435713671298,
            "f1": 0.6722619197958356
        },
        {
            "mae": 39.01507282167457,
            "rmse": 45.07652896608168,
            "nete": 0.3,
            "precision": 0.6545294904550855,
            "recall": 0.6952239480823195,
            "f1": 0.6748767192687025
        },
        {
            "mae": 37.48649220323908,
            "rmse": 44.759223483201275,
            "nete": 0.3,
            "precision": 0.6624385451580422,
            "recall": 0.7333147612816526,
            "f1": 0.6978766532198474
        },
        {
            "mae": 36.76399336439357,
            "rmse": 41.06258712837007,
            "nete": 0.3,
            "precision": 0.6515356550267196,
            "recall": 0.7384957104245273,
            "f1": 0.6950156827256235
        },
        {
            "mae": 37.10703307029144,
            "rmse": 45.58006047412699,
            "nete": 0.3,
            "precision": 0.6917702553160676,
            "recall": 0.7271079424725401,
            "f1": 0.7094390988943038
        },
        {
            "mae": 34.421618848012606,
            "rmse": 38.39515991060779,
            "nete": 0.3,
            "precision": 0.7044966393144236,
            "recall": 0.771011204776995,
            "f1": 0.7377539220457093
        },
        {
            "mae": 34.686671722866194,
            "rmse": 42.07209944789584,
            "nete": 0.3,
            "precision": 0.7148538366723329,
            "recall": 0.7441672156030033,
            "f1": 0.7295105261376681
        },
        {
            "mae": 32.21356193095573,
            "rmse": 35.81990998534571,
            "nete": 0.3,
            "precision": 0.7246649427400099,
            "recall": 0.7857793332487709,
            "f1": 0.7552221379943904
        },
        {
            "mae": 33.091864085623946,