{
    "train_loss": [
        0.05424572629175062,
        0.05223571637026608,
        0.04963543647464049,
        0.04818792918380825,
        0.04558939669897664,
        0.04534459098349517,
        0.04411475892326814,
        0.04177522807748194,
        0.04030044700279714,
        0.03854223712384401,
        0.03694116116033045,
        0.0350472350871986,
        0.0321015988232036,
        0.029545329764487982,
        0.029371099786854083,
        0.02927006571414182,
        0.0273121348680162,
        0.02761224464161776,
        0.026374684456600937,
        0.02575292204147123,
        0.025151754077598485,
        0.024769504243245446,
        0.02430398876504355,
        0.022288156619957797,
        0.018501023496349665,
        0.017920830939144754,
        0.015874502742685447,
        0.012733078058438591,
        0.009786730531698644,
        0.009126079802917395,
        0.008075816459355794,
        0.0058401864755064665,
        0.00483874901196529,
        0.00432465899360189,
        0.006909463398818822,
        0.005802376090147021,
        0.0052130992501489325,
        0.00524952653147376,
        0.0038163219453693125,
        0.004174661343045031,
        0.004752713150874485,
        0.004544441843906063,
        0.004676912192754365,
        0.00505559789614431,
        0.005054941097732759,
        0.006097427829883342,
        0.004203957713813287,
        0.003613902962100187,
        0.0031198595532327404,
        0.0125746257593006
    ],
    "val_loss": [
        0.05895801260633815,
        0.05900729046097786,
        0.056699020879759914,
        0.055472213331903844,
        0.05306354290818966,
        0.053124139473676064,
        0.05048963335876792,
        0.04975345326884879,
        0.04759042604982599,
        0.0434882927989998,
        0.041011735215169494,
        0.0402254147595211,
        0.03763560331076912,
        0.038236471864490515,
        0.03512520001445543,
        0.03419015930034522,
        0.0321718616785106,
        0.03402592541182399,
        0.03383639753010353,
        0.031777966200735516,
        0.03042814382779599,
        0.02800797945540772,
        0.027519188203295727,
        0.025402564450955685,
        0.02239873420299507,
        0.021023609238004122,
        0.01946460792259974,
        0.02008291485840893,
        0.020091758991666226,
        0.018761424354554967,
        0.01941319806502377,
        0.019167076744185895,
        0.019102492602867824,
        0.018567035199524868,
        0.01744383945129823,
        0.012286901200501348,
        0.012651316142297161,
        0.0120779103133542,
        0.012633757639595074,
        0.011550009908545352,
        0.011034377185485212,
        0.01010420170816367,
        0.008898095993534628,
        0.008241136890618839,
        0.007307688152619397,
        0.008402299221377509,
        0.007094555384082111,
        0.005794598110205196,
        0.006451804498935252,
        0.01697900262562334
    ],
    "val_metrics": [
        {
            "mae": 63.14481317168569,
            "rmse": 68.90052308222214,
            "nete": 0.3,
            "precision": 0.5,
            "recall": 0.5,
            "f1": 0.4226777418479838
        },
        {
            "mae": 61.74856751125876,
            "rmse": 72.30389949804538,
            "nete": 0.3,
            "precision": 0.5,
            "recall": 0.5,
            "f1": 0.39785038940797984
        },
        {
            "mae": 59.6772467090628,
            "rmse": 73.08888204634266,
            "nete": 0.3,
            "precision": 0.5,
            "recall": 0.5,
            "f1": 0.44544671561603383
        },
        {
            "mae": 58.168321482728714,
            "rmse": 74.29914074109479,
            "nete": 0.3,
            "precision": 0.5,
            "recall": 0.5,
            "f1": 0.4481953717152456
        },
        {
            "mae": 57.65735518047814,
            "rmse": 74.25973212376695,
            "nete": 0.3,
            "precision": 0.5,
            "recall": 0.5,
            "f1": 0.46453372950289024
        },
        {
            "mae": 55.196278284007285,
            "rmse": 70.42295872737189,
            "nete": 0.3,
            "precision": 0.5,
            "recall": 0.5182737588011679,
            "f1": 0.48848152408156004
        },
        {
            "mae": 53.95163571620101,
            "rmse": 68.69735924562764,
            "nete": 0.3,
            "precision": 0.5,
            "recall": 0.553559068481945,
            "f1": 0.5103275599202772
        },
        {
            "mae": 51.280466491961164,
            "rmse": 61.05725283558449,
            "nete": 0.3,
            "precision": 0.5,
            "recall": 0.5795263293657893,
            "f1": 0.5284387010412673
        },
        {
            "mae": 50.47938364625627,
            "rmse": 66.5117127052458,
            "nete": 0.3,
            "precision": 0.5027021268157206,
            "recall": 0.5504679893729992,
            "f1": 0.5265850580943598
        },
        {
            "mae": 49.03803730372014,
            "rmse": 57.22600730368182,
            "nete": 0.3,
            "precision": 0.5151246719167678,
            "recall": 0.5774936372868306,
            "f1": 0.5463091546017992
        },
        {
            "mae": 46.6601091025417,
            "rmse": 59.747041904660314,
            "nete": 0.3,
            "precision": 0.5355589614113713,
            "recall": 0.5666986299062086,
            "f1": 0.5511287956587899
        },
        {
            "mae": 47.101720092394245,
            "rmse": 59.350187172035874,
            "nete": 0.3,
            "precision": 0.55353587223209,
            "recall": 0.617175721283205,
            "f1": 0.5853557967576475
        },
        {
            "mae": 44.45477454955983,
            "rmse": 52.30610253281584,
            "nete": 0.3,
            "precision": 0.5704632079863153,
            "recall": 0.5964311732830385,
            "f1": 0.583447190634677
        },
        {
            "mae": 44.56878498574117,
            "rmse": 51.36715345836715,
            "nete": 0.3,
            "precision": 0.553207750036633,
            "recall": 0.6267351970615255,
            "f1": 0.5899714735490793
        },
        {
            "mae": 42.63814378274164,
            "rmse": 49.30167493526414,
            "nete": 0.3,
            "precision": 0.5986132317030602,
            "recall": 0.6191893102894466,
            "f1": 0.6089012709962534
        },
        {
            "mae": 39.62556856669982,
            "rmse": 46.01631865884977,
            "nete": 0.3,
            "precision": 0.5939958907095023,
            "recall": 0.6419677252357455,
            "f1": 0.617981807972624
        },
        {
            "mae": 39.37654552848167,
            "rmse": 44.84914637564558,
            "nete": 0.3,
            "precision": 0.6287158307828756,
            "recall": 0.6720205349839934,
            "f1": 0.6503681828834346
        },
        {
            "mae": 38.802746468286394,
            "rmse": 46.47846323531269,
            "nete": 0.3,
            "precision": 0.600668390536478,
            "recall": 0.674146104202735,
            "f1": 0.6374072473696065
        },
        {
            "mae": 37.843299069897846,
            "rmse": 44.304662799712624,
            "nete": 0.3,
            "precision": 0.6100536633038545,
            "recall": 0.7163649267892764,
            "f1": 0.6632092950465656
        },
        {
            "mae": 36.670766341594934,
            "rmse": 42.33610017061024,
            "nete": 0.3,
            "precision": 0.6543615453926799,
            "recall": 0.6918235789508497,
            "f1": 0.6730925621717648
        },
        {
            "mae": 36.05698356922025,
            "rmse": 41.47415115768844,
            "nete": 0.3,
            "precision": 0.6565418957165332,
            "recall": 0.682664930853203,