{
    "appliance": "washer dryer",
    "window_size": 200,
    "model_params": {
        "input_size": 1,
        "output_size": 1,
        "hidden_size": 128,
        "num_layers": 1,
        "dt": 0.1,
        "advanced": false
    },
    "train_params": {
        "lr": 0.0005,
        "epochs": 60,
        "patience": 10
    },
    "final_metrics": {
        "train_loss": 534252.0586810405,
        "val_loss": 1191723.695137919,
        "test_loss": 11376.98362109375,
        "test_metrics": {
            "mae": 104.17111206054688,
            "rmse": 106.69087982177734,
            "nete": 1942.578125,
            "sae": 104.22589874267578,
            "traditional_sae": 0.9555945810336177,
            "precision": 0.04440541896638234,
            "recall": 1.0,
            "f1": 0.08503483065097285
        },
        "aggregates": {
            "train_loss_mean": 555819.7114906224,
            "train_loss_var": 261885037.02694625,
            "val_loss_mean": 1234866.9558774042,
            "val_loss_var": 1341510348.7019215,
            "train_mae_mean": 201.06532287597656,
            "train_mae_var": 619.1720581054688,
            "val_mae_mean": 346.5758056640625,
            "val_mae_var": 276.5242004394531,
            "train_sae_mean": 73.38404083251953,
            "train_sae_var": 488.0093688964844,
            "val_sae_mean": 342.00555419921875,
            "val_sae_var": 208.55088806152344,
            "train_f1_mean": 0.134624657897935,
            "train_f1_var": 1.0562328077082354e-07,
            "val_f1_mean": 0.3250366032210834,
            "val_f1_var": 3.0814879110195774e-33,
            "test_mae": 104.17111206054688,
            "test_sae": 104.22589874267578,
            "test_f1": 0.08503483065097285,
            "test_loss": 11376.98362109375
        }
    }
}