{
    "building_number": 1,
    "meter_number": 11,
    "meter_name": "Meter_11",
    "window_size": 100,
    "model_params": {
        "input_size": 1,
        "hidden_size": 128,
        "num_layers": 2,
        "output_size": 1,
        "bidirectional": true
    },
    "train_params": {
        "lr": 0.001,
        "epochs": 10,
        "patience": 3
    },
    "final_metrics": {
        "train_loss": 0.3044789684187173,
        "val_loss": 0.4312646930431947,
        "test_loss": 0.37842928803525866,
        "test_metrics": {
            "mae": 0.17926058173179626,
            "rmse": 0.6155169606208801,
            "nete": 13.705771446228027,
            "precision": 0.3217391304347826,
            "recall": 0.9635416666666666,
            "f1": 0.48239895697522817
        }
    }
}