{
    "appliance": "washer dryer",
    "window_size": 100,
    "model_params": {
        "input_size": 1,
        "output_size": 1,
        "hidden_size": 128,
        "num_layers": 1,
        "dt": 0.1,
        "advanced": false
    },
    "train_params": {
        "lr": 0.001,
        "epochs": 50,
        "patience": 10
    },
    "final_metrics": {
        "train_loss": 432754.86429307726,
        "val_loss": 958692.1378397624,
        "test_loss": 16555.58795800781,
        "test_metrics": {
            "mae": 83.53855895996094,
            "rmse": 128.68679809570312,
            "nete": 1561.7314453125,
            "sae": 83.47232818603516,
            "traditional_sae": 0.9557057057057057,
            "precision": 0.044294294294294295,
            "recall": 1.0,
            "f1": 0.08483105679367361
        }
    }
}