{
    "train_loss": [
        0.04637466981877683,
        0.04404924036390474,
        0.043294030805702724,
        0.040778004919954106,
        0.0401540849856506,
        0.038717052842122034,
        0.03673343306629254,
        0.0338036460749845,
        0.03242820832078157,
        0.031595008921297754,
        0.0303747332786885,
        0.030694500453191303,
        0.029331318461903986,
        0.02573830919358836,
        0.02471507339946743,
        0.024133039572871117,
        0.025014162356829954,
        0.02393390892675136,
        0.023027121562940768,
        0.02324217162706978,
        0.021734162681041617,
        0.02173473440064352,
        0.01895243960672192,
        0.017492593043980664,
        0.015760190698289666,
        0.01409338211587215,
        0.013565981875674982,
        0.012419217937063609,
        0.011291467551423288,
        0.011786753462652597,
        0.012363372065287974,
        0.0120001777132639,
        0.011353691764062614,
        0.010205588088910589,
        0.010449826409965531,
        0.011249230644741644,
        0.010394570878640316,
        0.008561018154384894,
        0.007562218945260342,
        0.006253608937078922,
        0.00568530054244529,
        0.006148778445670718,
        0.006347410074547245,
        0.006171279451172775,
        0.006721797831297411,
        0.0076953051208907535,
        0.007190736493931728,
        0.0055486103357105425,
        0.005719216780924129,
        0.01305792466301746
    ],
    "val_loss": [
        0.05192577379651434,
        0.04960342278350736,
        0.04745873234598787,
        0.04578981332506841,
        0.045755936070276094,
        0.04265290548422814,
        0.04057010471960717,
        0.038673614148993195,
        0.03604961873682065,
        0.03604460606674598,
        0.03389346994262293,
        0.034229225475850875,
        0.03470234337056193,
        0.0309490158360665,
        0.029698859415845207,
        0.0303762190904648,
        0.02975331666416378,
        0.02950938104765209,
        0.02780847014466711,
        0.026800626631144128,
        0.024931169896471518,
        0.024821471120675696,
        0.02289273307493508,
        0.023602533579455992,
        0.024350619085629552,
        0.026467483592792877,
        0.026305127079511183,
        0.025197142165470802,
        0.024402497514674437,
        0.02468191252794457,
        0.024807036881676514,
        0.025439664699397374,
        0.025486724835107288,
        0.026424047883745562,
        0.023862478167327825,
        0.02274550768450588,
        0.024728447500092742,
        0.025414560365853604,
        0.023127982439668574,
        0.020333868998036,
        0.016729437575111326,
        0.017227592200616343,
        0.01611334370006897,
        0.013520062601162532,
        0.014016507001900401,
        0.012435855191800647,
        0.011860034690872937,
        0.011203945796443075,
        0.009854029052281249,
        0.016694332304645614
    ],
    "val_metrics": [
        {
            "mae": 59.444293274231285,
            "rmse": 76.56792748290661,
            "nete": 0.3,
            "precision": 0.5,
            "recall": 0.5,
            "f1": 0.40091888507932466
        },
        {
            "mae": 56.35558691316425,
            "rmse": 69.3362166624454,
            "nete": 0.3,
            "precision": 0.5,
            "recall": 0.5,
            "f1": 0.3981154323492288
        },
        {
            "mae": 54.751966953514085,
            "rmse": 61.35318472616332,
            "nete": 0.3,
            "precision": 0.5,
            "recall": 0.5,
            "f1": 0.4314826449320158
        },
        {
            "mae": 54.86744533049287,
            "rmse": 69.59627263414639,
            "nete": 0.3,
            "precision": 0.5,
            "recall": 0.5,
            "f1": 0.4256898403810617
        },
        {
            "mae": 52.898760744178276,
            "rmse": 63.70666945352529,
            "nete": 0.3,
            "precision": 0.5,
            "recall": 0.5,
            "f1": 0.45663540713062595
        },
        {
            "mae": 50.69462527606571,
            "rmse": 59.90910113559738,
            "nete": 0.3,
            "precision": 0.5,
            "recall": 0.5,
            "f1": 0.46221316527121314
        },
        {
            "mae": 49.4816726122665,
            "rmse": 59.28074070893182,
            "nete": 0.3,
            "precision": 0.5,
            "recall": 0.5,
            "f1": 0.45250693172724515
        },
        {
            "mae": 48.986763075200486,
            "rmse": 58.02189765551885,
            "nete": 0.3,
            "precision": 0.5084441674765938,
            "recall": 0.5,
            "f1": 0.4995174453216636
        },
        {
            "mae": 46.60355723834556,
            "rmse": 59.49838739862885,
            "nete": 0.3,
            "precision": 0.5,
            "recall": 0.5278390577833996,
            "f1": 0.5085183641172217
        },
        {
            "mae": 46.446143220088956,
            "rmse": 60.688412583218046,
            "nete": 0.3,
            "precision": 0.5,
            "recall": 0.5297450432769459,
            "f1": 0.5117139418945057
        },
        {
            "mae": 43.93447810286118,
            "rmse": 53.50947767117866,
            "nete": 0.3,
            "precision": 0.5,
            "recall": 0.5603664796054272,
            "f1": 0.5130330769754087
        },
        {
            "mae": 43.80466957660173,
            "rmse": 53.55956519191871,
            "nete": 0.3,
            "precision": 0.5261986297751515,
            "recall": 0.58217038630782,
            "f1": 0.5541845080414859
        },
        {
            "mae": 42.11433594802146,
            "rmse": 48.37969007405908,
            "nete": 0.3,
            "precision": 0.5021109433463214,
            "recall": 0.5690900241304959,
            "f1": 0.5356004837384087
        },
        {
            "mae": 41.55461119038586,
            "rmse": 49.05144459056144,
            "nete": 0.3,
            "precision": 0.5397197727988579,
            "recall": 0.5770557787561883,
            "f1": 0.5583877757775231
        },
        {
            "mae": 40.47689734194539,
            "rmse": 50.14772232968351,
            "nete": 0.3,
            "precision": 0.5486485214173625,
            "recall": 0.5863566402950129,
            "f1": 0.5675025808561877
        },
        {
            "mae": 38.52884955017363,
            "rmse": 45.702414338478135,
            "nete": 0.3,
            "precision": 0.5535056737554221,
            "recall": 0.6019936991197957,
            "f1": 0.5777496864376089
        },
        {
            "mae": 37.54355601946705,
            "rmse": 43.55934490634224,
            "nete": 0.3,
            "precision": 0.543617743967254,
            "recall": 0.6424977030906482,
            "f1": 0.593057723528951
        },
        {
            "mae": 36.459910210659665,
            "rmse": 41.26042181525787,
            "nete": 0.3,
            "precision": 0.5647284400127605,
            "recall": 0.6493244412600147,
            "f1": 0.6070264406363876
        },
        {
            "mae": 34.07967056394677,
            "rmse": 40.34989335593182,
            "nete": 0.3,
            "precision": 0.5696380499241457,
            "recall": 0.6376312593394439,
            "f1": 0.6036346546317948
        },
        {
            "mae": 34.97883030399223,
            "rmse": 38.76121862457144,
            "nete": 0.3,
            "precision": 0.5960684582463697,
            "recall": 0.6688413186856703,
            "f1": 0.63245488846602
        },
        {
            "mae": 33.635664431029895,
            "rmse": 41.15649798835304,
            "nete": 0.3,
            "precision": 0.6009689225023147,
            "recall": 0.6753211748793676,
            "f1": 0.6381450486908412
        },
        {
            "mae": 33.089183359677726,