{
    "appliance": "fridge",
    "window_size": 100,
    "model_params": {
        "input_size": 1,
        "output_size": 1,
        "hidden_size": 128,
        "num_layers": 1,
        "dt": 0.1,
        "advanced": false
    },
    "train_params": {
        "lr": 0.001,
        "epochs": 50,
        "patience": 10
    },
    "final_metrics": {
        "train_loss": 4276.35065375434,
        "val_loss": 4913.0555060492625,
        "test_loss": 5832.438985961914,
        "test_metrics": {
            "mae": 57.21864700317383,
            "rmse": 76.33180236816406,
            "nete": 0.1386408656835556,
            "sae": 39.81873321533203,
            "traditional_sae": 0.7501251251251251,
            "precision": 0.24987487487487486,
            "recall": 1.0,
            "f1": 0.3998398238061868
        }
    }
}