{
    "train_loss": [
        0.05409620999769428,
        0.0507994118066409,
        0.047055425581728205,
        0.04374641152484174,
        0.04410396471346787,
        0.04098096374116935,
        0.03913812305254496,
        0.03690630584741978,
        0.0363681114172953,
        0.03643600847835707,
        0.0366553622941281,
        0.03678180710982766,
        0.03288096362273562,
        0.030979590384521624,
        0.03127032894853324,
        0.02972804016979883,
        0.028904439081260447,
        0.02775924215510432,
        0.027623856151255954,
        0.025481210591276195,
        0.02526983580649809,
        0.023036330090821993,
        0.021791312464018345,
        0.020493796077545718,
        0.019188155036742673,
        0.018408293880870646,
        0.0170679111379931,
        0.018403312695833698,
        0.01842384675426536,
        0.016775152888741925,
        0.015586400628524635,
        0.016827298167460026,
        0.015881836588990065,
        0.014969635798810957,
        0.013342263744554553,
        0.011526047709631204,
        0.011102166012358064,
        0.01045103500397573,
        0.010333883034398852,
        0.010661182273251385,
        0.008402973223215916,
        0.007332866301550689,
        0.006672170215429263,
        0.006083485225537474,
        0.007802860860392608,
        0.007416731708441914,
        0.007147770036378801,
        0.006062088811032641,
        0.004822012570599563,
        0.012810144734086603
    ],
    "val_loss": [
        0.058801020497579,
        0.055339382396972954,
        0.05291002584153382,
        0.049632314724190926,
        0.04830916294914127,
        0.0469015891058018,
        0.0455483765879546,
        0.045479665488768625,
        0.04500388771416825,
        0.04399745410540571,
        0.04161827993306333,
        0.04062089746531905,
        0.04118595756345703,
        0.038945338841522466,
        0.036376957213645186,
        0.03380470647156562,
        0.03256443965549805,
        0.031147204262859537,
        0.031005048958818754,
        0.03040078563418493,
        0.02927189042206387,
        0.026801791059759654,
        0.02613894175319935,
        0.024844430843477743,
        0.0246019805712344,
        0.02132870857491418,
        0.019921306694892754,
        0.02132347833062538,
        0.02134503909197863,
        0.020213403407319478,
        0.019921135894458437,
        0.01966866307583303,
        0.01867592841843957,
        0.017718117588751504,
        0.016487393603665686,
        0.01705769119661814,
        0.01606447427678267,
        0.016410390265832107,
        0.018335084399708025,
        0.01567528334694433,
        0.015604836796771666,
        0.014525484028027941,
        0.013384638693177204,
        0.012291616734151176,
        0.012972365897629118,
        0.011687605127566104,
        0.011748710716055821,
        0.011906243013655296,
        0.012803907173792033,
        0.01794281493955535
    ],
    "val_metrics": [
        {
            "mae": 63.81062468780392,
            "rmse": 73.20810911155908,
            "nete": 0.3,
            "precision": 0.5,
            "recall": 0.5159878420253324,
            "f1": 0.4720718444277203
        },
        {
            "mae": 62.562419360231004,
            "rmse": 72.46384039514558,
            "nete": 0.3,
            "precision": 0.5,
            "recall": 0.5217989599163222,
            "f1": 0.49109167415032196
        },
        {
            "mae": 61.18092749542308,
            "rmse": 68.08594232582767,
            "nete": 0.3,
            "precision": 0.5,
            "recall": 0.5298152208901333,
            "f1": 0.5001658844829501
        },
        {
            "mae": 58.95620162573923,
            "rmse": 72.53919960942804,
            "nete": 0.3,
            "precision": 0.5,
            "recall": 0.5707727287941212,
            "f1": 0.5114992182678337
        },
        {
            "mae": 57.446701976696815,
            "rmse": 72.62209487062904,
            "nete": 0.3,
            "precision": 0.5156585357390141,
            "recall": 0.5328409136123045,
            "f1": 0.5242497246756592
        },
        {
            "mae": 56.4218850314191,
            "rmse": 72.76416500070192,
            "nete": 0.3,
            "precision": 0.5184665809327978,
            "recall": 0.5454146775552339,
            "f1": 0.531940629244016
        },
        {
            "mae": 53.10895491967185,
            "rmse": 62.749817311654475,
            "nete": 0.3,
            "precision": 0.5426050401915697,
            "recall": 0.5692186487057128,
            "f1": 0.5559118444486413
        },
        {
            "mae": 53.958976613576,
            "rmse": 70.28808588001463,
            "nete": 0.3,
            "precision": 0.5487150185259856,
            "recall": 0.6306078978436398,
            "f1": 0.5896614581848126
        },
        {
            "mae": 51.944964092167076,
            "rmse": 63.7523232920996,
            "nete": 0.3,
            "precision": 0.5678303168113723,
            "recall": 0.6244785781435117,
            "f1": 0.5961544474774421
        },
        {
            "mae": 50.62355479938877,
            "rmse": 59.060953904892536,
            "nete": 0.3,
            "precision": 0.6089786256547475,
            "recall": 0.6394134314602883,
            "f1": 0.6241960285575179
        },
        {
            "mae": 47.592785153642915,
            "rmse": 57.361821586069574,
            "nete": 0.3,
            "precision": 0.5803933671552487,
            "recall": 0.6700145892101478,
            "f1": 0.6252039781826982
        },
        {
            "mae": 47.164968441637804,
            "rmse": 61.04653622967348,
            "nete": 0.3,
            "precision": 0.6112022209973188,
            "recall": 0.6700935950314182,
            "f1": 0.6406479080143684
        },
        {
            "mae": 46.22704632333293,
            "rmse": 56.173152078253125,
            "nete": 0.3,
            "precision": 0.5953658747631541,
            "recall": 0.68665419809712,
            "f1": 0.641010036430137
        },
        {
            "mae": 44.36153796711857,
            "rmse": 55.59029943908893,
            "nete": 0.3,
            "precision": 0.6557842271982164,
            "recall": 0.698690070256736,
            "f1": 0.6772371487274761
        },
        {
            "mae": 42.64165695134708,
            "rmse": 49.788773216309565,
            "nete": 0.3,
            "precision": 0.6531130714266152,
            "recall": 0.7132364694962621,
            "f1": 0.6831747704614387
        },
        {
            "mae": 43.010989455515045,
            "rmse": 54.608857928257805,
            "nete": 0.3,
            "precision": 0.6666143440238388,
            "recall": 0.7150806066739755,
            "f1": 0.6908474753489071
        },
        {
            "mae": 42.652197001090336,
            "rmse": 46.528934662676654,
            "nete": 0.3,
            "precision": 0.6741277016727507,
            "recall": 0.7490907561868435,
            "f1": 0.7116092289297972
        },
        {
            "mae": 40.190151668209616,
            "rmse": 45.934324748924595,
            "nete": 0.3,
            "precision": 0.6632226264861916,
            "recall": 0.7780962462924496,
            "f1": 0.7206594363893205
        },
        {
            "mae": 38.92921715775707,
            "rmse": 49.021232839076525,
            "nete": 0.3,
            "precision": 0.6852669094687459,
            "recall": 0.7659230730103561,
            "f1": 0.725594991239551
        },
        {
            "mae": 35.833419666264625,
            "rmse": 43.49257576828425,
            "nete": 0.3,
            "precision": 0.7020877606969635,
            "recall": 0.7800632031279754,
            "f1": 0.7410754819124693
        },
        {
            "mae": 37.64792386989874,
            "rmse": 44.9464333707773,