{
    "appliance": "fridge",
    "window_size": 100,
    "model_params": {
        "input_size": 1,
        "output_size": 1,
        "hidden_size": 128,
        "num_layers": 1,
        "dt": 0.1,
        "advanced": false
    },
    "train_params": {
        "lr": 0.001,
        "epochs": 50,
        "patience": 10
    },
    "final_metrics": {
        "train_loss": 4587.778820800781,
        "val_loss": 5215.768746609158,
        "test_loss": 6554.313660888672,
        "test_metrics": {
            "mae": 61.07871627807617,
            "rmse": 80.9011001586914,
            "nete": 0.1906377375125885,
            "sae": 42.65377426147461,
            "traditional_sae": 0.7501251251251251,
            "precision": 0.24987487487487486,
            "recall": 1.0,
            "f1": 0.3998398238061868
        }
    }
}