{
    "train_loss": [
        0.04204051408845191,
        0.040137821421492394,
        0.03627367286869,
        0.033369154731621456,
        0.032203397488678114,
        0.029195614871994454,
        0.0255172396187185,
        0.024614180331158943,
        0.021977116389003737,
        0.02060397399500768,
        0.01858109194694189,
        0.017603898413493767,
        0.017860024439629484,
        0.017057240142148957,
        0.015834678394187392,
        0.015036620083708784,
        0.015563200961259604,
        0.014057635011409842,
        0.01351399035700656,
        0.012920209211938288,
        0.010921474778592623,
        0.009449583806507584,
        0.010615822041811657,
        0.008239480151793294,
        0.00744586534950807,
        0.00928533859890646,
        0.009141886507691972,
        0.00795347160660965,
        0.00808775165096683,
        0.007100931257747804,
        0.007467326045118915,
        0.006683925182407263,
        0.006282753335805916,
        0.006964968684224466,
        0.007100652117673411,
        0.0067681464482444815,
        0.005255510112605575,
        0.0054353307042136305,
        0.00669927052370243,
        0.005927150787783904,
        0.0037569213083087707,
        0.004211756816245718,
        0.0034591911952095333,
        0.0048390132672295446,
        0.003188033328155226,
        0.0020520254763324733,
        0.0024409712831636576,
        0.003160371026270121,
        0.0038454863108669957,
        0.010847171386312079
    ],
    "val_loss": [
        0.04728292123035483,
        0.04434874296906213,
        0.04084651600745723,
        0.039767384628560595,
        0.036607851390290165,
        0.03666084832929995,
        0.035614363335806976,
        0.03430844398102023,
        0.03375208728024506,
        0.0338231321616017,
        0.032368953988585795,
        0.031219245809794866,
        0.030099434862375974,
        0.026258936926512374,
        0.0241382111940089,
        0.022800318714238613,
        0.021971268769318004,
        0.020570678738190802,
        0.01871587382565481,
        0.016995308390614486,
        0.014805418537137512,
        0.013519971969464315,
        0.013611002978504642,
        0.014326110587629138,
        0.01263111556102444,
        0.011749605528851783,
        0.011598980833076571,
        0.010351145186940133,
        0.010492139233515172,
        0.012573755456222304,
        0.010107139995363968,
        0.01049385283114369,
        0.009035218849549956,
        0.00931321711843569,
        0.010627565239770412,
        0.011343318577260545,
        0.012505246271656443,
        0.013234731867771294,
        0.016699142001913192,
        0.013767148051913161,
        0.014148871841925852,
        0.01608979476385608,
        0.01785348892023208,
        0.018067473865001644,
        0.016500494476328606,
        0.015106342526393524,
        0.016088927544412934,
        0.016286695708187634,
        0.01462307097042993,
        0.013770634882775764
    ],
    "val_metrics": [
        {
            "mae": 48.461891809199365,
            "rmse": 52.87412333573259,
            "nete": 0.3,
            "precision": 0.5,
            "recall": 0.5,
            "f1": 0.40185924292335473
        },
        {
            "mae": 47.78897550768011,
            "rmse": 56.371727057057036,
            "nete": 0.3,
            "precision": 0.5,
            "recall": 0.5,
            "f1": 0.4263138430380002
        },
        {
            "mae": 46.50339197187548,
            "rmse": 56.86304275674041,
            "nete": 0.3,
            "precision": 0.5,
            "recall": 0.5,
            "f1": 0.43106747108465177
        },
        {
            "mae": 45.66248222257048,
            "rmse": 52.93209564909082,
            "nete": 0.3,
            "precision": 0.5,
            "recall": 0.5,
            "f1": 0.46021399929077506
        },
        {
            "mae": 44.793868397704735,
            "rmse": 51.0676330197595,
            "nete": 0.3,
            "precision": 0.5,
            "recall": 0.5042018028149983,
            "f1": 0.4646034606338921
        },
        {
            "mae": 42.20117976715557,
            "rmse": 49.76453153707746,
            "nete": 0.3,
            "precision": 0.5,
            "recall": 0.5,
            "f1": 0.4752270674031676
        },
        {
            "mae": 40.74787429773982,
            "rmse": 48.829897204587965,
            "nete": 0.3,
            "precision": 0.5,
            "recall": 0.5355438179433054,
            "f1": 0.5009669160631571
        },
        {
            "mae": 39.89470461167573,
            "rmse": 45.367406434901106,
            "nete": 0.3,
            "precision": 0.5,
            "recall": 0.550310500668317,
            "f1": 0.5199021395749459
        },
        {
            "mae": 38.97049132390445,
            "rmse": 51.113429336459774,
            "nete": 0.3,
            "precision": 0.5121380744097846,
            "recall": 0.5355896481955777,
            "f1": 0.5238638613026811
        },
        {
            "mae": 38.976091295392315,
            "rmse": 46.06011971124241,
            "nete": 0.3,
            "precision": 0.5048974591277647,
            "recall": 0.5656862162830576,
            "f1": 0.5352918377054112
        },
        {
            "mae": 37.274666448759966,
            "rmse": 44.89600682692934,
            "nete": 0.3,
            "precision": 0.5232868878475508,
            "recall": 0.5820684035645886,
            "f1": 0.5526776457060697
        },
        {
            "mae": 36.00307316006919,
            "rmse": 42.89095689276139,
            "nete": 0.3,
            "precision": 0.5165192778022223,
            "recall": 0.6088688152327025,
            "f1": 0.5626940465174624
        },
        {
            "mae": 35.092370084335485,
            "rmse": 40.48910102705796,
            "nete": 0.3,
            "precision": 0.5676123582603568,
            "recall": 0.577570173038027,
            "f1": 0.5725912656491919
        },
        {
            "mae": 34.71087728252754,
            "rmse": 41.91619630681448,
            "nete": 0.3,
            "precision": 0.5690144306786908,
            "recall": 0.6298302338123298,
            "f1": 0.5994223322455103
        },
        {
            "mae": 33.1990592590891,
            "rmse": 38.9564248651035,
            "nete": 0.3,
            "precision": 0.5842375523123385,
            "recall": 0.6388624005499807,
            "f1": 0.6115499764311596
        },
        {
            "mae": 31.358207782083948,
            "rmse": 38.33885175280372,
            "nete": 0.3,
            "precision": 0.5753451318985414,
            "recall": 0.6234955498318069,
            "f1": 0.5994203408651742
        },
        {
            "mae": 31.047150352567662,
            "rmse": 39.603299498430005,
            "nete": 0.3,
            "precision": 0.5696704643021767,
            "recall": 0.6321198628579495,
            "f1": 0.600895163580063
        },
        {
            "mae": 29.867603547309646,
            "rmse": 37.01335732220762,
            "nete": 0.2967715116752517,
            "precision": 0.6116151838060396,
            "recall": 0.6577831072155924,
            "f1": 0.634699145510816
        },
        {
            "mae": 30.264584649443382,
            "rmse": 36.267627601798516,
            "nete": 0.3,
            "precision": 0.589581161597241,
            "recall": 0.6961574591952608,
            "f1": 0.6428693103962508
        },
        {
            "mae": 27.980758210583378,
            "rmse": 34.00565091203938,
            "nete": 0.2753680145640444,
            "precision": 0.5705788084942369,
            "recall": 0.692292546822666,
            "f1": 0.6314356776584515
        },
        {
            "mae": 28.706905906960145,
            "rmse": 34.308615160094014,
            "nete": 0.2843876964975702,