{
    "train_loss": [
        0.05910785013815744,
        0.05719628397661936,
        0.054537706463670656,
        0.05245684259400558,
        0.051953646905311325,
        0.04838791032210771,
        0.04693068722980039,
        0.044142162717257794,
        0.04138906586847959,
        0.03973984874087164,
        0.039069500713461824,
        0.03803960594866936,
        0.03674004626496706,
        0.03502605877159504,
        0.03311012122692244,
        0.030046684502586844,
        0.0296820875020425,
        0.028645043202405608,
        0.028301963964952815,
        0.027905877194911253,
        0.027944703310961622,
        0.026444408501169647,
        0.027514252775261566,
        0.02714960203501255,
        0.026640619250563755,
        0.024291761749794756,
        0.024475627767109636,
        0.024241799690346476,
        0.02329406397032793,
        0.02241568108927973,
        0.022489119404356103,
        0.021340697282917355,
        0.0206652781423014,
        0.02168528242552088,
        0.0218546076086004,
        0.021083550420651347,
        0.020231659281341914,
        0.018839300387252397,
        0.017587557809664985,
        0.017791051442142693,
        0.016543657093878686,
        0.0161638934522398,
        0.016153255857637622,
        0.016881242948084598,
        0.01671348758247671,
        0.015527045374686896,
        0.01605297759138379,
        0.015188839131676287,
        0.015103885456518227,
        0.014771450808590594
    ],
    "val_loss": [
        0.06406324264506531,
        0.06759879764043654,
        0.06463823499279964,
        0.06124345450504575,
        0.060633086346671757,
        0.05958867210078564,
        0.05681889060941742,
        0.05764779164983824,
        0.056977460173842434,
        0.051678286445247634,
        0.049910669055455346,
        0.047239480834690824,
        0.04704879441619651,
        0.04360964443297452,
        0.041367977602149865,
        0.03999697982138905,
        0.03828976601581185,
        0.03688485066483377,
        0.037307371289643544,
        0.034366134537826144,
        0.032930852899721925,
        0.03452660152297785,
        0.032436540124352424,
        0.030507082136763182,
        0.029972650213091943,
        0.027506349837284498,
        0.02769940915546512,
        0.0274538896748638,
        0.027691815016662076,
        0.027439515520822064,
        0.025613575374573906,
        0.02528804449061665,
        0.024614380200614315,
        0.024769546546796924,
        0.02494733798903042,
        0.02457366469518344,
        0.025234436598478283,
        0.025890986233682783,
        0.02375152471279484,
        0.023167657994459755,
        0.02130874278688672,
        0.01969714357112761,
        0.018960918650519507,
        0.01972530509548883,
        0.019549161961600545,
        0.01830339764342124,
        0.021117711862211747,
        0.02106204748373195,
        0.02084444056654785,
        0.01984441165068464
    ],
    "val_metrics": [
        {
            "mae": 74.29140558646301,
            "rmse": 95.85054076365748,
            "nete": 0.3,
            "precision": 0.5,
            "recall": 0.5,
            "f1": 0.4409951273000293
        },
        {
            "mae": 72.13275457618508,
            "rmse": 91.827081519961,
            "nete": 0.3,
            "precision": 0.5,
            "recall": 0.5016262762589504,
            "f1": 0.46368795377660027
        },
        {
            "mae": 71.02729680325768,
            "rmse": 83.37422648238727,
            "nete": 0.3,
            "precision": 0.5,
            "recall": 0.5,
            "f1": 0.4813030879179529
        },
        {
            "mae": 66.99733465310162,
            "rmse": 78.77731179475595,
            "nete": 0.3,
            "precision": 0.5,
            "recall": 0.5286860346246439,
            "f1": 0.4931449543538167
        },
        {
            "mae": 65.33013973507272,
            "rmse": 82.09100892313532,
            "nete": 0.3,
            "precision": 0.5,
            "recall": 0.5280798349968187,
            "f1": 0.4972924809891029
        },
        {
            "mae": 64.66889614126053,
            "rmse": 83.87459404390334,
            "nete": 0.3,
            "precision": 0.5010345433573892,
            "recall": 0.5362427694471562,
            "f1": 0.5186386564022727
        },
        {
            "mae": 61.88626106780499,
            "rmse": 73.37436810338446,
            "nete": 0.3,
            "precision": 0.5069540954382339,
            "recall": 0.5864350717460011,
            "f1": 0.5466945835921174
        },
        {
            "mae": 60.316977244269005,
            "rmse": 69.62006915159203,
            "nete": 0.3,
            "precision": 0.5270085953611222,
            "recall": 0.5859623124746629,
            "f1": 0.5564854539178925
        },
        {
            "mae": 58.605085703374186,
            "rmse": 68.34476502084068,
            "nete": 0.3,
            "precision": 0.5511143597764203,
            "recall": 0.5928050443878756,
            "f1": 0.571959702082148
        },
        {
            "mae": 57.68222650107509,
            "rmse": 68.38810647593301,
            "nete": 0.3,
            "precision": 0.5856123447560699,
            "recall": 0.5669146022003781,
            "f1": 0.5762634734782239
        },
        {
            "mae": 55.250643008499026,
            "rmse": 64.59695777883513,
            "nete": 0.3,
            "precision": 0.5956084520784969,
            "recall": 0.5929208309284476,
            "f1": 0.5942646415034724
        },
        {
            "mae": 54.0221204387261,
            "rmse": 63.030647990925985,
            "nete": 0.3,
            "precision": 0.5905659279824663,
            "recall": 0.6416678627161815,
            "f1": 0.6161168953493238
        },
        {
            "mae": 53.06682997253408,
            "rmse": 63.882087388933584,
            "nete": 0.3,
            "precision": 0.5662394835313854,
            "recall": 0.6838773501003989,
            "f1": 0.6250584168158921
        },
        {
            "mae": 51.29144613435288,
            "rmse": 59.04247161938227,
            "nete": 0.3,
            "precision": 0.6358131619504737,
            "recall": 0.6582688420691205,
            "f1": 0.6470410020097972
        },
        {
            "mae": 48.829744614610455,
            "rmse": 59.03476889601692,
            "nete": 0.3,
            "precision": 0.643433355580246,
            "recall": 0.6658943169396901,
            "f1": 0.654663836259968
        },
        {
            "mae": 48.42156266859272,
            "rmse": 57.33295708353368,
            "nete": 0.3,
            "precision": 0.6260054841211367,
            "recall": 0.7145604139048727,
            "f1": 0.6702829490130047
        },
        {
            "mae": 46.327254871882545,
            "rmse": 53.57420038065688,
            "nete": 0.3,
            "precision": 0.6722389197189773,
            "recall": 0.699022374708676,
            "f1": 0.6856306472138266
        },
        {
            "mae": 45.87902337789332,
            "rmse": 57.069096042440236,
            "nete": 0.3,
            "precision": 0.6645918399058043,
            "recall": 0.7052677198604723,
            "f1": 0.6849297798831382
        },
        {
            "mae": 45.96692219336666,
            "rmse": 53.67194390483904,
            "nete": 0.3,
            "precision": 0.6758965278649586,
            "recall": 0.7299916064413544,
            "f1": 0.7029440671531565
        },
        {
            "mae": 42.394077985939134,
            "rmse": 51.18715434103028,
            "nete": 0.3,
            "precision": 0.6778388664404195,
            "recall": 0.7487714581147467,
            "f1": 0.7133051622775831
        },
        {
            "mae": 41.58123290547429,
            "rmse": 45.98053048076598,
            "nete": 0.3,