{
    "train_loss": [
        0.04800686864673496,
        0.045715278121921575,
        0.043967021725172396,
        0.04254085757326392,
        0.04024915292114316,
        0.03805927098318716,
        0.03522027218023681,
        0.03396736930484769,
        0.03200721456326047,
        0.03022061308519461,
        0.0293956336612815,
        0.026247820594979474,
        0.024539861533161265,
        0.022842761734783668,
        0.02272915234684941,
        0.021777646149765285,
        0.020220475467948737,
        0.019878167600809873,
        0.018013954301087924,
        0.015013045169307446,
        0.014253495170223188,
        0.013751713961384913,
        0.014112084595936505,
        0.012445137188568359,
        0.009339197217845766,
        0.011298027019866562,
        0.011769591591004073,
        0.011482234105751887,
        0.011192036663241188,
        0.010113898570806554,
        0.009604255231644411,
        0.007587772002186185,
        0.009005570085269025,
        0.009387161173208916,
        0.00875164712900125,
        0.008425649392215788,
        0.007450052832132792,
        0.006335644422762038,
        0.006297690616212543,
        0.0061605692260229845,
        0.00667380655748599,
        0.006876813361824828,
        0.005377630627800663,
        0.0036629965869989386,
        0.004111228944374792,
        0.003829675221042711,
        0.0030679338193912763,
        0.0020527442946871107,
        0.0025925995600818287,
        0.01183869455586106
    ],
    "val_loss": [
        0.05240721207907171,
        0.05356889019530317,
        0.05182397938134404,
        0.04772998546869791,
        0.04566373168910317,
        0.04309432507216998,
        0.043569595563798275,
        0.040282504406186796,
        0.03938962049303708,
        0.03780325236526793,
        0.03581730898853837,
        0.032353887893720186,
        0.030460011526575317,
        0.029169411224327226,
        0.0293181099590801,
        0.029022526649587498,
        0.02735947396140657,
        0.025579801687531538,
        0.027760302523730636,
        0.026562143321455026,
        0.024862129170598324,
        0.023889475407967282,
        0.02103046324613661,
        0.01932876549348042,
        0.019228432073839927,
        0.01947473392841563,
        0.018695086230700524,
        0.01776537553143669,
        0.017785928646140745,
        0.015685950875369774,
        0.015278808372694687,
        0.014100653238291981,
        0.013197806271782032,
        0.011856519231869362,
        0.015324505963114259,
        0.01710292433918159,
        0.01438719135392594,
        0.014459331968262346,
        0.01375594419271087,
        0.01294676048803749,
        0.01258398418339487,
        0.01221041681226946,
        0.01003687656391105,
        0.009485316619618362,
        0.008700728062467933,
        0.006486966163533896,
        0.007336826179304843,
        0.00795533003290562,
        0.0079786446026269,
        0.013104620748915849
    ],
    "val_metrics": [
        {
            "mae": 60.96573223936915,
            "rmse": 74.59060759339152,
            "nete": 0.3,
            "precision": 0.5,
            "recall": 0.5,
            "f1": 0.40304052673809926
        },
        {
            "mae": 60.797054882064856,
            "rmse": 75.39549524503276,
            "nete": 0.3,
            "precision": 0.5,
            "recall": 0.5,
            "f1": 0.45052083346450966
        },
        {
            "mae": 58.40089055754243,
            "rmse": 72.3318998550275,
            "nete": 0.3,
            "precision": 0.5,
            "recall": 0.5,
            "f1": 0.45352919739389513
        },
        {
            "mae": 56.00786741391311,
            "rmse": 68.54352469650229,
            "nete": 0.3,
            "precision": 0.5,
            "recall": 0.5132452911723806,
            "f1": 0.47056584695266823
        },
        {
            "mae": 56.00954797390275,
            "rmse": 67.65702014179023,
            "nete": 0.3,
            "precision": 0.5,
            "recall": 0.5,
            "f1": 0.4846519235040541
        },
        {
            "mae": 54.40819097883957,
            "rmse": 64.81361949570208,
            "nete": 0.3,
            "precision": 0.5,
            "recall": 0.5285970186757911,
            "f1": 0.49477952931043595
        },
        {
            "mae": 52.12265799962847,
            "rmse": 62.19291332415199,
            "nete": 0.3,
            "precision": 0.5022162659531724,
            "recall": 0.5442368257649095,
            "f1": 0.523226545859041
        },
        {
            "mae": 50.53517072188671,
            "rmse": 59.03453803039825,
            "nete": 0.3,
            "precision": 0.5103249180897573,
            "recall": 0.5695482028554639,
            "f1": 0.5399365604726105
        },
        {
            "mae": 49.66817638217333,
            "rmse": 59.060744527934254,
            "nete": 0.3,
            "precision": 0.5139175200530668,
            "recall": 0.5926424645782032,
            "f1": 0.553279992315635
        },
        {
            "mae": 49.44503242330905,
            "rmse": 60.81659721800953,
            "nete": 0.3,
            "precision": 0.5088105480814299,
            "recall": 0.5964197593470871,
            "f1": 0.5526151537142585
        },
        {
            "mae": 46.27908747979029,
            "rmse": 57.33082887607181,
            "nete": 0.3,
            "precision": 0.5492341160177009,
            "recall": 0.5844369438335701,
            "f1": 0.5668355299256356
        },
        {
            "mae": 44.97175506962372,
            "rmse": 55.80515463252606,
            "nete": 0.3,
            "precision": 0.563804955736039,
            "recall": 0.6092548575291454,
            "f1": 0.5865299066325922
        },
        {
            "mae": 44.46575903607564,
            "rmse": 54.61056169897306,
            "nete": 0.3,
            "precision": 0.58538578358886,
            "recall": 0.6185964747031345,
            "f1": 0.6019911291459972
        },
        {
            "mae": 42.71215505132793,
            "rmse": 51.795196578751955,
            "nete": 0.3,
            "precision": 0.5736895592692823,
            "recall": 0.6562000075044482,
            "f1": 0.6149447833868652
        },
        {
            "mae": 42.047733472300784,
            "rmse": 47.138200331640334,
            "nete": 0.3,
            "precision": 0.5979564193647247,
            "recall": 0.6752045404099718,
            "f1": 0.6365804798873483
        },
        {
            "mae": 40.875419810358856,
            "rmse": 46.732769084456464,
            "nete": 0.3,
            "precision": 0.6208801543725107,
            "recall": 0.6858023969058059,
            "f1": 0.6533412756391583
        },
        {
            "mae": 38.34302113748634,
            "rmse": 48.052138875485056,
            "nete": 0.3,
            "precision": 0.632661821302771,
            "recall": 0.6843905654393483,
            "f1": 0.6585261933710596
        },
        {
            "mae": 38.30289110227329,
            "rmse": 46.821118315745565,
            "nete": 0.3,
            "precision": 0.6227509943280419,
            "recall": 0.6964220062819184,
            "f1": 0.6595865003049802
        },
        {
            "mae": 36.44605010235613,
            "rmse": 44.82219361911808,
            "nete": 0.3,
            "precision": 0.6384322394240064,
            "recall": 0.7359433233497429,
            "f1": 0.6871877813868746
        },
        {
            "mae": 34.93180359829395,
            "rmse": 41.96737197418186,
            "nete": 0.3,
            "precision": 0.6603762349160343,
            "recall": 0.726687094927062,
            "f1": 0.6935316649215482
        },
        {
            "mae": 34.91648703501952,
            "rmse": 42.598998537926285,
            "nete": 0.3,
            "precision": 0.6738378508224322,