{
    "train_loss": [
        0.056673748600553596,
        0.05576513597880266,
        0.05388824531269852,
        0.05166521153963207,
        0.050062059511445635,
        0.048204111563389905,
        0.0457487483510487,
        0.044432905093125835,
        0.04224862409466115,
        0.04088625855331952,
        0.0390857526818899,
        0.03594760796489694,
        0.0346619149750274,
        0.03260558215661372,
        0.030806750177492268,
        0.030084843726323002,
        0.027312606588005196,
        0.02616180795718969,
        0.024011891425604823,
        0.02353655373902794,
        0.020976312676963395,
        0.020733887671414923,
        0.018475741991175104,
        0.018134533369933113,
        0.01695225757660508,
        0.015066852477457131,
        0.01526667996987025,
        0.015682507926121338,
        0.013585922350938064,
        0.012617294462179726,
        0.011446584351314059,
        0.011691951339912401,
        0.011587897118697964,
        0.010119978069995686,
        0.009731396213642364,
        0.008496929632808745,
        0.00933929277508091,
        0.008530970711164643,
        0.008141417999461038,
        0.008170956235000266,
        0.005905259781380836,
        0.005411229912342747,
        0.004944606428115531,
        0.004937194611768575,
        0.005123289087590386,
        0.007020904651578759,
        0.005534176440546171,
        0.0051688101995924635,
        0.008140467417268683,
        0.013592188419706386
    ],
    "val_loss": [
        0.06309416950278901,
        0.06200523074163037,
        0.060038113570457685,
        0.05652255832989638,
        0.05456516248701792,
        0.052614317141559404,
        0.05089303666962465,
        0.04865455034778213,
        0.046361055299394216,
        0.0449305714809855,
        0.043855806771430236,
        0.04172464621514441,
        0.03924761578661817,
        0.03701952459214376,
        0.039104750777267716,
        0.03441374111761063,
        0.031206862550140803,
        0.029905541583660756,
        0.030736328907900633,
        0.029603263773273623,
        0.03091097290037869,
        0.03194536640480654,
        0.03034723166947273,
        0.02882139417671908,
        0.02646630890016671,
        0.025045511389224225,
        0.0239858434811861,
        0.022698048536840484,
        0.023002573500623773,
        0.022538870174548736,
        0.01979117532924647,
        0.02068218838997158,
        0.018895086873067832,
        0.017708300339436014,
        0.017007014732024914,
        0.01720965810335409,
        0.018843779874346895,
        0.01892326976572735,
        0.01869422320969318,
        0.018660539443061366,
        0.018415452004322833,
        0.015983885018319526,
        0.014607944373388403,
        0.013245155544376212,
        0.012567182032399654,
        0.013928380756094079,
        0.011011737685360217,
        0.010474357392823007,
        0.010547490788132118,
        0.020263899562752596
    ],
    "val_metrics": [
        {
            "mae": 71.47010547454231,
            "rmse": 84.15519387869028,
            "nete": 0.3,
            "precision": 0.5,
            "recall": 0.5,
            "f1": 0.4746146630442496
        },
        {
            "mae": 68.57388876432897,
            "rmse": 83.20155292406193,
            "nete": 0.3,
            "precision": 0.5,
            "recall": 0.5016379304456197,
            "f1": 0.4945391694003835
        },
        {
            "mae": 67.07877609120882,
            "rmse": 83.17445295716901,
            "nete": 0.3,
            "precision": 0.5,
            "recall": 0.5587777421552771,
            "f1": 0.5169430752895554
        },
        {
            "mae": 65.56087962083988,
            "rmse": 79.06734034256363,
            "nete": 0.3,
            "precision": 0.5238426297359804,
            "recall": 0.5578084607885074,
            "f1": 0.5408255452622439
        },
        {
            "mae": 63.20183128356328,
            "rmse": 76.51297970614866,
            "nete": 0.3,
            "precision": 0.5307275260432359,
            "recall": 0.5793809054272294,
            "f1": 0.5550542157352327
        },
        {
            "mae": 60.77256114098148,
            "rmse": 70.91882091305463,
            "nete": 0.3,
            "precision": 0.5581379842243207,
            "recall": 0.6135116794253703,
            "f1": 0.5858248318248455
        },
        {
            "mae": 60.55701114990358,
            "rmse": 72.02035726288565,
            "nete": 0.3,
            "precision": 0.531103018334923,
            "recall": 0.6245545486210308,
            "f1": 0.5778287834779768
        },
        {
            "mae": 59.70022683309494,
            "rmse": 76.4713804376654,
            "nete": 0.3,
            "precision": 0.572086386541443,
            "recall": 0.6531810576863266,
            "f1": 0.6126337221138848
        },
        {
            "mae": 56.30156036895041,
            "rmse": 70.51359604268092,
            "nete": 0.3,
            "precision": 0.6019307102780935,
            "recall": 0.6304519180760475,
            "f1": 0.6161913141770705
        },
        {
            "mae": 55.29536508298122,
            "rmse": 67.2698524950061,
            "nete": 0.3,
            "precision": 0.5921033971257308,
            "recall": 0.668564585064791,
            "f1": 0.630333991095261
        },
        {
            "mae": 53.273013371531874,
            "rmse": 61.37168089551246,
            "nete": 0.3,
            "precision": 0.6421198746885136,
            "recall": 0.7068604422233242,
            "f1": 0.674490158455919
        },
        {
            "mae": 51.92540728133321,
            "rmse": 61.889525278180024,
            "nete": 0.3,
            "precision": 0.6383810769171046,
            "recall": 0.7421913604052207,
            "f1": 0.6902862186611627
        },
        {
            "mae": 50.690549217676654,
            "rmse": 59.177935739693524,
            "nete": 0.3,
            "precision": 0.6338473332181868,
            "recall": 0.7167216864606945,
            "f1": 0.6752845098394407
        },
        {
            "mae": 48.4576941413593,
            "rmse": 54.65435722824458,
            "nete": 0.3,
            "precision": 0.6674034524298619,
            "recall": 0.7359412238675447,
            "f1": 0.7016723381487033
        },
        {
            "mae": 48.43428007851935,
            "rmse": 62.548347447492965,
            "nete": 0.3,
            "precision": 0.6528884614447028,
            "recall": 0.7496172355277018,
            "f1": 0.7012528484862023
        },
        {
            "mae": 46.42577430797609,
            "rmse": 54.70797990077301,
            "nete": 0.3,
            "precision": 0.6967302182969363,
            "recall": 0.7922544591385315,
            "f1": 0.7444923387177339
        },
        {
            "mae": 43.429940536045756,
            "rmse": 49.70366740726659,
            "nete": 0.3,
            "precision": 0.7042847852865153,
            "recall": 0.7958548814619326,
            "f1": 0.750069833374224
        },
        {
            "mae": 43.52326893828084,
            "rmse": 51.63943364009905,
            "nete": 0.3,
            "precision": 0.7210498455370804,
            "recall": 0.7961313785976579,
            "f1": 0.7585906120673691
        },
        {
            "mae": 43.10955931620241,
            "rmse": 51.88342163819701,
            "nete": 0.3,
            "precision": 0.7307989635153991,
            "recall": 0.8140798355171813,
            "f1": 0.7724393995162903
        },
        {
            "mae": 41.3608512265323,
            "rmse": 49.63469967098913,
            "nete": 0.3,
            "precision": 0.7461576514825156,
            "recall": 0.8024714819441444,
            "f1": 0.77431456671333
        },
        {
            "mae": 39.48979627654399,
            "rmse": 47.59741124330058,