{
    "train_loss": [
        0.050818160108055566,
        0.04998609028494183,
        0.048736537852099596,
        0.047722621080900036,
        0.04839048626353154,
        0.04673739695695981,
        0.04362666399485777,
        0.04186158369971678,
        0.040114586568587914,
        0.03695200838335505,
        0.03509259017201881,
        0.03383700222453975,
        0.03139602252551889,
        0.030488189210602396,
        0.028885966394128344,
        0.026511993526035855,
        0.026646477691387775,
        0.027265139333383304,
        0.027366446157600727,
        0.02531058912904248,
        0.022380819084627225,
        0.021827176554709175,
        0.020028661988868466,
        0.018894552338314392,
        0.018730174754610036,
        0.018713665079259575,
        0.016080085155168903,
        0.015511056317572058,
        0.014708696855504957,
        0.012802236176002074,
        0.010945822197286374,
        0.010073846561771878,
        0.009621202493425393,
        0.009631109181947388,
        0.010139508399949818,
        0.010613768019729245,
        0.008881607413948448,
        0.00824342479241087,
        0.006898141545559612,
        0.006306242146198165,
        0.0036065881165964764,
        0.004074486020856197,
        0.004526024435397193,
        0.00406814705318351,
        0.002423951537179686,
        0.0015393133765640192,
        0.001,
        0.001,
        0.001055855627673837,
        0.011344982921883344
    ],
    "val_loss": [
        0.05632784477983429,
        0.05448539479918893,
        0.053173364744704577,
        0.05210875213494504,
        0.05281001057670812,
        0.054391766084835744,
        0.05152101977237574,
        0.04870164762078862,
        0.045508310812041305,
        0.04405178657928369,
        0.04339763789387536,
        0.04175460187727719,
        0.0369622474134908,
        0.034012598671132516,
        0.0348551868983932,
        0.0324458424049274,
        0.030885574106672028,
        0.03062839630005247,
        0.030734768465480768,
        0.028612554485662727,
        0.02758232590592023,
        0.026798436763997385,
        0.025194248049086442,
        0.025652668226349897,
        0.025325828703356406,
        0.025740321259682356,
        0.026834606087461868,
        0.02617512442205495,
        0.025055873764260866,
        0.02368744423421698,
        0.022124069751813306,
        0.019802436900040455,
        0.01856702854983233,
        0.018159350785676147,
        0.016907354803482308,
        0.013461765849501756,
        0.011325687784645872,
        0.011528838112851075,
        0.009243048622837594,
        0.011186276118350949,
        0.012087570587979758,
        0.012406157763303095,
        0.01165310436718927,
        0.010665541190194534,
        0.010991448460616475,
        0.010455136042618355,
        0.009155594704813318,
        0.007705226264768052,
        0.008422149965725515,
        0.017690838391452295
    ],
    "val_metrics": [
        {
            "mae": 61.896831474774196,
            "rmse": 75.0407986061452,
            "nete": 0.3,
            "precision": 0.5,
            "recall": 0.5,
            "f1": 0.444649829806022
        },
        {
            "mae": 59.626042508330244,
            "rmse": 69.99269023275478,
            "nete": 0.3,
            "precision": 0.5,
            "recall": 0.5,
            "f1": 0.459956824941865
        },
        {
            "mae": 57.58953514144446,
            "rmse": 69.62327044367797,
            "nete": 0.3,
            "precision": 0.5,
            "recall": 0.5144952990307348,
            "f1": 0.4739585197279082
        },
        {
            "mae": 56.4607461467935,
            "rmse": 74.44607124741185,
            "nete": 0.3,
            "precision": 0.5071937650981428,
            "recall": 0.5030965479835028,
            "f1": 0.5051451565408228
        },
        {
            "mae": 55.89567536798013,
            "rmse": 67.09154333696172,
            "nete": 0.3,
            "precision": 0.5005313514952558,
            "recall": 0.5511664798763473,
            "f1": 0.5258489156858015
        },
        {
            "mae": 52.799882741477965,
            "rmse": 63.13948282813905,
            "nete": 0.3,
            "precision": 0.5,
            "recall": 0.5519430798896181,
            "f1": 0.5150171885647047
        },
        {
            "mae": 51.597711660044546,
            "rmse": 62.1956909945374,
            "nete": 0.3,
            "precision": 0.5,
            "recall": 0.5936314095579168,
            "f1": 0.5466820059556604
        },
        {
            "mae": 49.67174252203101,
            "rmse": 57.43037099126029,
            "nete": 0.3,
            "precision": 0.5236067174045813,
            "recall": 0.5740271247772903,
            "f1": 0.5488169210909358
        },
        {
            "mae": 49.93006891376182,
            "rmse": 57.174559555233834,
            "nete": 0.3,
            "precision": 0.5115601300000844,
            "recall": 0.5923935498760754,
            "f1": 0.5519768399380799
        },
        {
            "mae": 47.830162747178285,
            "rmse": 59.617741919771206,
            "nete": 0.3,
            "precision": 0.5502903383459071,
            "recall": 0.6414739291508197,
            "f1": 0.5958821337483634
        },
        {
            "mae": 46.37691423689909,
            "rmse": 57.611160052969694,
            "nete": 0.3,
            "precision": 0.5659667773670133,
            "recall": 0.6043789187207467,
            "f1": 0.58517284804388
        },
        {
            "mae": 46.006278489534694,
            "rmse": 55.17672356341767,
            "nete": 0.3,
            "precision": 0.6247776547094257,
            "recall": 0.6439994047830707,
            "f1": 0.6343885297462483
        },
        {
            "mae": 43.74717332119632,
            "rmse": 55.75292021099642,
            "nete": 0.3,
            "precision": 0.60805506331309,
            "recall": 0.6769485032888339,
            "f1": 0.642501783300962
        },
        {
            "mae": 42.848596683222326,
            "rmse": 47.802074104758134,
            "nete": 0.3,
            "precision": 0.6337714304204282,
            "recall": 0.6842191404563183,
            "f1": 0.6589952854383733
        },
        {
            "mae": 41.04132586994218,
            "rmse": 52.36576721982591,
            "nete": 0.3,
            "precision": 0.6280245771125951,
            "recall": 0.705144330205307,
            "f1": 0.666584453658951
        },
        {
            "mae": 41.11938436044559,
            "rmse": 49.88840986866405,
            "nete": 0.3,
            "precision": 0.6597325383047173,
            "recall": 0.6925542083515266,
            "f1": 0.6761433733281219
        },
        {
            "mae": 38.59889582959054,
            "rmse": 48.47675916180866,
            "nete": 0.3,
            "precision": 0.636531930513513,
            "recall": 0.793201538153967,
            "f1": 0.71486673433374
        },
        {
            "mae": 38.15925390141634,
            "rmse": 45.45047792978987,
            "nete": 0.3,
            "precision": 0.6683366205171716,
            "recall": 0.7275557877639471,
            "f1": 0.6979462041405593
        },
        {
            "mae": 37.510426589889114,
            "rmse": 42.57622564753589,
            "nete": 0.3,
            "precision": 0.6559760560829373,
            "recall": 0.7431631556887743,
            "f1": 0.6995696058858558
        },
        {
            "mae": 35.750120809199395,
            "rmse": 40.22982228622711,
            "nete": 0.3,
            "precision": 0.6825050997982274,
            "recall": 0.7849284550348846,
            "f1": 0.7337167774165559
        },
        {
            "mae": 34.286818871201866,
            "rmse": 40.68966646250992,
            "nete": 0.3,