{
    "train_loss": [
        0.04438046292169811,
        0.04296458735329879,
        0.04166029350607755,
        0.040394971826808755,
        0.04047266809731323,
        0.038316011510444434,
        0.036643430270698836,
        0.036502100453058836,
        0.03463097093577888,
        0.03292389963612362,
        0.03145681272945374,
        0.02830689236545111,
        0.026273262886831624,
        0.02607847881143044,
        0.023601755234282106,
        0.022476970541360268,
        0.01870050771638171,
        0.017854534075201028,
        0.016867253934684006,
        0.01695357548633357,
        0.01554970624128406,
        0.016439604728206693,
        0.016306514065856544,
        0.014278378307312203,
        0.012819298437312254,
        0.013564167824694485,
        0.011882385824434086,
        0.010739240160517834,
        0.010013254295435065,
        0.010332944627004587,
        0.009141843623919751,
        0.007490260332686258,
        0.007402139726058131,
        0.007094523808535286,
        0.006595245589293965,
        0.00555293929880313,
        0.004785548568462347,
        0.007074734139838949,
        0.005545513620706745,
        0.007140104360405743,
        0.007382270145091611,
        0.007360795048012806,
        0.00605905787738925,
        0.007666795861533219,
        0.008022814029501975,
        0.007981504012768145,
        0.007156312233942417,
        0.005704054049599813,
        0.006935091256224944,
        0.010709217608255422
    ],
    "val_loss": [
        0.04859948606778302,
        0.047112816720963735,
        0.04574330818138143,
        0.044414720418149194,
        0.0444963015021789,
        0.04362388826156861,
        0.04047560178423378,
        0.04032720547571178,
        0.039621487330616226,
        0.03979482265249627,
        0.03916885236441276,
        0.04007457964846869,
        0.038136115848689436,
        0.03548187083342013,
        0.03416614597917258,
        0.03364326352291577,
        0.032583270535206106,
        0.03248171390448672,
        0.03242732143789642,
        0.031049660577689684,
        0.03072950362670047,
        0.02879016168651091,
        0.02820631689180121,
        0.026624282587414352,
        0.025346029929608094,
        0.02534346637769356,
        0.02626640663402588,
        0.02627273882831716,
        0.026978274486089752,
        0.026128358873945358,
        0.024235980008857776,
        0.02225331648711111,
        0.021006515452170322,
        0.016730440964317094,
        0.01429329825953084,
        0.014100293283753545,
        0.012605711331676967,
        0.013938679158936639,
        0.014642203659220086,
        0.01353033482927181,
        0.01343654143200082,
        0.012328663664934033,
        0.012398780765536011,
        0.011710858188902133,
        0.010423954730977075,
        0.010380579213406552,
        0.010710704722105948,
        0.009626839871579982,
        0.009281845819036192,
        0.013690103372670834
    ],
    "val_metrics": [
        {
            "mae": 54.49598387398054,
            "rmse": 65.51887221413313,
            "nete": 0.3,
            "precision": 0.5,
            "recall": 0.5,
            "f1": 0.3983863384541721
        },
        {
            "mae": 52.99507602539992,
            "rmse": 63.00785068340607,
            "nete": 0.3,
            "precision": 0.5,
            "recall": 0.5,
            "f1": 0.42187788492226924
        },
        {
            "mae": 51.719569751066125,
            "rmse": 60.095855235637316,
            "nete": 0.3,
            "precision": 0.5,
            "recall": 0.5,
            "f1": 0.43255293691957003
        },
        {
            "mae": 49.30451969013145,
            "rmse": 67.56237474442226,
            "nete": 0.3,
            "precision": 0.5,
            "recall": 0.5,
            "f1": 0.4474179803225072
        },
        {
            "mae": 49.44561972626358,
            "rmse": 58.18672136391455,
            "nete": 0.3,
            "precision": 0.5,
            "recall": 0.5,
            "f1": 0.4530746741461156
        },
        {
            "mae": 48.325607340208485,
            "rmse": 59.66875376882886,
            "nete": 0.3,
            "precision": 0.5,
            "recall": 0.5,
            "f1": 0.4741074174204803
        },
        {
            "mae": 46.40041252167972,
            "rmse": 54.159264095158235,
            "nete": 0.3,
            "precision": 0.5,
            "recall": 0.5269869253785652,
            "f1": 0.496737074203471
        },
        {
            "mae": 46.09833616475778,
            "rmse": 55.601294476081264,
            "nete": 0.3,
            "precision": 0.5,
            "recall": 0.556099332919236,
            "f1": 0.5013632336709468
        },
        {
            "mae": 44.06969199156629,
            "rmse": 56.215220256250625,
            "nete": 0.3,
            "precision": 0.5138313223571402,
            "recall": 0.548750542841301,
            "f1": 0.5312909325992207
        },
        {
            "mae": 42.880876795226726,
            "rmse": 54.9583706656605,
            "nete": 0.3,
            "precision": 0.5,
            "recall": 0.5576693873307316,
            "f1": 0.5230698251716225
        },
        {
            "mae": 41.134657002178876,
            "rmse": 50.80694956448171,
            "nete": 0.3,
            "precision": 0.524798126397948,
            "recall": 0.5383256155342268,
            "f1": 0.5315618709660873
        },
        {
            "mae": 40.92452733294215,
            "rmse": 48.690518920302644,
            "nete": 0.3,
            "precision": 0.520956103667775,
            "recall": 0.5899932439660834,
            "f1": 0.5554746738169292
        },
        {
            "mae": 39.33417226794817,
            "rmse": 43.70573944008398,
            "nete": 0.3,
            "precision": 0.5387520777865448,
            "recall": 0.5999493512293803,
            "f1": 0.5693507145079625
        },
        {
            "mae": 38.38397345348592,
            "rmse": 47.290072110651984,
            "nete": 0.3,
            "precision": 0.5798337534352611,
            "recall": 0.5940066430278338,
            "f1": 0.5869201982315474
        },
        {
            "mae": 36.96290941776436,
            "rmse": 45.06711081916719,
            "nete": 0.3,
            "precision": 0.5749544548420457,
            "recall": 0.5915972555758594,
            "f1": 0.5832758552089526
        },
        {
            "mae": 36.870037509904385,
            "rmse": 48.05290947047362,
            "nete": 0.3,
            "precision": 0.5711971329862402,
            "recall": 0.6171295199439968,
            "f1": 0.5941633264651184
        },
        {
            "mae": 35.45023923157947,
            "rmse": 44.28761443290825,
            "nete": 0.3,
            "precision": 0.5928797611008625,
            "recall": 0.6396940928487662,
            "f1": 0.6162869269748144
        },
        {
            "mae": 33.303112461272384,
            "rmse": 41.66593344089671,
            "nete": 0.3,
            "precision": 0.6132614825140148,
            "recall": 0.6744916135974124,
            "f1": 0.6438765480557136
        },
        {
            "mae": 33.234873906436356,
            "rmse": 43.67974724261721,
            "nete": 0.3,
            "precision": 0.602923616330051,
            "recall": 0.6878744504006945,
            "f1": 0.6453990333653726
        },
        {
            "mae": 31.528526422221894,
            "rmse": 39.95098930580789,
            "nete": 0.3,
            "precision": 0.5976664071345751,
            "recall": 0.664550476205752,
            "f1": 0.6311084416701634
        },
        {
            "mae": 31.46978233251171,
            "rmse": 39.499489568236555,
            "nete": 0.3,
            "precision": 0.6183469507779885,
            "recall": 0.6994693376552081,