{
    "train_loss": [
        0.04622580338172762,
        0.04364257324053623,
        0.04130041988460281,
        0.03964195561287193,
        0.03778131602964705,
        0.03655025389029898,
        0.03467813021258184,
        0.034903034839572425,
        0.032345642397543485,
        0.031612468101679995,
        0.03042776950610309,
        0.028639372696327423,
        0.027964577860157408,
        0.027020556948944365,
        0.024726579954832798,
        0.024445594686101066,
        0.024085408695095335,
        0.02321457986245209,
        0.021176786642612556,
        0.0198592298317216,
        0.020525062946051168,
        0.016816293341993072,
        0.016844402046685573,
        0.01813858073375273,
        0.016499658025271615,
        0.01653944586019452,
        0.015087122537286538,
        0.0140166299850189,
        0.012505997036858486,
        0.01062500796217426,
        0.008565534932926723,
        0.006781110117113421,
        0.006091236640734694,
        0.005493002431983483,
        0.004049497948289658,
        0.0030904209124784235,
        0.004809541121067094,
        0.004172705059996675,
        0.0023434105173847242,
        0.002165580096137213,
        0.004125360903267129,
        0.002807123435262281,
        0.0036938274823605077,
        0.0012887946849212068,
        0.0010643135312935457,
        0.0016362449863746758,
        0.001331233326055037,
        0.0016181394934503257,
        0.0027569748985384205,
        0.00804926042277307
    ],
    "val_loss": [
        0.050537093550814004,
        0.04782470190256304,
        0.04536544087883296,
        0.043624053393515536,
        0.04167038183112941,
        0.04037776658481393,
        0.039215881378315325,
        0.03864818658155105,
        0.03882632079485003,
        0.03673088735670953,
        0.034281046133989516,
        0.03267020807732964,
        0.03255500306555736,
        0.030655164563460718,
        0.028223759850277367,
        0.02766787442040612,
        0.0272896791298501,
        0.026375308855574695,
        0.024235625974743186,
        0.024869587807938666,
        0.02490337868251508,
        0.02368276282500993,
        0.021077768441882083,
        0.022309129695083137,
        0.021511426448378702,
        0.02150926719911106,
        0.020590417530546697,
        0.019475891793243744,
        0.015131296888701412,
        0.01328488634017612,
        0.01385120295799537,
        0.013228762482631185,
        0.01133800838317582,
        0.008863072268524265,
        0.009121470595384953,
        0.00871775135751961,
        0.008554344608769497,
        0.007231622178460826,
        0.006106037641791076,
        0.006048459569147633,
        0.006331628948430486,
        0.005204727344862088,
        0.005878518856478533,
        0.007481895772236511,
        0.00732316511638503,
        0.006413279445115018,
        0.0042159008951900764,
        0.003699046468122842,
        0.004894823643465341,
        0.011218940501955436
    ],
    "val_metrics": [
        {
            "mae": 50.41131651472736,
            "rmse": 58.97164476479505,
            "nete": 0.3,
            "precision": 0.5,
            "recall": 0.5,
            "f1": 0.46523472146723527
        },
        {
            "mae": 49.86153401417302,
            "rmse": 58.381921297576284,
            "nete": 0.3,
            "precision": 0.5,
            "recall": 0.5,
            "f1": 0.44607237355230295
        },
        {
            "mae": 49.087125065682294,
            "rmse": 62.62567594618885,
            "nete": 0.3,
            "precision": 0.5,
            "recall": 0.5,
            "f1": 0.4777917383774552
        },
        {
            "mae": 46.37872544951483,
            "rmse": 57.12416866851388,
            "nete": 0.3,
            "precision": 0.5,
            "recall": 0.5187991631540763,
            "f1": 0.502296072790427
        },
        {
            "mae": 45.038934285645624,
            "rmse": 55.793998996940424,
            "nete": 0.3,
            "precision": 0.5193049852362909,
            "recall": 0.5427042669184574,
            "f1": 0.5310046260773741
        },
        {
            "mae": 45.0734262855348,
            "rmse": 53.17854940338806,
            "nete": 0.3,
            "precision": 0.5,
            "recall": 0.5772900922429394,
            "f1": 0.5341535200655662
        },
        {
            "mae": 44.0133077567182,
            "rmse": 53.50469815333754,
            "nete": 0.3,
            "precision": 0.5,
            "recall": 0.595924974843364,
            "f1": 0.5377767630071785
        },
        {
            "mae": 42.287098632728025,
            "rmse": 50.14635585478059,
            "nete": 0.3,
            "precision": 0.5551886282853229,
            "recall": 0.5765303844301264,
            "f1": 0.5658595063577246
        },
        {
            "mae": 40.580660117110824,
            "rmse": 49.56720531665936,
            "nete": 0.3,
            "precision": 0.5446384506114206,
            "recall": 0.5990560961872259,
            "f1": 0.5718472733993233
        },
        {
            "mae": 39.71323748330913,
            "rmse": 49.32761425825169,
            "nete": 0.3,
            "precision": 0.5620990489548305,
            "recall": 0.6516248503930708,
            "f1": 0.6068619496739507
        },
        {
            "mae": 38.31900195557998,
            "rmse": 46.43996936168432,
            "nete": 0.3,
            "precision": 0.5955410769596683,
            "recall": 0.6078393127341968,
            "f1": 0.6016901948469325
        },
        {
            "mae": 37.51239669076069,
            "rmse": 45.1767655325918,
            "nete": 0.3,
            "precision": 0.5921078049466069,
            "recall": 0.6614590831517546,
            "f1": 0.6267834440491806
        },
        {
            "mae": 34.99390718336763,
            "rmse": 41.672041114541216,
            "nete": 0.3,
            "precision": 0.6294267079406576,
            "recall": 0.6439904517032786,
            "f1": 0.636708579821968
        },
        {
            "mae": 35.673720343824755,
            "rmse": 42.50906797985693,
            "nete": 0.3,
            "precision": 0.6073892718617702,
            "recall": 0.6888833038742327,
            "f1": 0.6481362878680015
        },
        {
            "mae": 34.42674811011027,
            "rmse": 41.01906919275544,
            "nete": 0.3,
            "precision": 0.6152094202595294,
            "recall": 0.6968921148102205,
            "f1": 0.656050767534875
        },
        {
            "mae": 33.46665135332282,
            "rmse": 38.74264947680926,
            "nete": 0.3,
            "precision": 0.6206167646452435,
            "recall": 0.7078243311442362,
            "f1": 0.6642205478947397
        },
        {
            "mae": 31.708566152335443,
            "rmse": 38.59665947596789,
            "nete": 0.3,
            "precision": 0.6471444862375704,
            "recall": 0.728482673089862,
            "f1": 0.6878135796637161
        },
        {
            "mae": 31.785055553578253,
            "rmse": 39.89607190207651,
            "nete": 0.3,
            "precision": 0.6743369479213207,
            "recall": 0.7364555686413989,
            "f1": 0.7053962582813599
        },
        {
            "mae": 30.155486926872353,
            "rmse": 34.87536735851449,
            "nete": 0.29910082916169367,
            "precision": 0.6478650343521306,
            "recall": 0.7689797155602071,
            "f1": 0.7084223749561689
        },
        {
            "mae": 29.401147745622993,
            "rmse": 34.08118335069811,
            "nete": 0.2948122299374953,
            "precision": 0.685536447819149,
            "recall": 0.7718623742144087,
            "f1": 0.7286994110167789
        },
        {
            "mae": 28.97807049758074,
            "rmse": 37.69209727752216,