{
    "appliance": "fridge",
    "window_size": 100,
    "model_params": {
        "input_size": 1,
        "hidden_size": 128,
        "num_layers": 2,
        "output_size": 1,
        "bidirectional": true
    },
    "train_params": {
        "lr": 0.001,
        "epochs": 10,
        "patience": 3
    },
    "final_metrics": {
        "train_loss": 3424.602932400174,
        "val_loss": 4157.375084927844,
        "test_loss": 5997.6535439615245,
        "test_metrics": {
            "mae": 48.540767669677734,
            "rmse": 77.36808013916016,
            "nete": 0.5168647170066833,
            "precision": 0.5672378739471391,
            "recall": 0.9779669504256384,
            "f1": 0.7180147058823529
        }
    }
}