{
    "appliance": "microwave",
    "window_size": 100,
    "model_params": {
        "input_size": 1,
        "output_size": 1,
        "hidden_size": 128,
        "num_layers": 3,
        "num_heads": 4,
        "dropout": 0.1
    },
    "train_params": {
        "lr": 0.001,
        "epochs": 10,
        "patience": 3
    },
    "final_metrics": {
        "train_loss": 14510.227084159851,
        "val_loss": 30384.6240473008,
        "test_loss": 33302.230054662854,
        "test_metrics": {
            "mae": 25.04463768005371,
            "rmse": 182.58029174804688,
            "nete": 0.8202261328697205,
            "sae": 0.017892892892892864,
            "precision": 0.0,
            "recall": 0.0,
            "f1": 0.0
        }
    }
}