,mae,rmse,f1,precision,recall
lstm,25.799269680517256,31.237121486932402,0.8825378958945848,0.8372002918873648,0.927875499901805
gru,27.015970955500016,31.861379374431863,0.8611289889047281,0.8099118907936494,0.9095225733625639
tcn,23.30798969051935,28.623568082033692,0.8918221731998071,0.8548855690966469,0.9252195878891974
liquid,18.628530039053167,22.478437993914916,0.9225050428234743,0.8812675560627372,0.9546278829175069
advanced_liquid,17.522053402130254,21.37325166957617,0.9357813194188009,0.8889633512161801,0.969626584611689
resnet,23.880691831621352,29.310142049567524,0.8844105523021393,0.84077472490743,0.9179414013703138
transformer,20.96238128970459,25.69498414295763,0.9111527301826214,0.8839206446592855,0.9383848157059571
