{
    "train_loss": [
        0.051704888045521584,
        0.04997796890825577,
        0.04667812091029405,
        0.0434099223776229,
        0.041322478246264796,
        0.04173393708459489,
        0.04036579256633065,
        0.036685457319807026,
        0.036812192708833666,
        0.033821756908429354,
        0.03166931692053962,
        0.029831288416865973,
        0.028096116013673678,
        0.028060925299168885,
        0.026367116933390895,
        0.02484237483198193,
        0.02515042669812742,
        0.023621640334500118,
        0.022192832083602426,
        0.0209980183229076,
        0.018672035412850296,
        0.01650987480764672,
        0.016142663098734047,
        0.014438644416811558,
        0.014024764091915234,
        0.014423573863167125,
        0.01200961086793998,
        0.010917730299991532,
        0.010078005387682604,
        0.009308453397289635,
        0.007338484936332043,
        0.0062683175633618925,
        0.008197463833121171,
        0.00857922148832862,
        0.009287179276906631,
        0.00963393910373201,
        0.009538657085239443,
        0.008719644261400553,
        0.008866555964530525,
        0.009583170246606676,
        0.009640012617400467,
        0.009840109660925862,
        0.008259434944058956,
        0.008172122724287254,
        0.0076622811375484075,
        0.009503511739456974,
        0.010386889543380916,
        0.008820116049612227,
        0.00937825848294393,
        0.0075269271938445195
    ],
    "val_loss": [
        0.05629013244779767,
        0.05447686735366856,
        0.053119723234810234,
        0.049542144515528456,
        0.047090498526942755,
        0.04582063393882464,
        0.04460580718138218,
        0.042991018683323695,
        0.04361055814943555,
        0.040739913274971375,
        0.035834208033667846,
        0.03332285283770928,
        0.033091524361492666,
        0.03146397156412733,
        0.029685472780060444,
        0.028084493573581032,
        0.028407948033033793,
        0.02690972638726091,
        0.025508824982734858,
        0.026851564148866,
        0.025864647692823088,
        0.023989176772906337,
        0.021212071772264463,
        0.02102031129374694,
        0.02024016739446876,
        0.017601055870027606,
        0.01665443020947337,
        0.01500279141296115,
        0.012581905657066735,
        0.011773876067154116,
        0.009705409183148645,
        0.008581733441529987,
        0.01060733702477723,
        0.01102191540352301,
        0.011751538240751962,
        0.01211563605891861,
        0.012015589939501416,
        0.01139933222248154,
        0.012281380026215878,
        0.01235618898242156,
        0.012122013248270492,
        0.012332115143972157,
        0.014535697181469815,
        0.016093465381532855,
        0.014229606579383648,
        0.012909671020672525,
        0.012906234020549964,
        0.014131403180236472,
        0.015490726263671309,
        0.010971831255357046
    ],
    "val_metrics": [
        {
            "mae": 57.32655961568093,
            "rmse": 68.64089797142175,
            "nete": 0.3,
            "precision": 0.5,
            "recall": 0.5132328061510539,
            "f1": 0.4781185920931146
        },
        {
            "mae": 56.20177444280383,
            "rmse": 67.18696131858202,
            "nete": 0.3,
            "precision": 0.5,
            "recall": 0.5130869360962365,
            "f1": 0.4992348663203335
        },
        {
            "mae": 53.50779760544411,
            "rmse": 64.80401743131225,
            "nete": 0.3,
            "precision": 0.5093081336805094,
            "recall": 0.5543995444346294,
            "f1": 0.5318538390575694
        },
        {
            "mae": 52.48103541719759,
            "rmse": 59.95198727033723,
            "nete": 0.3,
            "precision": 0.511133928421811,
            "recall": 0.5825248255127234,
            "f1": 0.5468293769672672
        },
        {
            "mae": 52.534822818337595,
            "rmse": 62.78190139860119,
            "nete": 0.3,
            "precision": 0.5161456587217053,
            "recall": 0.5822134249137062,
            "f1": 0.5491795418177058
        },
        {
            "mae": 48.97773704389884,
            "rmse": 54.63021978167174,
            "nete": 0.3,
            "precision": 0.5599789895280882,
            "recall": 0.6255959047196686,
            "f1": 0.5927874471238784
        },
        {
            "mae": 48.65903589837477,
            "rmse": 59.80253203624637,
            "nete": 0.3,
            "precision": 0.5630996091091169,
            "recall": 0.6337466818451897,
            "f1": 0.5984231454771533
        },
        {
            "mae": 47.2502109551166,
            "rmse": 57.12644903886641,
            "nete": 0.3,
            "precision": 0.5863250463203206,
            "recall": 0.6793908092185529,
            "f1": 0.6328579277694367
        },
        {
            "mae": 45.75374273789311,
            "rmse": 54.06804120362921,
            "nete": 0.3,
            "precision": 0.6045220284625948,
            "recall": 0.6437926779848951,
            "f1": 0.624157353223745
        },
        {
            "mae": 44.529356453137765,
            "rmse": 49.76497865296812,
            "nete": 0.3,
            "precision": 0.6349199398470801,
            "recall": 0.6664241205922351,
            "f1": 0.6506720302196576
        },
        {
            "mae": 43.00352668809626,
            "rmse": 52.35606069057346,
            "nete": 0.3,
            "precision": 0.603293417934247,
            "recall": 0.7286570868609534,
            "f1": 0.6659752523976002
        },
        {
            "mae": 42.0247058453655,
            "rmse": 47.78232340505454,
            "nete": 0.3,
            "precision": 0.673022721519445,
            "recall": 0.698220150050166,
            "f1": 0.6856214357848055
        },
        {
            "mae": 41.33446022017863,
            "rmse": 51.51700321624466,
            "nete": 0.3,
            "precision": 0.6578995740120409,
            "recall": 0.7587959959878097,
            "f1": 0.7083477849999252
        },
        {
            "mae": 39.32167812793809,
            "rmse": 47.32255980215632,
            "nete": 0.3,
            "precision": 0.6675650418455812,
            "recall": 0.7436020838632246,
            "f1": 0.7055835628544029
        },
        {
            "mae": 38.618305637927044,
            "rmse": 47.02242136448295,
            "nete": 0.3,
            "precision": 0.6956128000133445,
            "recall": 0.7394684126176343,
            "f1": 0.7175406063154893
        },
        {
            "mae": 37.79148424964978,
            "rmse": 47.37426018038374,
            "nete": 0.3,
            "precision": 0.6985482505591721,
            "recall": 0.7897599347975667,
            "f1": 0.7441540926783694
        },
        {
            "mae": 37.58255148845155,
            "rmse": 45.871568398694436,
            "nete": 0.3,
            "precision": 0.7273740526808443,
            "recall": 0.7923002949921713,
            "f1": 0.7598371738365077
        },
        {
            "mae": 35.24466159877689,
            "rmse": 43.65336786250453,
            "nete": 0.3,
            "precision": 0.702196526435731,
            "recall": 0.824923870108311,
            "f1": 0.7635601982720212
        },
        {
            "mae": 35.08734845071535,
            "rmse": 43.639603451588286,
            "nete": 0.3,
            "precision": 0.7478190221138539,
            "recall": 0.8154931310267459,
            "f1": 0.7816560765702999
        },
        {
            "mae": 33.86322332930955,
            "rmse": 38.94338735548051,
            "nete": 0.3,
            "precision": 0.76761702755239,
            "recall": 0.8274771300253835,
            "f1": 0.7975470787888869
        },
        {
            "mae": 33.0183817413675,