{
    "train_loss": [
        0.04616099761152834,
        0.04554252469917974,
        0.043405775166549025,
        0.0429297125138039,
        0.041905695119236516,
        0.040388567562644875,
        0.03807097426742157,
        0.0366260140837283,
        0.034609168029119564,
        0.03182830377032895,
        0.031151791787854488,
        0.030901612686588784,
        0.028335940728111235,
        0.028531488954283167,
        0.02651964919044696,
        0.026599617863711872,
        0.02624978227268447,
        0.023773313946399588,
        0.02324386957563478,
        0.022676481959616072,
        0.023083665017220187,
        0.021501102418293352,
        0.022347898592269565,
        0.020661958541437108,
        0.02127957007577751,
        0.019664614699841595,
        0.01847414075310239,
        0.017973336446303813,
        0.01784377625526391,
        0.017122763220579942,
        0.015779544701217535,
        0.015586499416691988,
        0.015153240072193484,
        0.015344605887504588,
        0.015424045470458458,
        0.013580902124736121,
        0.012231971289692252,
        0.010974849663524626,
        0.009051275789444837,
        0.008432670607775392,
        0.008131515911172471,
        0.007449760041356517,
        0.00842884905328759,
        0.007072863333909208,
        0.00676636090061915,
        0.006609396949249543,
        0.007006075874227556,
        0.008191594062071553,
        0.007935516234764614,
        0.011337575467002427
    ],
    "val_loss": [
        0.052526680452877325,
        0.050473943362964145,
        0.04847558807625543,
        0.047076198139494096,
        0.04600097987519835,
        0.04440799594077712,
        0.041974522980792656,
        0.0422266066762337,
        0.03833962643057554,
        0.036806026338695355,
        0.036025367410304494,
        0.03444669332091823,
        0.0319579195747005,
        0.0322142672298145,
        0.0332848453001335,
        0.033390405670807186,
        0.030991375751100794,
        0.030668464377585497,
        0.03029341367932571,
        0.028465221515419227,
        0.027747465396245917,
        0.03188272668247949,
        0.031891359219640876,
        0.032050155443170684,
        0.03516025152318846,
        0.033556945036533566,
        0.03297810514189493,
        0.029919225752427458,
        0.027483422703756217,
        0.024496337851428376,
        0.028714745837923408,
        0.026031186153176983,
        0.024504166519590698,
        0.02281252587586791,
        0.022007572653367263,
        0.019251325446957127,
        0.017256042860933764,
        0.01689582596717893,
        0.017088945148983792,
        0.015108925867942442,
        0.015377646116698392,
        0.013159718363087328,
        0.012013500976103576,
        0.00942650650060467,
        0.009104678945650108,
        0.009336334176722312,
        0.009356379667938935,
        0.01060117376517513,
        0.010332292046502845,
        0.015058333518534158
    ],
    "val_metrics": [
        {
            "mae": 50.58434181428683,
            "rmse": 56.63219186034657,
            "nete": 0.3,
            "precision": 0.5,
            "recall": 0.5,
            "f1": 0.41356314839853336
        },
        {
            "mae": 50.71766796465496,
            "rmse": 55.993272229929424,
            "nete": 0.3,
            "precision": 0.5,
            "recall": 0.5,
            "f1": 0.4174944977768502
        },
        {
            "mae": 48.041725814267025,
            "rmse": 60.102685808674636,
            "nete": 0.3,
            "precision": 0.5,
            "recall": 0.5,
            "f1": 0.42548867870244605
        },
        {
            "mae": 48.48518924212559,
            "rmse": 60.38146915320313,
            "nete": 0.3,
            "precision": 0.5,
            "recall": 0.505237161024499,
            "f1": 0.456304209976168
        },
        {
            "mae": 45.31661151836715,
            "rmse": 57.950590114118455,
            "nete": 0.3,
            "precision": 0.5,
            "recall": 0.5,
            "f1": 0.46539648930440564
        },
        {
            "mae": 44.20398433448919,
            "rmse": 52.455487955974846,
            "nete": 0.3,
            "precision": 0.5,
            "recall": 0.5,
            "f1": 0.476058013403749
        },
        {
            "mae": 42.715265609624524,
            "rmse": 53.15752837955295,
            "nete": 0.3,
            "precision": 0.5,
            "recall": 0.5489827224553412,
            "f1": 0.514207794388806
        },
        {
            "mae": 42.58643092677385,
            "rmse": 52.319990027977234,
            "nete": 0.3,
            "precision": 0.5079521863584369,
            "recall": 0.5612022504291406,
            "f1": 0.5345772183937887
        },
        {
            "mae": 42.12881351986984,
            "rmse": 51.30890205735355,
            "nete": 0.3,
            "precision": 0.5024685656085074,
            "recall": 0.5815798785389366,
            "f1": 0.542024222073722
        },
        {
            "mae": 39.9355633506467,
            "rmse": 44.239979253307006,
            "nete": 0.3,
            "precision": 0.5448610507660306,
            "recall": 0.5415405447629865,
            "f1": 0.5432007977645086
        },
        {
            "mae": 38.82927831964783,
            "rmse": 46.25809198784153,
            "nete": 0.3,
            "precision": 0.5487004449902716,
            "recall": 0.5938016017727908,
            "f1": 0.5712510233815312
        },
        {
            "mae": 37.355112699680646,
            "rmse": 45.108723949254156,
            "nete": 0.3,
            "precision": 0.5580401467838607,
            "recall": 0.5785560983923472,
            "f1": 0.5682981225881039
        },
        {
            "mae": 37.40355250467435,
            "rmse": 47.66772379564885,
            "nete": 0.3,
            "precision": 0.5725308767424722,
            "recall": 0.6047634687570005,
            "f1": 0.5886471727497362
        },
        {
            "mae": 34.76045665201724,
            "rmse": 40.89494221841288,
            "nete": 0.3,
            "precision": 0.5671260865123717,
            "recall": 0.5839524990619231,
            "f1": 0.5755392927871474
        },
        {
            "mae": 34.04725497265248,
            "rmse": 41.478139228393026,
            "nete": 0.3,
            "precision": 0.5658762853720137,
            "recall": 0.6656307117558791,
            "f1": 0.6157534985639463
        },
        {
            "mae": 33.148889320103066,
            "rmse": 40.09763882478139,
            "nete": 0.3,
            "precision": 0.599376297361537,
            "recall": 0.6685568173045657,
            "f1": 0.6339665573330513
        },
        {
            "mae": 33.10045611278069,
            "rmse": 38.076516230423465,
            "nete": 0.3,
            "precision": 0.6044996702592643,
            "recall": 0.6565554266067092,
            "f1": 0.6305275484329869
        },
        {
            "mae": 31.9109536991291,
            "rmse": 38.13546788832451,
            "nete": 0.3,
            "precision": 0.6272582785233624,
            "recall": 0.6903861904663182,
            "f1": 0.6588222344948403
        },
        {
            "mae": 30.638804707636048,
            "rmse": 37.73040092180962,
            "nete": 0.3,
            "precision": 0.5803903061467367,
            "recall": 0.6850982480052008,
            "f1": 0.6327442770759687
        },
        {
            "mae": 30.59798324851266,
            "rmse": 35.595430964278464,
            "nete": 0.3,
            "precision": 0.6666759448514731,
            "recall": 0.682964414279865,
            "f1": 0.674820179565669
        },
        {
            "mae": 29.22560209265549,
            "rmse": 35.56237197398818,
            "nete": 0.28027157928888025,
            "precision": 0.6460404595242871,