{
    "train_loss": [
        0.04316001301583679,
        0.0390417294187615,
        0.035256709866860955,
        0.03426638750959711,
        0.03222892375108609,
        0.031052384361059497,
        0.030145357275680715,
        0.027268773089959723,
        0.027030576080117122,
        0.024783171927010114,
        0.024006954072801404,
        0.021774914700357435,
        0.02004765794104331,
        0.019157660234922852,
        0.019905313885579225,
        0.01936122880640789,
        0.020342252903790648,
        0.019002754775960886,
        0.018957285949430403,
        0.018449514574573223,
        0.01569311678520821,
        0.013979074592258214,
        0.012392942841556606,
        0.011599704121007024,
        0.012316289896312222,
        0.011585169542958546,
        0.011254069107843,
        0.00969677893341568,
        0.006516216407320325,
        0.006017293264990733,
        0.00434724144189709,
        0.005215837572992391,
        0.005895619511422755,
        0.0054601977475487685,
        0.004420145851999168,
        0.0030114538702279772,
        0.003056725929812656,
        0.00298173469012574,
        0.004609490063385889,
        0.005080973345244222,
        0.005993401770546107,
        0.004701899685407123,
        0.004157901075586365,
        0.003190170551265785,
        0.004574687580236445,
        0.0035297543172736713,
        0.004079597375508678,
        0.0033208650810014756,
        0.0024807336313291324,
        0.0073698330329649816
    ],
    "val_loss": [
        0.04731801366662863,
        0.044279819621904457,
        0.040205458020565736,
        0.03797970688507697,
        0.03687588391612021,
        0.034605003579112475,
        0.03365262513946476,
        0.032599179674307796,
        0.0317508456891496,
        0.02913174566704264,
        0.027207301776441477,
        0.027743428842955675,
        0.027568289861509002,
        0.029160302220569242,
        0.027108971902794522,
        0.023691269631498448,
        0.02335936554898018,
        0.02195289251475893,
        0.02190515024690192,
        0.021371990303301884,
        0.019060129234411912,
        0.018335423117991974,
        0.01684629922768744,
        0.016923451630797604,
        0.014932104391127833,
        0.014164428020106474,
        0.01410132943552684,
        0.012951738710255659,
        0.01330791673021501,
        0.014957759984516834,
        0.016534983609359465,
        0.01594385659088329,
        0.015237684929202591,
        0.013131114406235458,
        0.014185977613863643,
        0.009980543206990496,
        0.01153072547628194,
        0.009272695220135813,
        0.006839964566555184,
        0.0073350220125064335,
        0.008302909837158775,
        0.00963161814395926,
        0.00858879381994208,
        0.00818480885053014,
        0.006803421959248267,
        0.005706242033137355,
        0.006283577244284112,
        0.006386127581912028,
        0.0049490233398949875,
        0.008125037220940835
    ],
    "val_metrics": [
        {
            "mae": 45.802649459726425,
            "rmse": 57.858649551665835,
            "nete": 0.3,
            "precision": 0.5,
            "recall": 0.5,
            "f1": 0.42737989857478165
        },
        {
            "mae": 44.59644961883075,
            "rmse": 51.76333071046668,
            "nete": 0.3,
            "precision": 0.5,
            "recall": 0.5,
            "f1": 0.44960433484322465
        },
        {
            "mae": 43.13486240548779,
            "rmse": 50.41305742444826,
            "nete": 0.3,
            "precision": 0.5,
            "recall": 0.5,
            "f1": 0.46107042018448796
        },
        {
            "mae": 42.01986523722253,
            "rmse": 50.43650065373362,
            "nete": 0.3,
            "precision": 0.5,
            "recall": 0.5,
            "f1": 0.4784925796930763
        },
        {
            "mae": 41.67360334831952,
            "rmse": 51.545604145470996,
            "nete": 0.3,
            "precision": 0.5,
            "recall": 0.5253616908384617,
            "f1": 0.49140092519726397
        },
        {
            "mae": 39.708324133248276,
            "rmse": 47.91039101621402,
            "nete": 0.3,
            "precision": 0.5,
            "recall": 0.5122894680066074,
            "f1": 0.4951275644139167
        },
        {
            "mae": 38.48655860593951,
            "rmse": 50.58935147440417,
            "nete": 0.3,
            "precision": 0.5,
            "recall": 0.537888261879416,
            "f1": 0.5036030641705258
        },
        {
            "mae": 38.17816021218568,
            "rmse": 47.97361974093506,
            "nete": 0.3,
            "precision": 0.5037468663031988,
            "recall": 0.5465372153980244,
            "f1": 0.5251420408506116
        },
        {
            "mae": 35.99482219235591,
            "rmse": 41.80452437907047,
            "nete": 0.3,
            "precision": 0.5013818417377033,
            "recall": 0.5748214179878562,
            "f1": 0.5381016298627799
        },
        {
            "mae": 34.99871888464654,
            "rmse": 42.11993815809102,
            "nete": 0.3,
            "precision": 0.5343969120793283,
            "recall": 0.5953234746799694,
            "f1": 0.5648601933796489
        },
        {
            "mae": 34.28403039451987,
            "rmse": 39.36558752873098,
            "nete": 0.3,
            "precision": 0.5581954666401392,
            "recall": 0.5949616059470094,
            "f1": 0.5765785362935743
        },
        {
            "mae": 33.69437842173375,
            "rmse": 42.36760724511709,
            "nete": 0.3,
            "precision": 0.561781669738394,
            "recall": 0.6156815208570016,
            "f1": 0.5887315952976978
        },
        {
            "mae": 32.55162468776943,
            "rmse": 38.419626295354234,
            "nete": 0.3,
            "precision": 0.5372988061914763,
            "recall": 0.6333316186144443,
            "f1": 0.5853152124029604
        },
        {
            "mae": 31.846577514824087,
            "rmse": 39.010597160614886,
            "nete": 0.3,
            "precision": 0.5871073979929842,
            "recall": 0.6490078249097042,
            "f1": 0.6180576114513442
        },
        {
            "mae": 30.46571862328281,
            "rmse": 36.97676934933589,
            "nete": 0.3,
            "precision": 0.5932983222364151,
            "recall": 0.6544501769030229,
            "f1": 0.623874249569719
        },
        {
            "mae": 28.89991708120366,
            "rmse": 33.42660813493006,
            "nete": 0.2897828876070309,
            "precision": 0.6051077556520568,
            "recall": 0.6583693506315672,
            "f1": 0.631738553141812
        },
        {
            "mae": 29.827455241612146,
            "rmse": 35.73698344748959,
            "nete": 0.2911782483795746,
            "precision": 0.625011076054139,
            "recall": 0.698577747863257,
            "f1": 0.661794411958698
        },
        {
            "mae": 27.933449208387362,
            "rmse": 35.21926172489303,
            "nete": 0.2805533142031694,
            "precision": 0.6354782723508606,
            "recall": 0.6688206838754761,
            "f1": 0.6521494781131684
        },
        {
            "mae": 27.302216544999776,
            "rmse": 33.24122252797402,
            "nete": 0.2771437638372279,
            "precision": 0.6276562014998893,
            "recall": 0.7035487152196674,
            "f1": 0.6656024583597785
        },
        {
            "mae": 26.264513008465112,
            "rmse": 32.52348084835805,
            "nete": 0.26614581843139795,
            "precision": 0.6599149739514217,
            "recall": 0.7309668991214626,
            "f1": 0.6954409365364422
        },
        {
            "mae": 26.767930371013424,
            "rmse": 31.134716019458786,