{
    "train_loss": [
        0.06255659602102595,
        0.06031207436540555,
        0.05802779935342502,
        0.057294040107526104,
        0.05455743941570598,
        0.0541213713499802,
        0.0512432187613213,
        0.050012159233014636,
        0.04868699565061931,
        0.046771637121638135,
        0.04491821309583642,
        0.04382137339294348,
        0.04179756989691544,
        0.04124396440895195,
        0.03890662859322266,
        0.037590157685135815,
        0.036100113144401126,
        0.036941074356161854,
        0.03503808178593162,
        0.03350707056556014,
        0.033139890001358974,
        0.031454602358312336,
        0.029446696144710332,
        0.02871268856164489,
        0.027118840559961513,
        0.02610152924363221,
        0.02454363109952248,
        0.024124576616757532,
        0.02428400253565348,
        0.023556724431284686,
        0.021928691717410655,
        0.021359562399493395,
        0.021641937489062072,
        0.021641668853988164,
        0.02076763417431515,
        0.020199571738923627,
        0.019620341851509456,
        0.020264463388954577,
        0.019270492070810614,
        0.018779549405833942,
        0.019751151201630977,
        0.019062631323710336,
        0.016988950128195162,
        0.01684167717767148,
        0.015530308397153645,
        0.012757984075979112,
        0.010653566708068793,
        0.010103751511826447,
        0.0103790665101302,
        0.017602416964800947
    ],
    "val_loss": [
        0.07110908912421009,
        0.06847540504943991,
        0.06580353699910294,
        0.06478639313492877,
        0.06424156559671844,
        0.060272827082665806,
        0.05860201556618333,
        0.056964690076154074,
        0.05371148839254977,
        0.05111021897772004,
        0.049164123750628244,
        0.0506186991073692,
        0.05018454436378761,
        0.045689993909319056,
        0.042851960022883794,
        0.04146966556939261,
        0.04156580562795133,
        0.04078812807396995,
        0.03934471656450196,
        0.039257652875710695,
        0.038813062105777084,
        0.03838343388571547,
        0.037242470779722064,
        0.0342546309788765,
        0.03328664045595877,
        0.03221925898097857,
        0.02967086026819765,
        0.02914617514530238,
        0.027498202662436154,
        0.027837921759804294,
        0.02962959317679773,
        0.02946298100862225,
        0.028070793482757816,
        0.027615704128002336,
        0.025841880625017737,
        0.025307140854806502,
        0.02260135894408493,
        0.02327768655840231,
        0.022564086387930015,
        0.02171852687612564,
        0.02273870876171253,
        0.02225697032371506,
        0.020856190767856712,
        0.019975453111041166,
        0.02064335388138644,
        0.023278877886786436,
        0.023099748341599273,
        0.024245341892559818,
        0.023247304513866095,
        0.022265833181343595
    ],
    "val_metrics": [
        {
            "mae": 79.70021700035292,
            "rmse": 93.97477180619535,
            "nete": 0.3,
            "precision": 0.5,
            "recall": 0.5,
            "f1": 0.4409330052214354
        },
        {
            "mae": 76.61344361616331,
            "rmse": 92.3818372442724,
            "nete": 0.3,
            "precision": 0.5,
            "recall": 0.5,
            "f1": 0.4503012038771012
        },
        {
            "mae": 76.31744954872573,
            "rmse": 91.24590085466167,
            "nete": 0.3,
            "precision": 0.5,
            "recall": 0.5017855931090432,
            "f1": 0.4708288545030179
        },
        {
            "mae": 73.8773265690978,
            "rmse": 87.73022894102346,
            "nete": 0.3,
            "precision": 0.5,
            "recall": 0.5090367352677244,
            "f1": 0.4905953750350094
        },
        {
            "mae": 72.30060588605403,
            "rmse": 89.64557894439537,
            "nete": 0.3,
            "precision": 0.5,
            "recall": 0.5575319525925194,
            "f1": 0.5107024931150743
        },
        {
            "mae": 69.73433185525633,
            "rmse": 91.23406495597781,
            "nete": 0.3,
            "precision": 0.5007137357628173,
            "recall": 0.5173161470086305,
            "f1": 0.5090149413857239
        },
        {
            "mae": 67.56156682856151,
            "rmse": 76.37964782152213,
            "nete": 0.3,
            "precision": 0.5,
            "recall": 0.5274521451398894,
            "f1": 0.5106141178115648
        },
        {
            "mae": 64.06615682029773,
            "rmse": 77.84693659840687,
            "nete": 0.3,
            "precision": 0.5,
            "recall": 0.5962812714771694,
            "f1": 0.5464879063433677
        },
        {
            "mae": 63.50407220580542,
            "rmse": 72.47393299504705,
            "nete": 0.3,
            "precision": 0.5542248450329558,
            "recall": 0.5851147506629816,
            "f1": 0.5696697978479687
        },
        {
            "mae": 60.86466492919994,
            "rmse": 74.20744351780932,
            "nete": 0.3,
            "precision": 0.5058771092182445,
            "recall": 0.6122850564619754,
            "f1": 0.5590810828401099
        },
        {
            "mae": 60.39277323668503,
            "rmse": 69.7493352549443,
            "nete": 0.3,
            "precision": 0.5608274516783318,
            "recall": 0.617382858465479,
            "f1": 0.5891051550719054
        },
        {
            "mae": 57.86037675060445,
            "rmse": 72.33599192466379,
            "nete": 0.3,
            "precision": 0.5787052974504504,
            "recall": 0.6396596489834798,
            "f1": 0.6091824732169652
        },
        {
            "mae": 57.536787355306096,
            "rmse": 68.56405966822334,
            "nete": 0.3,
            "precision": 0.6061904576985802,
            "recall": 0.6736302326297477,
            "f1": 0.639910345164164
        },
        {
            "mae": 54.79222342288415,
            "rmse": 64.43269680889607,
            "nete": 0.3,
            "precision": 0.5617946336902304,
            "recall": 0.6657109156813844,
            "f1": 0.6137527746858075
        },
        {
            "mae": 53.70473978641399,
            "rmse": 68.28730732067274,
            "nete": 0.3,
            "precision": 0.6144249831599108,
            "recall": 0.6497654974898559,
            "f1": 0.6320952403248834
        },
        {
            "mae": 50.08977365339746,
            "rmse": 58.301925007457335,
            "nete": 0.3,
            "precision": 0.6405446916848384,
            "recall": 0.6639369376736092,
            "f1": 0.6522408146792239
        },
        {
            "mae": 50.547328974112396,
            "rmse": 56.52745405067743,
            "nete": 0.3,
            "precision": 0.6235631542077822,
            "recall": 0.7073512830734616,
            "f1": 0.665457218640622
        },
        {
            "mae": 49.64511843140285,
            "rmse": 59.275696104394996,
            "nete": 0.3,
            "precision": 0.6445548150736091,
            "recall": 0.7396137986263096,
            "f1": 0.6920843068499595
        },
        {
            "mae": 48.31350444364269,
            "rmse": 59.0324838567522,
            "nete": 0.3,
            "precision": 0.626808950672248,
            "recall": 0.7325076383559004,
            "f1": 0.6796582945140741
        },
        {
            "mae": 44.38050909213406,
            "rmse": 55.22032907094067,
            "nete": 0.3,
            "precision": 0.667200934781849,
            "recall": 0.7510864022554686,
            "f1": 0.7091436685186588
        },
        {
            "mae": 44.40262816866547,
            "rmse": 46.493140512471385,
            "nete": 0.3,
            "precision": 0.6751438156815086,