{
    "train_loss": [
        0.0546876034092906,
        0.051292546911121964,
        0.04809438897198915,
        0.04713345512801594,
        0.04545064671723282,
        0.043821174096014166,
        0.042795397187635274,
        0.04187916698769906,
        0.039820325622811466,
        0.037079581740772645,
        0.03653891405233689,
        0.03618814010594436,
        0.035467670138699406,
        0.03352417612753756,
        0.03164830511462693,
        0.03145931456055276,
        0.031382904857975374,
        0.030956016408429227,
        0.029647310095265587,
        0.028106921357942436,
        0.02620332524194293,
        0.02476190826248917,
        0.02485569497860365,
        0.024356220589083644,
        0.021590604808779123,
        0.021022442268659586,
        0.01995270407219102,
        0.021039631616209073,
        0.019801082893251547,
        0.01921295089815712,
        0.0176025612700695,
        0.01798180072201603,
        0.016847608600892815,
        0.015940316219143064,
        0.01761111678928323,
        0.01762308466018692,
        0.016242555201173,
        0.014609101772322964,
        0.01403734454635224,
        0.012784374493694548,
        0.010567260160732016,
        0.011466473733595378,
        0.010254063824866702,
        0.00883931070607318,
        0.011357202050593708,
        0.010900097445508468,
        0.01016534917054053,
        0.008974752259515491,
        0.008062062998232093,
        0.014208465263401525
    ],
    "val_loss": [
        0.05961036839401755,
        0.05715112548323778,
        0.05419232955257655,
        0.05364821463000564,
        0.05070780038975723,
        0.0503917414378732,
        0.048485094816097425,
        0.04597312533708401,
        0.04602274683007166,
        0.04460828065454987,
        0.043646589465526374,
        0.042318258477610546,
        0.041308786092871384,
        0.03849747626772589,
        0.03918251630545144,
        0.03778932255800942,
        0.03495205010087415,
        0.035799741262419554,
        0.03514574533253216,
        0.03465188980556689,
        0.030413825422476237,
        0.02829260379469472,
        0.028098479727533834,
        0.027894068507643432,
        0.02506354895386791,
        0.024073564382092565,
        0.024178443359271443,
        0.025576678480407615,
        0.025810619753952335,
        0.024372001045445884,
        0.021140974938544138,
        0.021893326458392613,
        0.023648358469057308,
        0.02243690176111537,
        0.022116621037441473,
        0.022047774956637352,
        0.020600922416373995,
        0.019680729618410612,
        0.018579982761481,
        0.01643941531856303,
        0.01672008455998502,
        0.014039797420275148,
        0.012766767016110037,
        0.014450366610880927,
        0.013925062153123394,
        0.014268033785994394,
        0.012673616629067557,
        0.013699762375736928,
        0.01260392598058337,
        0.01946403204790047
    ],
    "val_metrics": [
        {
            "mae": 66.27941580456982,
            "rmse": 81.63566270716021,
            "nete": 0.3,
            "precision": 0.5,
            "recall": 0.5,
            "f1": 0.4129079014762958
        },
        {
            "mae": 64.52705430064813,
            "rmse": 77.39336537261917,
            "nete": 0.3,
            "precision": 0.5,
            "recall": 0.5,
            "f1": 0.4444693086487358
        },
        {
            "mae": 63.232786565170876,
            "rmse": 72.56444064584058,
            "nete": 0.3,
            "precision": 0.5,
            "recall": 0.5,
            "f1": 0.4384476027479674
        },
        {
            "mae": 59.80094110092525,
            "rmse": 73.30005361701045,
            "nete": 0.3,
            "precision": 0.5,
            "recall": 0.5043602129294614,
            "f1": 0.47484458967007376
        },
        {
            "mae": 60.08371559174696,
            "rmse": 68.45218789577768,
            "nete": 0.3,
            "precision": 0.5,
            "recall": 0.5119542358858993,
            "f1": 0.47110653615492365
        },
        {
            "mae": 57.21787883115656,
            "rmse": 67.50057166299926,
            "nete": 0.3,
            "precision": 0.5,
            "recall": 0.5210842956722874,
            "f1": 0.5022915075579129
        },
        {
            "mae": 56.65399117775632,
            "rmse": 62.79766843100006,
            "nete": 0.3,
            "precision": 0.5,
            "recall": 0.5522063824202432,
            "f1": 0.5143851431680646
        },
        {
            "mae": 54.506719092644346,
            "rmse": 65.75878798601482,
            "nete": 0.3,
            "precision": 0.5018592878960452,
            "recall": 0.5713488179315841,
            "f1": 0.5366040529138146
        },
        {
            "mae": 53.4834583470242,
            "rmse": 56.54556901558907,
            "nete": 0.3,
            "precision": 0.5324902328540216,
            "recall": 0.5390960647623411,
            "f1": 0.5357931488081813
        },
        {
            "mae": 51.81363440351617,
            "rmse": 61.571732138400954,
            "nete": 0.3,
            "precision": 0.5217602141591885,
            "recall": 0.5931217544097142,
            "f1": 0.5574409842844513
        },
        {
            "mae": 49.67417198230355,
            "rmse": 58.999060103106906,
            "nete": 0.3,
            "precision": 0.5170542386213497,
            "recall": 0.5866721609697512,
            "f1": 0.5518631997955504
        },
        {
            "mae": 49.394026162016246,
            "rmse": 63.10474838570736,
            "nete": 0.3,
            "precision": 0.5305835664017559,
            "recall": 0.613496236607862,
            "f1": 0.5720399015048089
        },
        {
            "mae": 47.5319614756912,
            "rmse": 57.280311265493296,
            "nete": 0.3,
            "precision": 0.5781884968389571,
            "recall": 0.6151557101814091,
            "f1": 0.5966721035101831
        },
        {
            "mae": 46.336252933844,
            "rmse": 53.31842394047525,
            "nete": 0.3,
            "precision": 0.5715331677043861,
            "recall": 0.6452753528601846,
            "f1": 0.6084042602822852
        },
        {
            "mae": 45.08567677990143,
            "rmse": 52.529067723685294,
            "nete": 0.3,
            "precision": 0.5952620178682941,
            "recall": 0.6536695618307207,
            "f1": 0.6244657898495074
        },
        {
            "mae": 43.77651689848677,
            "rmse": 54.48635059260655,
            "nete": 0.3,
            "precision": 0.6333345588018017,
            "recall": 0.6405133205479004,
            "f1": 0.6369239396748511
        },
        {
            "mae": 42.56399712372988,
            "rmse": 49.439065772267085,
            "nete": 0.3,
            "precision": 0.6247890300197407,
            "recall": 0.6633957573754014,
            "f1": 0.644092393697571
        },
        {
            "mae": 41.59652104702689,
            "rmse": 51.20069104299338,
            "nete": 0.3,
            "precision": 0.6177197213173958,
            "recall": 0.707752276463771,
            "f1": 0.6627359988905834
        },
        {
            "mae": 40.07973692218684,
            "rmse": 50.22119439303068,
            "nete": 0.3,
            "precision": 0.6783943833568703,
            "recall": 0.6815164489591256,
            "f1": 0.6799554161579978
        },
        {
            "mae": 39.60449598004241,
            "rmse": 47.713173844711946,
            "nete": 0.3,
            "precision": 0.624354378697182,
            "recall": 0.730422346055076,
            "f1": 0.6773883623761291
        },
        {
            "mae": 37.30763688509157,
            "rmse": 44.48410694241477,
            "nete": 0.3,
            "precision": 0.6501553180644759,