{
    "train_loss": [
        0.054008237795947066,
        0.05237803124952633,
        0.05002102212411698,
        0.04858060832815186,
        0.04687257070618512,
        0.04575166899163534,
        0.042916118937049955,
        0.03990026614272529,
        0.037387262570007684,
        0.035664621469154646,
        0.03413443188160457,
        0.03422231844484233,
        0.03169054439894459,
        0.029863412359280795,
        0.028543102925681803,
        0.029349293459465062,
        0.030330442859674296,
        0.028210572535673467,
        0.024574640876049256,
        0.02348203210523968,
        0.02284061818334715,
        0.020818096500830365,
        0.01883742222088769,
        0.019119668105423045,
        0.01780987580361645,
        0.017168872570277886,
        0.01656450471045967,
        0.016081834448188365,
        0.015602468157698167,
        0.013959379315736788,
        0.013835025729753014,
        0.013556943297116989,
        0.012915479632828722,
        0.01205860283259796,
        0.011769519097484075,
        0.0117185761948433,
        0.011847926744554434,
        0.014264748169172756,
        0.012806340123941126,
        0.012112850953057013,
        0.01139329409390869,
        0.01291876536796214,
        0.012790827289536327,
        0.0127237877753264,
        0.012817348647913509,
        0.014046177037406281,
        0.01450066500520045,
        0.013168698351227427,
        0.012029485986963434,
        0.015040512491517862
    ],
    "val_loss": [
        0.058982489608014985,
        0.05787748544738345,
        0.054522073230322834,
        0.053009638744559454,
        0.05191205671175971,
        0.05161825876039382,
        0.0488701595748384,
        0.045738899831996915,
        0.04418535562435958,
        0.03967016542367199,
        0.040984762272106325,
        0.03793343436708445,
        0.03527507161889182,
        0.035585935160637294,
        0.03197025807196589,
        0.03281675813243832,
        0.03384696500265801,
        0.031621101162457144,
        0.027803372919851722,
        0.027195738029217018,
        0.025982649092514506,
        0.02774133723696634,
        0.027484798601217827,
        0.026930750020936235,
        0.025419425693464684,
        0.02352315087367484,
        0.023166165144030467,
        0.02093233227127931,
        0.019594139865029735,
        0.01754334251596141,
        0.01762215928752093,
        0.017606656443933614,
        0.015634461131848743,
        0.01527015745324269,
        0.017377561771591433,
        0.014304505004585466,
        0.014440323081782155,
        0.016977985577631395,
        0.01765869598258732,
        0.014718493500709865,
        0.015521283071639254,
        0.015564703636360248,
        0.015970050572664415,
        0.015818982409083807,
        0.015973461660794535,
        0.016748485889276597,
        0.017225698255460473,
        0.015827133268788797,
        0.01828220386698688,
        0.018278237871347833
    ],
    "val_metrics": [
        {
            "mae": 63.557372005522026,
            "rmse": 78.71959977119829,
            "nete": 0.3,
            "precision": 0.5,
            "recall": 0.5,
            "f1": 0.3819166233506015
        },
        {
            "mae": 60.6112566121779,
            "rmse": 70.82886021755856,
            "nete": 0.3,
            "precision": 0.5,
            "recall": 0.5,
            "f1": 0.39994853204669867
        },
        {
            "mae": 60.68781347612503,
            "rmse": 71.22956947870797,
            "nete": 0.3,
            "precision": 0.5,
            "recall": 0.5,
            "f1": 0.42925778263318504
        },
        {
            "mae": 57.872503408898915,
            "rmse": 70.95635810995273,
            "nete": 0.3,
            "precision": 0.5,
            "recall": 0.5,
            "f1": 0.44951325749633425
        },
        {
            "mae": 57.46441613926618,
            "rmse": 63.46286763366416,
            "nete": 0.3,
            "precision": 0.5,
            "recall": 0.5,
            "f1": 0.4473522273913411
        },
        {
            "mae": 56.3756443931044,
            "rmse": 67.66632883158556,
            "nete": 0.3,
            "precision": 0.5,
            "recall": 0.5,
            "f1": 0.4688412304632004
        },
        {
            "mae": 53.02354916660933,
            "rmse": 64.03052585677354,
            "nete": 0.3,
            "precision": 0.5,
            "recall": 0.5051227353103981,
            "f1": 0.46901437188700007
        },
        {
            "mae": 52.65536536819431,
            "rmse": 67.54485271965734,
            "nete": 0.3,
            "precision": 0.5,
            "recall": 0.5383934197103085,
            "f1": 0.5003279466698234
        },
        {
            "mae": 49.5602451247617,
            "rmse": 58.12893986365133,
            "nete": 0.3,
            "precision": 0.5,
            "recall": 0.5380570409182884,
            "f1": 0.5041540521599931
        },
        {
            "mae": 49.33497374441144,
            "rmse": 58.98973466646241,
            "nete": 0.3,
            "precision": 0.5014470917240198,
            "recall": 0.5350029901744577,
            "f1": 0.5182250409492387
        },
        {
            "mae": 48.778999822517925,
            "rmse": 57.088192195261826,
            "nete": 0.3,
            "precision": 0.5,
            "recall": 0.5647608752335234,
            "f1": 0.5319775610404087
        },
        {
            "mae": 47.39772445166225,
            "rmse": 57.98795548342996,
            "nete": 0.3,
            "precision": 0.5179473410490543,
            "recall": 0.5729171114615479,
            "f1": 0.5454322262553011
        },
        {
            "mae": 45.824181194170315,
            "rmse": 55.10885439683768,
            "nete": 0.3,
            "precision": 0.5203549042212583,
            "recall": 0.5883556596506768,
            "f1": 0.5543552819359676
        },
        {
            "mae": 44.39374336337767,
            "rmse": 54.60520906406618,
            "nete": 0.3,
            "precision": 0.5380640856366141,
            "recall": 0.5732549886679523,
            "f1": 0.5556595371522832
        },
        {
            "mae": 43.57130422569533,
            "rmse": 53.287138405613184,
            "nete": 0.3,
            "precision": 0.5316366636537992,
            "recall": 0.6284963769227315,
            "f1": 0.5800665202882654
        },
        {
            "mae": 42.432755911529526,
            "rmse": 49.46381833531235,
            "nete": 0.3,
            "precision": 0.5499918316673451,
            "recall": 0.6130886465388904,
            "f1": 0.5815402391031177
        },
        {
            "mae": 40.1073665964305,
            "rmse": 45.57717158693048,
            "nete": 0.3,
            "precision": 0.5430932856686933,
            "recall": 0.6390262282679113,
            "f1": 0.5910597569683024
        },
        {
            "mae": 38.38056961171112,
            "rmse": 44.442428641614434,
            "nete": 0.3,
            "precision": 0.5811026176658317,
            "recall": 0.6138245243579313,
            "f1": 0.5974635710118815
        },
        {
            "mae": 38.207489597731076,
            "rmse": 46.64608837657543,
            "nete": 0.3,
            "precision": 0.567545301545359,
            "recall": 0.6737133886062512,
            "f1": 0.620629345075805
        },
        {
            "mae": 37.355057457826405,
            "rmse": 44.81790591721671,
            "nete": 0.3,
            "precision": 0.5883322177655669,
            "recall": 0.6769211457774188,
            "f1": 0.6326266817714928
        },
        {
            "mae": 36.23226481514362,
            "rmse": 42.050823133287516,
            "nete": 0.3,
            "precision": 0.5716558233409664,
            "recall": 0.6933698800674684,