{
    "train_loss": [
        0.041555549023904306,
        0.04080386580567388,
        0.04081279150009203,
        0.03933443902613581,
        0.03767280098569641,
        0.03510272228870832,
        0.032820972542197575,
        0.031201984235047144,
        0.029623776975707998,
        0.027761108753085274,
        0.02614487010710296,
        0.02514433059610337,
        0.02331986493622563,
        0.022414798231253665,
        0.020990095756509328,
        0.021222298324586664,
        0.01970848075802173,
        0.018718992316914377,
        0.016925263080194,
        0.014713363994414587,
        0.014071316454868945,
        0.013405914908440378,
        0.013480222389368388,
        0.011015287600815262,
        0.01214138918601135,
        0.010086973548012461,
        0.010409373752447944,
        0.009086326204942687,
        0.00861623823464335,
        0.0072026162388676065,
        0.00690127669867599,
        0.006352263984250712,
        0.005874364437638955,
        0.00635020144981251,
        0.00753393800888787,
        0.006062015121812705,
        0.0060734978968289555,
        0.008719619687192679,
        0.009214827729252549,
        0.00946947439346843,
        0.009646472480655243,
        0.009052578914658703,
        0.007844195907901268,
        0.0073096704062901785,
        0.007125601913800549,
        0.005799066576003922,
        0.0045094709245240205,
        0.004886242858017627,
        0.0051312214009104195,
        0.007652570928601023
    ],
    "val_loss": [
        0.04667832003642955,
        0.04484405909595758,
        0.044853431075096636,
        0.043301160977442604,
        0.042843333640260356,
        0.03983383672769693,
        0.03717224598316191,
        0.03563507724411553,
        0.03547346165311811,
        0.03551384550809314,
        0.035014514845226434,
        0.031447429202654927,
        0.027208681583403907,
        0.026216747224151942,
        0.025591328982823455,
        0.024283413240815996,
        0.02344891295234057,
        0.023219433498141852,
        0.021578532166537184,
        0.02257060787602512,
        0.020762113588425238,
        0.021102814761303768,
        0.02015742397183799,
        0.019359399318951285,
        0.01926712568688888,
        0.01709940599646944,
        0.016450012371473758,
        0.014444073791418833,
        0.01266249868954752,
        0.011311598290113892,
        0.011107262677434048,
        0.010265761814603019,
        0.008168082659520903,
        0.008667711522303136,
        0.009910634909332264,
        0.009344515873093127,
        0.010773962357236237,
        0.011155600671552314,
        0.011675569115715177,
        0.011942948113141852,
        0.012128796104688006,
        0.011660250855456472,
        0.010236405703296331,
        0.012005769952749192,
        0.012618600784585344,
        0.012282210644855945,
        0.00972533992056512,
        0.010098430641866957,
        0.007387782470955941,
        0.008785954618233874
    ],
    "val_metrics": [
        {
            "mae": 44.89806355455617,
            "rmse": 58.4509859070685,
            "nete": 0.3,
            "precision": 0.5,
            "recall": 0.5,
            "f1": 0.43102568539160113
        },
        {
            "mae": 44.787391421367786,
            "rmse": 55.849961052256184,
            "nete": 0.3,
            "precision": 0.5,
            "recall": 0.5,
            "f1": 0.4346919393523344
        },
        {
            "mae": 42.78376475735924,
            "rmse": 53.984744531979096,
            "nete": 0.3,
            "precision": 0.5,
            "recall": 0.5,
            "f1": 0.44808793099086525
        },
        {
            "mae": 42.228085573434655,
            "rmse": 48.04445908100091,
            "nete": 0.3,
            "precision": 0.5,
            "recall": 0.5296395589918494,
            "f1": 0.5039213193214822
        },
        {
            "mae": 40.13050400636111,
            "rmse": 47.7273353412806,
            "nete": 0.3,
            "precision": 0.5,
            "recall": 0.5173940619580063,
            "f1": 0.47528999589656096
        },
        {
            "mae": 39.097355764695,
            "rmse": 45.35504315797648,
            "nete": 0.3,
            "precision": 0.5,
            "recall": 0.5162668625274721,
            "f1": 0.5050497614775628
        },
        {
            "mae": 38.48417901052899,
            "rmse": 46.5854884321966,
            "nete": 0.3,
            "precision": 0.5247329770431767,
            "recall": 0.5162983242776378,
            "f1": 0.5205156506604073
        },
        {
            "mae": 36.734977454144406,
            "rmse": 41.239108899156996,
            "nete": 0.3,
            "precision": 0.5155613177153697,
            "recall": 0.5730775296376605,
            "f1": 0.5443194236765151
        },
        {
            "mae": 36.07389034919805,
            "rmse": 44.54595960849726,
            "nete": 0.3,
            "precision": 0.5178115135640143,
            "recall": 0.5443643569847891,
            "f1": 0.5310879352744017
        },
        {
            "mae": 35.147021910065455,
            "rmse": 44.03120106480463,
            "nete": 0.3,
            "precision": 0.524010796607429,
            "recall": 0.5789467321743488,
            "f1": 0.5514787643908888
        },
        {
            "mae": 34.37409817126212,
            "rmse": 40.96199803655466,
            "nete": 0.3,
            "precision": 0.542706655991338,
            "recall": 0.6026150207904085,
            "f1": 0.5726608383908733
        },
        {
            "mae": 33.66059077903022,
            "rmse": 40.016413486066746,
            "nete": 0.3,
            "precision": 0.5716797820264117,
            "recall": 0.6095166569315387,
            "f1": 0.5905982194789753
        },
        {
            "mae": 33.04029354272875,
            "rmse": 42.215311951256616,
            "nete": 0.3,
            "precision": 0.5621801357074382,
            "recall": 0.6253336701403917,
            "f1": 0.5937569029239148
        },
        {
            "mae": 31.763350539748853,
            "rmse": 38.789948594914556,
            "nete": 0.3,
            "precision": 0.5816860178650876,
            "recall": 0.6293580768481517,
            "f1": 0.6055220473566195
        },
        {
            "mae": 30.280071480100915,
            "rmse": 34.40476144786262,
            "nete": 0.3,
            "precision": 0.5963774056254497,
            "recall": 0.67273288836152,
            "f1": 0.6345551469934848
        },
        {
            "mae": 29.165253394400715,
            "rmse": 35.80778103946402,
            "nete": 0.2835524748839842,
            "precision": 0.6246108637839143,
            "recall": 0.6662212474142863,
            "f1": 0.6454160555991004
        },
        {
            "mae": 28.719985426024188,
            "rmse": 35.2206500037245,
            "nete": 0.29201809469708756,
            "precision": 0.6283821486388785,
            "recall": 0.6702189167570459,
            "f1": 0.6493005326979622
        },
        {
            "mae": 28.20657183744073,
            "rmse": 33.0638124260818,
            "nete": 0.2838492006772086,
            "precision": 0.6131557216725749,
            "recall": 0.6801760831547062,
            "f1": 0.6466659024136406
        },
        {
            "mae": 27.920418470945474,
            "rmse": 32.040601971058535,
            "nete": 0.27380078942306885,
            "precision": 0.6536930895865324,
            "recall": 0.6963064650030689,
            "f1": 0.6749997772948005
        },
        {
            "mae": 26.38289460757041,
            "rmse": 33.04935865864592,
            "nete": 0.26897146343619,
            "precision": 0.6171368166729881,
            "recall": 0.7245185504258013,
            "f1": 0.6708276835493947
        },
        {
            "mae": 25.84166341608945,