{
    "train_loss": [
        0.04260207447005195,
        0.041221878743889474,
        0.039032410443729494,
        0.03582232428666173,
        0.03574813590145305,
        0.03312635210108265,
        0.03252808463681516,
        0.03122694240728496,
        0.029866181672214397,
        0.02765217420789499,
        0.0268487599549785,
        0.023797994943276835,
        0.020504063856768902,
        0.01790516947012949,
        0.015451621558682505,
        0.015244089071467336,
        0.013186372748448687,
        0.012485314420588077,
        0.011677370568909143,
        0.01161454849419862,
        0.011444883540356526,
        0.012872382723465949,
        0.010636311655892306,
        0.011567740809952353,
        0.01047633085316377,
        0.010570805543530492,
        0.008129536208770051,
        0.008185029422752467,
        0.008055950870935797,
        0.006084074682943407,
        0.007130865604582092,
        0.007866049451389532,
        0.00843875335278376,
        0.006065896515480427,
        0.004995364770105261,
        0.005230220918754113,
        0.005617733066346679,
        0.005833797512740994,
        0.0057160561852880876,
        0.006089690609787821,
        0.007355547386250861,
        0.0063632226687957575,
        0.007548669947922358,
        0.008178973089150629,
        0.006981590444478643,
        0.006986576588097863,
        0.008233459704112545,
        0.00888600330583711,
        0.007410750786799239,
        0.006439954250953203
    ],
    "val_loss": [
        0.047484387224391786,
        0.047169366404038106,
        0.04701172057405546,
        0.04553377094033558,
        0.045999072544326024,
        0.041162271100086016,
        0.038109295722634814,
        0.03854788381917749,
        0.03663124373406451,
        0.03258739742467833,
        0.030191197952727428,
        0.02920536427489879,
        0.02971870079243338,
        0.027359519435336068,
        0.024812804170549083,
        0.02145651378455319,
        0.01903732702538244,
        0.018899151403301666,
        0.015136737291264902,
        0.014195275918908552,
        0.014017127717374353,
        0.015516001859639247,
        0.014206583595030258,
        0.014928578897195184,
        0.013760546162763086,
        0.015457757748118087,
        0.017651024723403023,
        0.016577762037645823,
        0.016107224666162313,
        0.014373181346942565,
        0.01628527701667193,
        0.012739209282642563,
        0.01278258574602096,
        0.010327529996775522,
        0.00845952854495333,
        0.010253725461480845,
        0.00850937993182437,
        0.008125487388378044,
        0.008001858994552493,
        0.010387020949285513,
        0.010143836470862871,
        0.012190127031419147,
        0.012508021710251057,
        0.010587921743608161,
        0.009644356575524236,
        0.009335905417502757,
        0.010645132689318172,
        0.011330303471128967,
        0.00979594910717981,
        0.009815479218914786
    ],
    "val_metrics": [
        {
            "mae": 45.1902284648257,
            "rmse": 52.12025924986313,
            "nete": 0.3,
            "precision": 0.5,
            "recall": 0.5,
            "f1": 0.4628406787492204
        },
        {
            "mae": 43.49345119318295,
            "rmse": 50.0600514047738,
            "nete": 0.3,
            "precision": 0.5,
            "recall": 0.5,
            "f1": 0.461835108051024
        },
        {
            "mae": 41.97870903193043,
            "rmse": 55.77909947086302,
            "nete": 0.3,
            "precision": 0.5,
            "recall": 0.5,
            "f1": 0.46440640606081873
        },
        {
            "mae": 41.742232951289616,
            "rmse": 51.43903944601911,
            "nete": 0.3,
            "precision": 0.5,
            "recall": 0.5223070786037782,
            "f1": 0.48893405413938024
        },
        {
            "mae": 40.502424620364245,
            "rmse": 50.36878494293185,
            "nete": 0.3,
            "precision": 0.5,
            "recall": 0.5146354604758309,
            "f1": 0.498356433291156
        },
        {
            "mae": 39.19400097126747,
            "rmse": 43.38387608342027,
            "nete": 0.3,
            "precision": 0.5125371107426697,
            "recall": 0.548075274758443,
            "f1": 0.5303061927505563
        },
        {
            "mae": 38.43150641135004,
            "rmse": 43.4872512936035,
            "nete": 0.3,
            "precision": 0.5,
            "recall": 0.5863870310891688,
            "f1": 0.5389468910780663
        },
        {
            "mae": 37.04225555305119,
            "rmse": 42.45437371407729,
            "nete": 0.3,
            "precision": 0.5608418645713437,
            "recall": 0.5768721874419086,
            "f1": 0.5688570260066261
        },
        {
            "mae": 36.052713387043994,
            "rmse": 47.588620116510526,
            "nete": 0.3,
            "precision": 0.5552799526409811,
            "recall": 0.6016073100868901,
            "f1": 0.5784436313639355
        },
        {
            "mae": 34.72881148084844,
            "rmse": 43.54957533395057,
            "nete": 0.3,
            "precision": 0.5556568472978066,
            "recall": 0.6261239105709596,
            "f1": 0.5908903789343831
        },
        {
            "mae": 33.98866059642734,
            "rmse": 39.68463673711162,
            "nete": 0.3,
            "precision": 0.5761767141582051,
            "recall": 0.6339046156178969,
            "f1": 0.605040664888051
        },
        {
            "mae": 32.512823231173655,
            "rmse": 36.70914556134693,
            "nete": 0.3,
            "precision": 0.6012108724141333,
            "recall": 0.6148454188910567,
            "f1": 0.608028145652595
        },
        {
            "mae": 31.961372232615084,
            "rmse": 39.038767540139055,
            "nete": 0.3,
            "precision": 0.6280126404164986,
            "recall": 0.6743233088013659,
            "f1": 0.6511679746089322
        },
        {
            "mae": 30.384470368810085,
            "rmse": 33.48634416752765,
            "nete": 0.3,
            "precision": 0.6498219224134179,
            "recall": 0.6608323863285307,
            "f1": 0.6553271543709742
        },
        {
            "mae": 30.729415206658032,
            "rmse": 37.98403638744628,
            "nete": 0.3,
            "precision": 0.6304846236653421,
            "recall": 0.7056467023158285,
            "f1": 0.6680656629905852
        },
        {
            "mae": 29.479448958317214,
            "rmse": 36.741198811787626,
            "nete": 0.3,
            "precision": 0.634891430421264,
            "recall": 0.6931080031868618,
            "f1": 0.6639997168040629
        },
        {
            "mae": 28.673243626355934,
            "rmse": 33.774498063785764,
            "nete": 0.28415497317631566,
            "precision": 0.6642489637717552,
            "recall": 0.7344352254351229,
            "f1": 0.6993420946034391
        },
        {
            "mae": 27.37944299057619,
            "rmse": 32.81191559214565,
            "nete": 0.2759205298717326,
            "precision": 0.6860445084441177,
            "recall": 0.7100935780135993,
            "f1": 0.6980690432288584
        },
        {
            "mae": 26.866932965035677,
            "rmse": 32.5709771629249,
            "nete": 0.27307675574615975,
            "precision": 0.6651342466027356,
            "recall": 0.7415623520132618,
            "f1": 0.7033482993079987
        },
        {
            "mae": 25.990783185381034,
            "rmse": 30.88467105876936,
            "nete": 0.25825396612071383,
            "precision": 0.6828660732028687,
            "recall": 0.7403407693486797,
            "f1": 0.7116034212757741
        },
        {
            "mae": 25.006942902570234,