{
    "appliance": "dish washer",
    "window_size": 100,
    "model_params": {
        "input_size": 1,
        "output_size": 1,
        "hidden_size": 128,
        "num_layers": 1,
        "dt": 0.1,
        "advanced": false
    },
    "train_params": {
        "lr": 0.001,
        "epochs": 50,
        "patience": 10
    },
    "final_metrics": {
        "train_loss": 12860.513797251384,
        "val_loss": 12153.482528696954,
        "test_loss": 28416.804304634094,
        "test_metrics": {
            "mae": 39.83100891113281,
            "rmse": 168.65322875976562,
            "nete": 0.7572673559188843,
            "sae": 0.13138138138138133,
            "precision": 0.2522017614091273,
            "recall": 0.7308584686774942,
            "f1": 0.375
        }
    }
}