{
    "train_loss": [
        0.05130225811442668,
        0.05012338483808749,
        0.048689095007692265,
        0.04756226940704347,
        0.04468282687340201,
        0.04329131940286692,
        0.040370589988077,
        0.03852404741845322,
        0.039183258355181605,
        0.03849533708317559,
        0.03632143643470686,
        0.035183362699438885,
        0.034678610495867304,
        0.03312836692636902,
        0.03167718787171916,
        0.030224281285117786,
        0.02905860883995935,
        0.027217902449843522,
        0.026232199728222848,
        0.02599244297002515,
        0.023818445458010807,
        0.022128509840225123,
        0.02142142307903274,
        0.019521079456301074,
        0.01850381492226521,
        0.017293869432922875,
        0.016878769154302618,
        0.016400686907139757,
        0.014773091906487283,
        0.01348584045237111,
        0.012828357739059413,
        0.011758645746523019,
        0.01201757874703141,
        0.012579873132389698,
        0.012384707011074822,
        0.012834790781386118,
        0.013351043663960541,
        0.012939940580299217,
        0.01311906774487488,
        0.012651213142012502,
        0.012279466829369314,
        0.011897151689933773,
        0.01181122482669894,
        0.010445996659475501,
        0.009861916681728932,
        0.010668069434615393,
        0.010536415419550162,
        0.010479126405575256,
        0.010112544826862205,
        0.014589777469288372
    ],
    "val_loss": [
        0.05617024158948815,
        0.055335537013850064,
        0.05368012220393852,
        0.05194038287739565,
        0.05062841599906215,
        0.04754924919694059,
        0.04456897124071248,
        0.04640073143268872,
        0.04375103466767255,
        0.04242010393733437,
        0.0401375082564422,
        0.0401720323271006,
        0.03923810832890499,
        0.03678478527268748,
        0.03693086045959028,
        0.03414416311583887,
        0.03251153928195732,
        0.030578797572335698,
        0.029543809714633988,
        0.02929206511852641,
        0.027041147623249488,
        0.02660408907504861,
        0.025892526109369644,
        0.023962060279097086,
        0.02408047024815717,
        0.02444677485984923,
        0.02632558929940336,
        0.023288985639765353,
        0.022775698911433988,
        0.02018249301383443,
        0.020722811955183343,
        0.021279439261179242,
        0.021053682214555836,
        0.022144288638945117,
        0.02109948650980014,
        0.019548356767071597,
        0.018756404280308368,
        0.01558693760931418,
        0.015775021132118625,
        0.015283773799113129,
        0.01595788720673116,
        0.014492009274430463,
        0.014947462263169892,
        0.015476672943932991,
        0.013746673569895333,
        0.014353065528204404,
        0.01306323619052767,
        0.013003082725854018,
        0.012867339791442577,
        0.017850452353647236
    ],
    "val_metrics": [
        {
            "mae": 67.45331196905445,
            "rmse": 81.34713896502154,
            "nete": 0.3,
            "precision": 0.5,
            "recall": 0.5,
            "f1": 0.40129558464964943
        },
        {
            "mae": 65.74879756541448,
            "rmse": 78.06362791171999,
            "nete": 0.3,
            "precision": 0.5,
            "recall": 0.5,
            "f1": 0.42573658104761447
        },
        {
            "mae": 62.66588907258703,
            "rmse": 71.80787299516925,
            "nete": 0.3,
            "precision": 0.5,
            "recall": 0.5,
            "f1": 0.46699064685935326
        },
        {
            "mae": 62.89169907105464,
            "rmse": 72.14869482540134,
            "nete": 0.3,
            "precision": 0.5,
            "recall": 0.502318681741203,
            "f1": 0.46994955264062077
        },
        {
            "mae": 60.571534559962586,
            "rmse": 72.96055280274281,
            "nete": 0.3,
            "precision": 0.5,
            "recall": 0.517368744580188,
            "f1": 0.4796012734398254
        },
        {
            "mae": 57.92285739749545,
            "rmse": 71.47601309678139,
            "nete": 0.3,
            "precision": 0.5,
            "recall": 0.5,
            "f1": 0.48074599499448717
        },
        {
            "mae": 56.77795602360595,
            "rmse": 65.43142452055265,
            "nete": 0.3,
            "precision": 0.5,
            "recall": 0.5187118840184949,
            "f1": 0.4973722883325147
        },
        {
            "mae": 54.25053186907668,
            "rmse": 68.45749376538573,
            "nete": 0.3,
            "precision": 0.5,
            "recall": 0.5372992870503188,
            "f1": 0.5157898383579802
        },
        {
            "mae": 53.52114416111412,
            "rmse": 63.23793668716603,
            "nete": 0.3,
            "precision": 0.5,
            "recall": 0.5817853083300805,
            "f1": 0.5381874724112709
        },
        {
            "mae": 52.61929147060514,
            "rmse": 64.33902577512069,
            "nete": 0.3,
            "precision": 0.5380298050657863,
            "recall": 0.5719713591814349,
            "f1": 0.5550005821236106
        },
        {
            "mae": 50.77702442101187,
            "rmse": 60.12497790932964,
            "nete": 0.3,
            "precision": 0.5576646479062108,
            "recall": 0.5737800993786026,
            "f1": 0.5657223736424067
        },
        {
            "mae": 47.74599492365286,
            "rmse": 55.53315833203177,
            "nete": 0.3,
            "precision": 0.5422288752117639,
            "recall": 0.5961800242789643,
            "f1": 0.5692044497453641
        },
        {
            "mae": 46.61333996998275,
            "rmse": 52.29038429122499,
            "nete": 0.3,
            "precision": 0.5518023131078335,
            "recall": 0.5960438611664237,
            "f1": 0.5739230871371286
        },
        {
            "mae": 46.34187454713981,
            "rmse": 57.04513444611243,
            "nete": 0.3,
            "precision": 0.5539916237289849,
            "recall": 0.6300453075263567,
            "f1": 0.5920184656276708
        },
        {
            "mae": 45.01284714481584,
            "rmse": 53.73040111094929,
            "nete": 0.3,
            "precision": 0.5779645295929545,
            "recall": 0.6221176057815001,
            "f1": 0.6000410676872273
        },
        {
            "mae": 42.747180658927206,
            "rmse": 50.81814198551007,
            "nete": 0.3,
            "precision": 0.5843477911045355,
            "recall": 0.6446388169429119,
            "f1": 0.6144933040237237
        },
        {
            "mae": 41.60964265729791,
            "rmse": 50.452544936163484,
            "nete": 0.3,
            "precision": 0.6228504138242467,
            "recall": 0.6459826784069934,
            "f1": 0.63441654611562
        },
        {
            "mae": 40.60409826005095,
            "rmse": 52.089570976543826,
            "nete": 0.3,
            "precision": 0.6079299369560713,
            "recall": 0.6586063458140196,
            "f1": 0.6332681413850454
        },
        {
            "mae": 40.04305399216453,
            "rmse": 51.7525908946301,
            "nete": 0.3,
            "precision": 0.6062498718424352,
            "recall": 0.6729454648035048,
            "f1": 0.6395976683229699
        },
        {
            "mae": 39.993932810801745,
            "rmse": 46.02670581214957,
            "nete": 0.3,
            "precision": 0.6311510680105735,
            "recall": 0.6919161718497475,
            "f1": 0.6615336199301606
        },
        {
            "mae": 37.49622580987381,
            "rmse": 47.60611473590126,
            "nete": 0.3,
            "precision": 0.649511687638979,
            "recall": 0.7407244497823772,