{
    "appliance": "washer dryer",
    "window_size": 100,
    "model_params": {
        "input_size": 1,
        "output_size": 1,
        "hidden_size": 128,
        "num_layers": 1,
        "dt": 0.1,
        "advanced": false
    },
    "train_params": {
        "lr": 0.001,
        "epochs": 20,
        "patience": 10
    },
    "final_metrics": {
        "train_loss": 519852.16966959636,
        "val_loss": 1117307.1477172852,
        "test_loss": 10548.168479492188,
        "test_metrics": {
            "mae": 79.81041717529297,
            "rmse": 102.72200012207031,
            "nete": 1492.0347900390625,
            "sae": 79.88519287109375,
            "traditional_sae": 0.9557057057057057,
            "precision": 0.044294294294294295,
            "recall": 1.0,
            "f1": 0.08483105679367361
        }
    }
}