{
    "appliance": "microwave",
    "window_size": 100,
    "model_params": {
        "input_size": 1,
        "hidden_size": 128,
        "num_layers": 2,
        "output_size": 1,
        "bidirectional": true
    },
    "train_params": {
        "lr": 0.001,
        "epochs": 10,
        "patience": 3
    },
    "final_metrics": {
        "train_loss": 13775.491774241129,
        "val_loss": 28642.39821369565,
        "test_loss": 32174.890289504765,
        "test_metrics": {
            "mae": 28.150056838989258,
            "rmse": 179.4620361328125,
            "nete": 0.6830037832260132,
            "sae": 0.36186186186186187,
            "precision": 0.04411276948590381,
            "recall": 0.9300699300699301,
            "f1": 0.08423052564914503
        }
    }
}