{
    "train_loss": [
        0.05895159492283127,
        0.054910128386447155,
        0.05210875956145295,
        0.05088095054927847,
        0.04926042933520614,
        0.045364418536811175,
        0.041583258345534516,
        0.04016720972536826,
        0.038439749590064506,
        0.03866414296782219,
        0.03616725092926725,
        0.035076812028582795,
        0.03364488215798539,
        0.03148943259593928,
        0.03104505483140136,
        0.030558613992207603,
        0.028814134960934393,
        0.025836466208661545,
        0.02542705666779709,
        0.025652896247960882,
        0.025024030175439946,
        0.02512542943351566,
        0.023931712615425763,
        0.022766087278030214,
        0.02054211353206345,
        0.019801124868319333,
        0.018975991461805054,
        0.01878180930334827,
        0.019741918550333356,
        0.019558638205855395,
        0.01895379263087012,
        0.01954930061616911,
        0.020407108435148605,
        0.0203727205702422,
        0.017836525853091607,
        0.017477420750115245,
        0.017040463812450297,
        0.015952771776144407,
        0.016514168982993543,
        0.016410870776085995,
        0.01757735597184259,
        0.016072698671213307,
        0.017506341034813876,
        0.01656936931259502,
        0.01573087662537998,
        0.015709487249053022,
        0.015069801576492082,
        0.014817781542747759,
        0.013544192808827021,
        0.013443961464879282
    ],
    "val_loss": [
        0.06389917466897284,
        0.06105093229594588,
        0.05707928838360258,
        0.055594025480965606,
        0.055163433948975174,
        0.05007230243367865,
        0.04763610052444638,
        0.04641458610785173,
        0.045134911507658595,
        0.04294593772001819,
        0.04182876487109057,
        0.039307759933508504,
        0.0377411661881573,
        0.03718796954227374,
        0.03610514922565997,
        0.03568990184703956,
        0.03297939156166588,
        0.03063155765312614,
        0.028698409501186947,
        0.02893554106035893,
        0.028275231684211942,
        0.028381700905191445,
        0.02712829824619705,
        0.028158489747035095,
        0.029059145379524913,
        0.026294606809913728,
        0.024776739030064377,
        0.023881300820881298,
        0.023050342603954926,
        0.022536570116148166,
        0.021901482262413625,
        0.022526765646977566,
        0.023427463856906035,
        0.024132304475935423,
        0.02409427006851776,
        0.022033208502100277,
        0.022004188470165126,
        0.019110525671173363,
        0.019339877432143222,
        0.019231414314890297,
        0.02045622377043472,
        0.018876333604773976,
        0.020381658086554573,
        0.020083585014475935,
        0.018758090171705086,
        0.018494961611505677,
        0.017823291655316688,
        0.01755867061988515,
        0.016221402449268372,
        0.01677232193128974
    ],
    "val_metrics": [
        {
            "mae": 81.83788756695334,
            "rmse": 94.06999134739738,
            "nete": 0.3,
            "precision": 0.5,
            "recall": 0.5361961372513153,
            "f1": 0.5017529454513001
        },
        {
            "mae": 79.16542731785106,
            "rmse": 94.51075246501078,
            "nete": 0.3,
            "precision": 0.5061121222637563,
            "recall": 0.5334934179741717,
            "f1": 0.519802770118964
        },
        {
            "mae": 74.91594930316482,
            "rmse": 88.46148461801091,
            "nete": 0.3,
            "precision": 0.5,
            "recall": 0.5992579273877819,
            "f1": 0.543537374868029
        },
        {
            "mae": 75.74373227818049,
            "rmse": 87.87935940267222,
            "nete": 0.3,
            "precision": 0.5215487121558494,
            "recall": 0.559003442466611,
            "f1": 0.5402760773112302
        },
        {
            "mae": 72.77201789059153,
            "rmse": 83.70368631117648,
            "nete": 0.3,
            "precision": 0.5194829984589912,
            "recall": 0.5962199605761004,
            "f1": 0.5578514795175458
        },
        {
            "mae": 72.11858758800227,
            "rmse": 85.02767815998132,
            "nete": 0.3,
            "precision": 0.56651558523101,
            "recall": 0.5892245722409121,
            "f1": 0.5778700787359611
        },
        {
            "mae": 70.06366932491092,
            "rmse": 82.7707186259353,
            "nete": 0.3,
            "precision": 0.566795975024569,
            "recall": 0.6299962558740074,
            "f1": 0.5983961154492882
        },
        {
            "mae": 68.44668007240473,
            "rmse": 78.62381277672459,
            "nete": 0.3,
            "precision": 0.5817647602714143,
            "recall": 0.5991293377232263,
            "f1": 0.5904470489973204
        },
        {
            "mae": 65.52815153048812,
            "rmse": 75.92716762377937,
            "nete": 0.3,
            "precision": 0.5946445758005027,
            "recall": 0.660158363384668,
            "f1": 0.6274014695925854
        },
        {
            "mae": 64.62543586358892,
            "rmse": 70.99820804308156,
            "nete": 0.3,
            "precision": 0.6212587881193308,
            "recall": 0.695567318388306,
            "f1": 0.6584130532538184
        },
        {
            "mae": 62.24002556199279,
            "rmse": 77.85381330280724,
            "nete": 0.3,
            "precision": 0.643904316834073,
            "recall": 0.6714435040549317,
            "f1": 0.6576739104445024
        },
        {
            "mae": 59.98995888856594,
            "rmse": 73.44758759886781,
            "nete": 0.3,
            "precision": 0.6531405857004359,
            "recall": 0.7295992221714083,
            "f1": 0.6913699039359221
        },
        {
            "mae": 59.2847367543669,
            "rmse": 66.5858596337976,
            "nete": 0.3,
            "precision": 0.6669925248685059,
            "recall": 0.7199265852132593,
            "f1": 0.6934595550408826
        },
        {
            "mae": 57.28678258350141,
            "rmse": 72.67113588308025,
            "nete": 0.3,
            "precision": 0.6857153070623553,
            "recall": 0.7433730743137282,
            "f1": 0.7145441906880418
        },
        {
            "mae": 54.45938668241299,
            "rmse": 65.48697069202301,
            "nete": 0.3,
            "precision": 0.6907244964883905,
            "recall": 0.765674438990428,
            "f1": 0.7281994677394092
        },
        {
            "mae": 53.72414179060417,
            "rmse": 65.23603320769452,
            "nete": 0.3,
            "precision": 0.7043314426824554,
            "recall": 0.7786656676414727,
            "f1": 0.741498555161964
        },
        {
            "mae": 51.50475463292026,
            "rmse": 61.184343368659256,
            "nete": 0.3,
            "precision": 0.6893246840466226,
            "recall": 0.799452459255981,
            "f1": 0.7443885716513018
        },
        {
            "mae": 50.61908844544151,
            "rmse": 58.01880986512693,
            "nete": 0.3,
            "precision": 0.7368693092000281,
            "recall": 0.7883845051571275,
            "f1": 0.762626907178578
        },
        {
            "mae": 48.85168035954577,
            "rmse": 58.26001059265077,
            "nete": 0.3,
            "precision": 0.7665380362054395,
            "recall": 0.8023240134163363,
            "f1": 0.7844310248108879
        },
        {
            "mae": 47.333474107389954,
            "rmse": 56.641523073064285,
            "nete": 0.3,
            "precision": 0.7306000303454772,
            "recall": 0.8333874037292431,
            "f1": 0.7819937170373601
        },
        {
            "mae": 46.87406123449628,