{
    "appliance": "fridge",
    "window_size": 100,
    "model_params": {
        "input_size": 1,
        "output_size": 1,
        "hidden_size": 128,
        "num_layers": 1,
        "dt": 0.1,
        "advanced": false
    },
    "train_params": {
        "lr": 0.001,
        "epochs": 20,
        "patience": 10
    },
    "final_metrics": {
        "train_loss": 4486.473265245226,
        "val_loss": 5127.877140977647,
        "test_loss": 6392.860723266602,
        "test_metrics": {
            "mae": 58.116546630859375,
            "rmse": 79.8991470336914,
            "nete": 0.23776468634605408,
            "sae": 41.25762939453125,
            "traditional_sae": 0.7501251251251251,
            "precision": 0.24987487487487486,
            "recall": 1.0,
            "f1": 0.3998398238061868
        }
    }
}