{
    "train_loss": [
        0.07163671587127056,
        0.06757447477724304,
        0.06697397710349626,
        0.06499219558579544,
        0.061081015646587716,
        0.061810215463841564,
        0.05921440599884775,
        0.05589119702282844,
        0.0538624393972873,
        0.051857352078421654,
        0.04986504186988221,
        0.049787388424466304,
        0.04731502264463714,
        0.04586635148744282,
        0.042426521744158056,
        0.04242280436440461,
        0.041262428472034735,
        0.040029753008302305,
        0.0379648300439351,
        0.035768781580259805,
        0.034070932626565575,
        0.031014483846981845,
        0.03070333079539716,
        0.029934651743855498,
        0.029716729539447234,
        0.02880909686620857,
        0.028974020030878112,
        0.02780503768789532,
        0.027082537421470116,
        0.025435902726708044,
        0.023685506499995953,
        0.022770144112348643,
        0.022785240399760945,
        0.022242830937081494,
        0.021723691777443824,
        0.02152995572000461,
        0.019321869170138582,
        0.018474509763518387,
        0.01682001203660893,
        0.01726522297615213,
        0.015992494795541053,
        0.016847794517137464,
        0.015987219457134338,
        0.016906718176238657,
        0.015982055852342757,
        0.014055936968989543,
        0.012262273319238348,
        0.010597510225994346,
        0.008935041600162587,
        0.019940359628496936
    ],
    "val_loss": [
        0.07799193848436818,
        0.0759766387915632,
        0.07562072474474628,
        0.07354151824347407,
        0.06882822127134296,
        0.06690072623703365,
        0.06529173105205559,
        0.06295588108631218,
        0.06180112394525464,
        0.06295388618540237,
        0.06169961120396442,
        0.06113197190416132,
        0.056804279423381725,
        0.056099714829184404,
        0.05368842139897152,
        0.048920193575146265,
        0.0470777343381387,
        0.045137875718321806,
        0.04324129570753277,
        0.044435000042930856,
        0.04215312042582874,
        0.04084939678689441,
        0.03786969461640052,
        0.03528508485268154,
        0.03377082594789968,
        0.034551422711882725,
        0.03353501024480146,
        0.03337725297821663,
        0.03260364991884371,
        0.03213286877758988,
        0.03360842367087011,
        0.031817323101864116,
        0.029316470106370125,
        0.02762123163953072,
        0.027745512177230792,
        0.02829485809478514,
        0.029674020415154254,
        0.028125743521140015,
        0.028147962708131365,
        0.02837440492762213,
        0.027612195118698946,
        0.02978630414742962,
        0.028473505924581137,
        0.028897168033807413,
        0.027792040672846907,
        0.024833831176686267,
        0.02601643262558827,
        0.024772229690046242,
        0.0224331018024401,
        0.026925199217463024
    ],
    "val_metrics": [
        {
            "mae": 94.27768652378921,
            "rmse": 107.44833328948555,
            "nete": 0.3,
            "precision": 0.5,
            "recall": 0.5,
            "f1": 0.4657849781601233
        },
        {
            "mae": 92.51888520105648,
            "rmse": 111.96122003587293,
            "nete": 0.3,
            "precision": 0.5,
            "recall": 0.5,
            "f1": 0.4970967460351666
        },
        {
            "mae": 89.1447825759395,
            "rmse": 106.59283175424169,
            "nete": 0.3,
            "precision": 0.5,
            "recall": 0.5055390723787921,
            "f1": 0.4958597813837253
        },
        {
            "mae": 88.61321771269674,
            "rmse": 114.20631206202808,
            "nete": 0.3,
            "precision": 0.5143332130898578,
            "recall": 0.540998610228906,
            "f1": 0.5276659116593819
        },
        {
            "mae": 87.35738018569991,
            "rmse": 112.03272908172696,
            "nete": 0.3,
            "precision": 0.5422301294843753,
            "recall": 0.5663756286000388,
            "f1": 0.554302879042207
        },
        {
            "mae": 82.08281299973756,
            "rmse": 103.06151717712687,
            "nete": 0.3,
            "precision": 0.5435520329386913,
            "recall": 0.59373877487908,
            "f1": 0.5686454039088857
        },
        {
            "mae": 82.43308825693049,
            "rmse": 98.94707324153309,
            "nete": 0.3,
            "precision": 0.5502416618844257,
            "recall": 0.6299085074945315,
            "f1": 0.5900750846894786
        },
        {
            "mae": 80.63442883164349,
            "rmse": 103.69267917202995,
            "nete": 0.3,
            "precision": 0.6194760032750534,
            "recall": 0.6249804941936378,
            "f1": 0.6222282487343456
        },
        {
            "mae": 76.35820338414217,
            "rmse": 92.94051014856953,
            "nete": 0.3,
            "precision": 0.5814633847110752,
            "recall": 0.6556897382394759,
            "f1": 0.6185765614752755
        },
        {
            "mae": 73.53226682310864,
            "rmse": 91.57968851542861,
            "nete": 0.3,
            "precision": 0.5892912140364416,
            "recall": 0.6321505118660008,
            "f1": 0.6107208629512212
        },
        {
            "mae": 71.51762147885086,
            "rmse": 86.426235906157,
            "nete": 0.3,
            "precision": 0.5985850330200562,
            "recall": 0.6968659593471767,
            "f1": 0.6477254961836164
        },
        {
            "mae": 70.69479124327678,
            "rmse": 77.38061179594081,
            "nete": 0.3,
            "precision": 0.6379833059806136,
            "recall": 0.6613589326033609,
            "f1": 0.6496711192919873
        },
        {
            "mae": 66.68513467405907,
            "rmse": 80.18542033569301,
            "nete": 0.3,
            "precision": 0.6745058854254274,
            "recall": 0.7196561921978624,
            "f1": 0.697081038811645
        },
        {
            "mae": 66.18269513328612,
            "rmse": 80.35344292201964,
            "nete": 0.3,
            "precision": 0.6477248013965821,
            "recall": 0.705724361678389,
            "f1": 0.6767245815374855
        },
        {
            "mae": 64.95191184329843,
            "rmse": 80.64340899866001,
            "nete": 0.3,
            "precision": 0.6656542151176628,
            "recall": 0.7535536293326253,
            "f1": 0.709603922225144
        },
        {
            "mae": 64.00941486622243,
            "rmse": 72.73924598646438,
            "nete": 0.3,
            "precision": 0.7001194958966022,
            "recall": 0.7348786798085112,
            "f1": 0.7174990878525568
        },
        {
            "mae": 61.14703616164028,
            "rmse": 71.12499483733924,
            "nete": 0.3,
            "precision": 0.6744604369255529,
            "recall": 0.7584822456137481,
            "f1": 0.7164713412696506
        },
        {
            "mae": 57.50695528591974,
            "rmse": 69.86975103961262,
            "nete": 0.3,
            "precision": 0.7068436721700149,
            "recall": 0.783071603029291,
            "f1": 0.7449576375996529
        },
        {
            "mae": 57.077926286150564,
            "rmse": 69.75669641649799,
            "nete": 0.3,
            "precision": 0.7254395065949713,
            "recall": 0.7934290907222811,
            "f1": 0.7594342986586261
        },
        {
            "mae": 54.79752807849829,
            "rmse": 66.47449447561326,
            "nete": 0.3,
            "precision": 0.7289903588073496,
            "recall": 0.7987818392628693,
            "f1": 0.7638860990351094
        },
        {
            "mae": 54.394354916962385,
            "rmse": 62.72219872642337,
            "nete": 0.3,