{
    "appliance": "microwave",
    "window_size": 100,
    "model_params": {
        "input_size": 1,
        "output_size": 1,
        "hidden_size": 128,
        "num_layers": 1,
        "dt": 0.1,
        "advanced": false
    },
    "train_params": {
        "lr": 0.001,
        "epochs": 10,
        "patience": 3
    },
    "final_metrics": {
        "train_loss": 13842.787894821167,
        "val_loss": 28697.627966495354,
        "test_loss": 32604.673208735818,
        "test_metrics": {
            "mae": 26.900482177734375,
            "rmse": 180.65737915039062,
            "nete": 0.6473135352134705,
            "sae": 0.32770270270270274,
            "precision": 0.036329588014981276,
            "recall": 0.6783216783216783,
            "f1": 0.06896551724137931
        }
    }
}