{
    "train_loss": [
        0.05163848346888142,
        0.048839326426014025,
        0.046258148278485435,
        0.044332324659716836,
        0.04057025614040336,
        0.03751226429312479,
        0.03463677961293088,
        0.032145599340963144,
        0.031762776413010146,
        0.032620739212533105,
        0.032900706790200386,
        0.031663422370945854,
        0.02945744949402493,
        0.02689111147552206,
        0.025394200953140277,
        0.02570556620062059,
        0.02462370518316409,
        0.024467979204103606,
        0.024192879125545196,
        0.022946635097214674,
        0.021277134399675275,
        0.021107876216614023,
        0.019900211699870576,
        0.0180681921315475,
        0.01647118568733312,
        0.015850202291442638,
        0.015237324495646278,
        0.014934405011735076,
        0.01314457493656615,
        0.012802662562787621,
        0.011564232979385858,
        0.010894759916542799,
        0.01093923489606283,
        0.010647213485807097,
        0.010770997678599726,
        0.010134003591139024,
        0.008831930026699877,
        0.008660564583443612,
        0.00838238241405758,
        0.007833319414119994,
        0.006097293797847166,
        0.008147470521373665,
        0.009233119210534024,
        0.00909472868967298,
        0.008769372031591291,
        0.0073910190194723755,
        0.007859839270774865,
        0.009643729269603751,
        0.009847362501088338,
        0.011984001577375131
    ],
    "val_loss": [
        0.05878499499452794,
        0.057885849317406264,
        0.05636770431988316,
        0.05109271646013682,
        0.0473863351578359,
        0.044806183877352385,
        0.04297841958477524,
        0.04165488235384363,
        0.03908780989243384,
        0.03741495973530481,
        0.03686901312158016,
        0.03577227677481409,
        0.032930321968726174,
        0.0316606790543126,
        0.03018110432290905,
        0.030593790339018913,
        0.029825183026529978,
        0.028190628945638677,
        0.02819316674813637,
        0.02711052447256869,
        0.025994511606776145,
        0.02459485294989255,
        0.023627106568571424,
        0.025032368669327176,
        0.023094229221274746,
        0.022001306226784565,
        0.02141447548813714,
        0.021241685634027608,
        0.020638268940909747,
        0.017533808336220404,
        0.017620749814759168,
        0.02009338298894518,
        0.019322947984597355,
        0.016439369416273546,
        0.017275592325811346,
        0.017280293998696072,
        0.014024519738077942,
        0.01251809424432424,
        0.011553669717574246,
        0.012727774834086138,
        0.010637076309812627,
        0.011398019679442284,
        0.011694775171060726,
        0.01154946512415663,
        0.011207840633170856,
        0.01460915056377762,
        0.013919426170656517,
        0.012996231251165757,
        0.014506977571616354,
        0.017037781654715232
    ],
    "val_metrics": [
        {
            "mae": 71.80150414597966,
            "rmse": 82.79581306076133,
            "nete": 0.3,
            "precision": 0.5,
            "recall": 0.5,
            "f1": 0.4485473746601236
        },
        {
            "mae": 68.60283322985642,
            "rmse": 85.97243037217291,
            "nete": 0.3,
            "precision": 0.5,
            "recall": 0.5182247630605723,
            "f1": 0.47437810234641853
        },
        {
            "mae": 68.85255618896366,
            "rmse": 79.29141092082396,
            "nete": 0.3,
            "precision": 0.5,
            "recall": 0.5067233508669872,
            "f1": 0.4996882232416871
        },
        {
            "mae": 66.0573192479398,
            "rmse": 84.1645911907628,
            "nete": 0.3,
            "precision": 0.5,
            "recall": 0.5331895487529426,
            "f1": 0.5134977244809932
        },
        {
            "mae": 64.38470316841679,
            "rmse": 76.26677562278397,
            "nete": 0.3,
            "precision": 0.5,
            "recall": 0.5686157533880051,
            "f1": 0.5316674310642572
        },
        {
            "mae": 63.7656177782868,
            "rmse": 74.85779484983082,
            "nete": 0.3,
            "precision": 0.5,
            "recall": 0.5919275249253414,
            "f1": 0.545678178739939
        },
        {
            "mae": 61.3551300005807,
            "rmse": 74.0078966993511,
            "nete": 0.3,
            "precision": 0.5386641138801054,
            "recall": 0.5812290486091988,
            "f1": 0.559946581244652
        },
        {
            "mae": 57.99992765185159,
            "rmse": 73.15341445919532,
            "nete": 0.3,
            "precision": 0.5644321871516226,
            "recall": 0.6117139004345765,
            "f1": 0.5880730437930994
        },
        {
            "mae": 57.821770060787124,
            "rmse": 70.78437154120068,
            "nete": 0.3,
            "precision": 0.5798055298355885,
            "recall": 0.6212848269721872,
            "f1": 0.6005451784038879
        },
        {
            "mae": 55.894019098245344,
            "rmse": 63.044773337427735,
            "nete": 0.3,
            "precision": 0.5883922509838369,
            "recall": 0.59064213321694,
            "f1": 0.5895171921003883
        },
        {
            "mae": 53.87059187778242,
            "rmse": 62.79357505383617,
            "nete": 0.3,
            "precision": 0.5920820518451796,
            "recall": 0.6793260703320432,
            "f1": 0.6357040610886113
        },
        {
            "mae": 53.81054068349666,
            "rmse": 63.219504214821356,
            "nete": 0.3,
            "precision": 0.5959985493432259,
            "recall": 0.6664347137631343,
            "f1": 0.6312166315531802
        },
        {
            "mae": 52.22057676182612,
            "rmse": 59.6324382884468,
            "nete": 0.3,
            "precision": 0.6304571111552468,
            "recall": 0.6834805137900283,
            "f1": 0.6569688124726376
        },
        {
            "mae": 49.583318373366026,
            "rmse": 58.011939390040155,
            "nete": 0.3,
            "precision": 0.6328165013946506,
            "recall": 0.6990296159181442,
            "f1": 0.6659230586563974
        },
        {
            "mae": 47.50819618451298,
            "rmse": 50.79306121881967,
            "nete": 0.3,
            "precision": 0.6297773540669271,
            "recall": 0.7275608348327962,
            "f1": 0.6786690944498617
        },
        {
            "mae": 48.40568055933722,
            "rmse": 57.142986533835725,
            "nete": 0.3,
            "precision": 0.6643539017788808,
            "recall": 0.7468199535125579,
            "f1": 0.7055869276457193
        },
        {
            "mae": 45.81318721177699,
            "rmse": 55.891971410946994,
            "nete": 0.3,
            "precision": 0.676204392666948,
            "recall": 0.6974088152218283,
            "f1": 0.6868066039443882
        },
        {
            "mae": 44.976406447142615,
            "rmse": 57.64526581122408,
            "nete": 0.3,
            "precision": 0.6835446590620531,
            "recall": 0.7737038337416531,
            "f1": 0.728624246401853
        },
        {
            "mae": 42.640948995421645,
            "rmse": 48.701648389660505,
            "nete": 0.3,
            "precision": 0.6941312797653342,
            "recall": 0.7867423700844021,
            "f1": 0.7404368249248682
        },
        {
            "mae": 41.18603165926223,
            "rmse": 51.58406992701496,
            "nete": 0.3,
            "precision": 0.69671011291469,
            "recall": 0.7836626165898173,
            "f1": 0.7401863647522535
        },
        {
            "mae": 40.30287090058275,
            "rmse": 48.97249393640529,
            "nete": 0.3,