{
    "train_loss": [
        0.06345134742297001,
        0.06325898432200687,
        0.06035831854996197,
        0.05758187550653952,
        0.056081831152156494,
        0.05530807692546091,
        0.0531687052410967,
        0.051370603763069664,
        0.04819817090057197,
        0.04762723989392209,
        0.04439552861214404,
        0.04238360878510209,
        0.03956140696957369,
        0.03672139285789519,
        0.0354849369077611,
        0.03479386180071986,
        0.03345516922573065,
        0.03261665720993577,
        0.030825381181184604,
        0.03031352432987567,
        0.029758803744193315,
        0.028275937382893256,
        0.026579100389837983,
        0.02591716460641762,
        0.024171180812140952,
        0.02222415907240322,
        0.02096856803313194,
        0.021257128713203694,
        0.02207942575732497,
        0.021297313057484574,
        0.01890636459620301,
        0.019223216391926173,
        0.017583571379806255,
        0.017041020893954144,
        0.015990354666976028,
        0.015096968092430295,
        0.015489233400597362,
        0.014371992554747559,
        0.013944361933557714,
        0.014134366701176472,
        0.01409707115637191,
        0.015371619202881243,
        0.013581451799616801,
        0.01421480992355724,
        0.01290456610905628,
        0.011221209668725375,
        0.008931257388009253,
        0.009032086366147003,
        0.007987956327580027,
        0.01547136594517594
    ],
    "val_loss": [
        0.06862391479411852,
        0.06842193353810722,
        0.06537623447746008,
        0.06436516390397055,
        0.06306396391733472,
        0.06130509848406322,
        0.05843042562000794,
        0.057114029041983545,
        0.05397012810622223,
        0.05274274942567241,
        0.05016608618883549,
        0.0465027892243572,
        0.04466740601394889,
        0.04118783813335297,
        0.04145556010814357,
        0.0387220737693391,
        0.037127927687017184,
        0.03624749007043256,
        0.03551820219657234,
        0.03556064315651714,
        0.03510715799606423,
        0.03449017551320211,
        0.03281129011444231,
        0.03141764303972587,
        0.03154049142648018,
        0.030325884501889565,
        0.029793377807362596,
        0.029348815690565123,
        0.027265905831986112,
        0.024728261683170962,
        0.024981246191056874,
        0.024720385141705586,
        0.023803715481010235,
        0.022504094168050014,
        0.02428156722239222,
        0.022399203440481588,
        0.021655850831358812,
        0.02287895180708482,
        0.021369452363082627,
        0.019706723399884784,
        0.021676363099868378,
        0.01915575702296496,
        0.018304095391791383,
        0.016925550419735102,
        0.016855330617912674,
        0.017666988012790596,
        0.01681571386672062,
        0.017310704535073242,
        0.01594859326859134,
        0.020417223965773654
    ],
    "val_metrics": [
        {
            "mae": 77.07728192535552,
            "rmse": 89.51015447066371,
            "nete": 0.3,
            "precision": 0.5,
            "recall": 0.5008641229927692,
            "f1": 0.4713823247702501
        },
        {
            "mae": 75.8815394634632,
            "rmse": 91.8898967331029,
            "nete": 0.3,
            "precision": 0.5,
            "recall": 0.5433014466352527,
            "f1": 0.5080667484238255
        },
        {
            "mae": 72.52073624036086,
            "rmse": 80.91863764296937,
            "nete": 0.3,
            "precision": 0.5097264678813209,
            "recall": 0.5463649245679691,
            "f1": 0.528045696224645
        },
        {
            "mae": 70.48883970006926,
            "rmse": 83.93294852172514,
            "nete": 0.3,
            "precision": 0.5124558427249959,
            "recall": 0.5689615575605319,
            "f1": 0.5407087001427638
        },
        {
            "mae": 69.98611288207388,
            "rmse": 82.51435222443432,
            "nete": 0.3,
            "precision": 0.5371755092504186,
            "recall": 0.5822854900189328,
            "f1": 0.5597304996346756
        },
        {
            "mae": 67.11968098144699,
            "rmse": 82.74064809003458,
            "nete": 0.3,
            "precision": 0.5685968998733222,
            "recall": 0.5741357282231574,
            "f1": 0.5713663140482398
        },
        {
            "mae": 64.93797320065784,
            "rmse": 79.36615339866685,
            "nete": 0.3,
            "precision": 0.5603743836771914,
            "recall": 0.6027293947931933,
            "f1": 0.5815518892351924
        },
        {
            "mae": 64.26882194707355,
            "rmse": 72.64950189789637,
            "nete": 0.3,
            "precision": 0.5642717527724386,
            "recall": 0.627972280043171,
            "f1": 0.5961220164078047
        },
        {
            "mae": 61.00600926988814,
            "rmse": 70.96905074495932,
            "nete": 0.3,
            "precision": 0.6354035672402402,
            "recall": 0.6530353958335029,
            "f1": 0.6442194815368715
        },
        {
            "mae": 60.175246962663024,
            "rmse": 72.49183550345386,
            "nete": 0.3,
            "precision": 0.6203520199095303,
            "recall": 0.6768710618476772,
            "f1": 0.6486115408786037
        },
        {
            "mae": 58.12571822671857,
            "rmse": 69.37700664331223,
            "nete": 0.3,
            "precision": 0.6246126081095987,
            "recall": 0.7088652920238905,
            "f1": 0.6667389500667447
        },
        {
            "mae": 57.87837232530117,
            "rmse": 68.37090307008539,
            "nete": 0.3,
            "precision": 0.6132566138487938,
            "recall": 0.7160691255836603,
            "f1": 0.6646628697162271
        },
        {
            "mae": 54.303078976127225,
            "rmse": 70.74141529913695,
            "nete": 0.3,
            "precision": 0.6416931369816105,
            "recall": 0.7538049501441061,
            "f1": 0.6977490435628583
        },
        {
            "mae": 54.82020923425282,
            "rmse": 65.06909227295915,
            "nete": 0.3,
            "precision": 0.6571645378322053,
            "recall": 0.7706057084469649,
            "f1": 0.7138851231395852
        },
        {
            "mae": 52.02334066987978,
            "rmse": 60.76435766756795,
            "nete": 0.3,
            "precision": 0.6793707373958,
            "recall": 0.7868638840500662,
            "f1": 0.7331173107229331
        },
        {
            "mae": 50.304324306353145,
            "rmse": 54.49934289126024,
            "nete": 0.3,
            "precision": 0.6965876878490115,
            "recall": 0.76307898734815,
            "f1": 0.7298333375985807
        },
        {
            "mae": 48.7372680808257,
            "rmse": 60.693212138275904,
            "nete": 0.3,
            "precision": 0.6890750250275213,
            "recall": 0.8054295540748532,
            "f1": 0.7472522895511873
        },
        {
            "mae": 46.893305176016,
            "rmse": 56.46637915879687,
            "nete": 0.3,
            "precision": 0.7371754052308651,
            "recall": 0.8197524836906878,
            "f1": 0.7784639444607765
        },
        {
            "mae": 46.321237658548576,
            "rmse": 55.5340156587229,
            "nete": 0.3,
            "precision": 0.708486671307085,
            "recall": 0.7892191115739456,
            "f1": 0.7488528914405154
        },
        {
            "mae": 45.6479543617706,
            "rmse": 57.29132453197302,
            "nete": 0.3,
            "precision": 0.7551475490316533,
            "recall": 0.8073448444993956,
            "f1": 0.7812461967655244
        },
        {
            "mae": 43.25541015092534,