{
    "train_loss": [
        0.06179982339509143,
        0.05825343241485179,
        0.053415556617791994,
        0.05187700290884059,
        0.05077158963535271,
        0.049899688710784255,
        0.04718661250825767,
        0.04674080011214515,
        0.045608346543432744,
        0.04485043441158624,
        0.04014285391752043,
        0.03851175118547907,
        0.038298171265667445,
        0.03713338933935958,
        0.034462721025158835,
        0.03241012940119918,
        0.029909949733596442,
        0.02810339235512861,
        0.026488982841992952,
        0.025714947709424712,
        0.02500366594654935,
        0.02368719052871139,
        0.021869480680433692,
        0.020535152696023407,
        0.019649519598692624,
        0.020203355147518618,
        0.019688914721923023,
        0.017850451723385362,
        0.016996204068151034,
        0.013622569107852724,
        0.013579245077731329,
        0.01499528078104834,
        0.014111697705154488,
        0.012225376374898855,
        0.01226599102676518,
        0.012520398687217372,
        0.011770293978228992,
        0.010747583740902799,
        0.010166335365069246,
        0.01088345699811836,
        0.009479759053051135,
        0.009267375285528559,
        0.008435640427412135,
        0.007288993333528337,
        0.006493071291952624,
        0.008436964937919327,
        0.010275497784989873,
        0.008694824936921055,
        0.008614077580817588,
        0.01776440846504851
    ],
    "val_loss": [
        0.06688981456484601,
        0.06585239881980022,
        0.06436480454861664,
        0.06417408107265181,
        0.059839689352605,
        0.059049172266442296,
        0.05717099680463887,
        0.05456830347154413,
        0.04988876387060438,
        0.049092956132165556,
        0.04735887197828123,
        0.04428302441783237,
        0.04307556960172248,
        0.041851440056366505,
        0.03897503894782501,
        0.03922834194454677,
        0.03688827602113492,
        0.03543352280925713,
        0.032770750707680596,
        0.03055958470565773,
        0.029701474352136204,
        0.027512913835646156,
        0.027042731911427587,
        0.023561910330824574,
        0.02263199557862726,
        0.02321352290489455,
        0.022673360458019175,
        0.02074297430955463,
        0.01984601427155859,
        0.019318229956334268,
        0.016720583921067393,
        0.01774504482010076,
        0.016865987875690113,
        0.018143812049328776,
        0.0178658354241332,
        0.015944107453739583,
        0.016745187095686523,
        0.014840228498647278,
        0.012917545120721055,
        0.01342762984802428,
        0.01396695932451026,
        0.013076589222989665,
        0.01346966728545014,
        0.016486454520814355,
        0.014531457762595802,
        0.013266352990057113,
        0.012789272674239367,
        0.01215119609283969,
        0.011044781459858467,
        0.02261994020514188
    ],
    "val_metrics": [
        {
            "mae": 85.63485599874122,
            "rmse": 98.72312989877764,
            "nete": 0.3,
            "precision": 0.5,
            "recall": 0.5068858956537168,
            "f1": 0.48577383535967517
        },
        {
            "mae": 82.70813175968996,
            "rmse": 95.00876401864966,
            "nete": 0.3,
            "precision": 0.5,
            "recall": 0.541700896015181,
            "f1": 0.4795666899259374
        },
        {
            "mae": 79.61994807225675,
            "rmse": 95.50469690491293,
            "nete": 0.3,
            "precision": 0.5060997126281201,
            "recall": 0.5109860214257644,
            "f1": 0.5085428670269423
        },
        {
            "mae": 79.1037447272891,
            "rmse": 90.62252502199125,
            "nete": 0.3,
            "precision": 0.5,
            "recall": 0.5618717765808332,
            "f1": 0.5166405541707438
        },
        {
            "mae": 77.32882961757839,
            "rmse": 92.67474297607747,
            "nete": 0.3,
            "precision": 0.5044194776356296,
            "recall": 0.5778496461798545,
            "f1": 0.541134561907742
        },
        {
            "mae": 75.56504951083657,
            "rmse": 91.79558246485267,
            "nete": 0.3,
            "precision": 0.5349242342532905,
            "recall": 0.6066073569629359,
            "f1": 0.5707657956081131
        },
        {
            "mae": 71.71843548630117,
            "rmse": 95.12410395592539,
            "nete": 0.3,
            "precision": 0.5603476422902585,
            "recall": 0.5998775967187447,
            "f1": 0.5801126195045017
        },
        {
            "mae": 70.13184049261835,
            "rmse": 87.93102554874514,
            "nete": 0.3,
            "precision": 0.5688360739623513,
            "recall": 0.6322286472338151,
            "f1": 0.6005323605980832
        },
        {
            "mae": 66.89872209676363,
            "rmse": 77.62107510808868,
            "nete": 0.3,
            "precision": 0.5842702760631009,
            "recall": 0.6411130541658314,
            "f1": 0.6126916651144662
        },
        {
            "mae": 67.4219420492443,
            "rmse": 81.80611223270202,
            "nete": 0.3,
            "precision": 0.5741433480310509,
            "recall": 0.6524105707311065,
            "f1": 0.6132769593810787
        },
        {
            "mae": 64.24499458643211,
            "rmse": 74.33007634507055,
            "nete": 0.3,
            "precision": 0.6001983637436422,
            "recall": 0.6566936338647602,
            "f1": 0.6284459988042013
        },
        {
            "mae": 63.06470687390473,
            "rmse": 77.21359461331812,
            "nete": 0.3,
            "precision": 0.6540119115794628,
            "recall": 0.6449140675698274,
            "f1": 0.6494629895746451
        },
        {
            "mae": 59.21508220116692,
            "rmse": 71.92265985096103,
            "nete": 0.3,
            "precision": 0.6268327172785886,
            "recall": 0.7029338370282032,
            "f1": 0.6648832771533959
        },
        {
            "mae": 59.206554188067194,
            "rmse": 73.02419287079593,
            "nete": 0.3,
            "precision": 0.6504041162526182,
            "recall": 0.7096867418681367,
            "f1": 0.6800454290603776
        },
        {
            "mae": 57.252392831001934,
            "rmse": 70.08694701655912,
            "nete": 0.3,
            "precision": 0.6427934606250549,
            "recall": 0.7247076201487386,
            "f1": 0.6837505403868968
        },
        {
            "mae": 56.229322951131564,
            "rmse": 64.88961203350883,
            "nete": 0.3,
            "precision": 0.6495116903767219,
            "recall": 0.770491756735788,
            "f1": 0.7100017235562548
        },
        {
            "mae": 54.76667933229508,
            "rmse": 67.29655049384539,
            "nete": 0.3,
            "precision": 0.6599030998287023,
            "recall": 0.7863821826767553,
            "f1": 0.7231426412527288
        },
        {
            "mae": 52.450900286283414,
            "rmse": 62.758288132393695,
            "nete": 0.3,
            "precision": 0.71990681280627,
            "recall": 0.7795548976984971,
            "f1": 0.7497308552523836
        },
        {
            "mae": 50.76402027415574,
            "rmse": 60.209406443700786,
            "nete": 0.3,
            "precision": 0.717379686060626,
            "recall": 0.8083354510593976,
            "f1": 0.7628575685600117
        },
        {
            "mae": 49.470151538436,
            "rmse": 56.861369289560855,
            "nete": 0.3,
            "precision": 0.734783365146896,
            "recall": 0.7746221808462747,
            "f1": 0.7547027729965854
        },
        {
            "mae": 49.58779831643167,