{
    "timestamp": "20250322_185253",
    "house_number": 1,
    "results": {
        "Fridge": {
            "model_path": "models/gru/house1_20250322_185253\\Fridge\\gru_model_best.pth",
            "final_metrics": {
                "mae": 22.633775325229834,
                "rmse": 26.63576708265731,
                "nete": 0.2271723298409099,
                "precision": 0.74456480392481,
                "recall": 0.86363569686114,
                "f1": 0.8041002503929751
            }
        },
        "Dishwasher": {
            "model_path": "models/gru/house1_20250322_185253\\Dishwasher\\gru_model_best.pth",
            "final_metrics": {
                "mae": 25.81806518142144,
                "rmse": 31.10072399784004,
                "nete": 0.2574945081178028,
                "precision": 0.7983372231701056,
                "recall": 0.8577341106436336,
                "f1": 0.8280356669068697
            }
        },
        "Microwave": {
            "model_path": "models/gru/house1_20250322_185253\\Microwave\\gru_model_best.pth",
            "final_metrics": {
                "mae": 27.373420890635103,
                "rmse": 33.928054307908795,
                "nete": 0.26643240816274655,
                "precision": 0.843393550267958,
                "recall": 0.9370060618970888,
                "f1": 0.8901998060825235
            }
        },
        "Washer_Dryer": {
            "model_path": "models/gru/house1_20250322_185253\\Washer_Dryer\\gru_model_best.pth",
            "final_metrics": {
                "mae": 30.12706072999045,
                "rmse": 35.59587359849321,
                "nete": 0.29843361172192573,
                "precision": 0.8672634016568629,
                "recall": 0.9885281875749758,
                "f1": 0.9278957946159194
            }
        },
        "Kettle": {
            "model_path": "models/gru/house1_20250322_185253\\Kettle\\gru_model_best.pth",
            "final_metrics": {
                "mae": 21.099272790878736,
                "rmse": 26.143716935950437,
                "nete": 0.2123924296406517,
                "precision": 0.7433170016333834,
                "recall": 0.7864763103172896,
                "f1": 0.7648966559753366
            }
        }
    }
}