{
    "timestamp": "20250322_185353",
    "house_number": 1,
    "results": {
        "Fridge": {
            "model_path": "models/liquid/house1_20250322_185353\\Fridge\\liquid_model_best.pth",
            "final_metrics": {
                "mae": 17.090068701729468,
                "rmse": 21.383742878450853,
                "nete": 0.1613949962300654,
                "precision": 0.8281045397005605,
                "recall": 0.894541439149466,
                "f1": 0.8613229894250133
            }
        },
        "Dishwasher": {
            "model_path": "models/liquid/house1_20250322_185353\\Dishwasher\\liquid_model_best.pth",
            "final_metrics": {
                "mae": 18.290219317137034,
                "rmse": 21.500454687610613,
                "nete": 0.18134179776082981,
                "precision": 0.8459738816070627,
                "recall": 0.9760667624716151,
                "f1": 0.9110203220393389
            }
        },
        "Microwave": {
            "model_path": "models/liquid/house1_20250322_185353\\Microwave\\liquid_model_best.pth",
            "final_metrics": {
                "mae": 18.8373307318256,
                "rmse": 23.548532020695355,
                "nete": 0.19175319562512375,
                "precision": 0.8794050436847888,
                "recall": 1.0,
                "f1": 0.9542696305018337
            }
        },
        "Washer_Dryer": {
            "model_path": "models/liquid/house1_20250322_185353\\Washer_Dryer\\liquid_model_best.pth",
            "final_metrics": {
                "mae": 21.855010600759268,
                "rmse": 25.880788720951085,
                "nete": 0.21286443628886517,
                "precision": 0.938098888344929,
                "recall": 1.0,
                "f1": 0.982049551426246
            }
        },
        "Kettle": {
            "model_path": "models/liquid/house1_20250322_185353\\Kettle\\liquid_model_best.pth",
            "final_metrics": {
                "mae": 13.704858769168178,
                "rmse": 15.494110983186575,
                "nete": 0.13275718288139038,
                "precision": 0.7956345570064732,
                "recall": 0.8215313726372319,
                "f1": 0.8085829648218527
            }
        }
    }
}