{
    "train_loss": [
        0.051905308408308606,
        0.047247813371992166,
        0.04662870312940376,
        0.04537225878281418,
        0.04286233454527941,
        0.041383121375985606,
        0.041537332337637234,
        0.04015652496253802,
        0.04009069385051698,
        0.039263675395323376,
        0.038986854752844295,
        0.03663837114037706,
        0.03526094614438217,
        0.0345573246855208,
        0.03388938563578771,
        0.033267924511017906,
        0.03128304665611433,
        0.02960669347070197,
        0.030882590047686967,
        0.030199444411730406,
        0.029286551777374607,
        0.027003319932530835,
        0.02648974146451965,
        0.02537624689347939,
        0.023561963945568056,
        0.02211854416831273,
        0.021474981515969507,
        0.02007116583717749,
        0.019038781416187634,
        0.018728856293473886,
        0.01723904097740439,
        0.014885852251081865,
        0.014920209511754295,
        0.01344755309824082,
        0.013061414746691178,
        0.010794512644920254,
        0.010114794218702173,
        0.009819574273823531,
        0.011645544642223603,
        0.011920171871403385,
        0.01231449817894918,
        0.011145262471931405,
        0.011632604294296297,
        0.012055975860210705,
        0.01063527730747485,
        0.006752526110364676,
        0.004585204165495438,
        0.006339198288762035,
        0.005072815594011447,
        0.012818094731995477
    ],
    "val_loss": [
        0.05650057382872404,
        0.05488668712888464,
        0.053747597103925036,
        0.050289771085527374,
        0.04700545127254338,
        0.04545227744478489,
        0.0456141989545191,
        0.04416435121066493,
        0.04409522854304283,
        0.043226859165089546,
        0.042936197490486515,
        0.041269044563297455,
        0.04003624189200404,
        0.038431367857648335,
        0.03883299887309913,
        0.03721120577835605,
        0.03484719898892005,
        0.0346158103207032,
        0.034426719550071316,
        0.03370941663231693,
        0.03275087936624334,
        0.030353485929157376,
        0.02981422853774563,
        0.03117060921642309,
        0.027627773628804975,
        0.02565415782071373,
        0.02777366322065816,
        0.0291095524558823,
        0.030195240466667356,
        0.025922718550462655,
        0.023897533326014617,
        0.022170111342613884,
        0.02026653788263353,
        0.022176499367292136,
        0.020771974378020242,
        0.021259987628968684,
        0.019912446516579727,
        0.0178999440267914,
        0.015989380809161128,
        0.01639106777248001,
        0.01595659278552387,
        0.015570045541408981,
        0.014214234509011112,
        0.01465877465322124,
        0.014300470594285405,
        0.01340972475538325,
        0.014677478181762326,
        0.015114776915267561,
        0.015506284131525952,
        0.01721328177339774
    ],
    "val_metrics": [
        {
            "mae": 58.446271285900636,
            "rmse": 70.04806268698421,
            "nete": 0.3,
            "precision": 0.5,
            "recall": 0.5,
            "f1": 0.388511433608498
        },
        {
            "mae": 56.93473008281589,
            "rmse": 66.82168749033491,
            "nete": 0.3,
            "precision": 0.5,
            "recall": 0.5,
            "f1": 0.4061399693014376
        },
        {
            "mae": 56.68733878595741,
            "rmse": 67.7656150953837,
            "nete": 0.3,
            "precision": 0.5,
            "recall": 0.5,
            "f1": 0.4183185548652739
        },
        {
            "mae": 53.78033556185653,
            "rmse": 64.63156293006058,
            "nete": 0.3,
            "precision": 0.5,
            "recall": 0.5,
            "f1": 0.44399826709834095
        },
        {
            "mae": 52.069571322363046,
            "rmse": 58.18379122798568,
            "nete": 0.3,
            "precision": 0.5,
            "recall": 0.5004493922615161,
            "f1": 0.4761204560118176
        },
        {
            "mae": 51.7067181866261,
            "rmse": 58.31841252572445,
            "nete": 0.3,
            "precision": 0.5,
            "recall": 0.5,
            "f1": 0.47044852423585254
        },
        {
            "mae": 49.4990940273449,
            "rmse": 60.74962418567606,
            "nete": 0.3,
            "precision": 0.5,
            "recall": 0.5239516702731074,
            "f1": 0.4891181350963495
        },
        {
            "mae": 49.10735266065831,
            "rmse": 59.81160235888664,
            "nete": 0.3,
            "precision": 0.5193287459879097,
            "recall": 0.5048322298208153,
            "f1": 0.5120804879043624
        },
        {
            "mae": 47.25848847637916,
            "rmse": 56.97455168471994,
            "nete": 0.3,
            "precision": 0.5,
            "recall": 0.5554505519986647,
            "f1": 0.5223893332674244
        },
        {
            "mae": 45.339184892233696,
            "rmse": 57.70082705747332,
            "nete": 0.3,
            "precision": 0.5185039456807552,
            "recall": 0.5613810293684571,
            "f1": 0.5399424875246062
        },
        {
            "mae": 44.57082032504614,
            "rmse": 56.696367742952425,
            "nete": 0.3,
            "precision": 0.5100254950081312,
            "recall": 0.5764121019320497,
            "f1": 0.5432187984700906
        },
        {
            "mae": 43.684588252304124,
            "rmse": 51.6825643486191,
            "nete": 0.3,
            "precision": 0.5,
            "recall": 0.6031634119987291,
            "f1": 0.5515732272663425
        },
        {
            "mae": 41.880436491737356,
            "rmse": 49.428208877137045,
            "nete": 0.3,
            "precision": 0.5261286517804638,
            "recall": 0.5969473561129155,
            "f1": 0.5615380039466896
        },
        {
            "mae": 41.034729656048555,
            "rmse": 49.33635923833358,
            "nete": 0.3,
            "precision": 0.5326590158684777,
            "recall": 0.6200855416375882,
            "f1": 0.576372278753033
        },
        {
            "mae": 39.82312962751534,
            "rmse": 49.61201782504719,
            "nete": 0.3,
            "precision": 0.5594862155545868,
            "recall": 0.6189388309894047,
            "f1": 0.5892125232719957
        },
        {
            "mae": 38.54699401648773,
            "rmse": 46.78535772313857,
            "nete": 0.3,
            "precision": 0.5801969153937421,
            "recall": 0.631060022932906,
            "f1": 0.605628469163324
        },
        {
            "mae": 37.96469509354692,
            "rmse": 45.566215609653284,
            "nete": 0.3,
            "precision": 0.6057501986166922,
            "recall": 0.646982347324658,
            "f1": 0.6263662729706752
        },
        {
            "mae": 37.037153197199224,
            "rmse": 43.083329014301846,
            "nete": 0.3,
            "precision": 0.5886754734370213,
            "recall": 0.7032172721922838,
            "f1": 0.6459463728146525
        },
        {
            "mae": 35.41270725099232,
            "rmse": 41.097327077271316,
            "nete": 0.3,
            "precision": 0.5754066965934024,
            "recall": 0.7017034712045874,
            "f1": 0.6385550838989948
        },
        {
            "mae": 34.711947911932505,
            "rmse": 41.46621349399462,
            "nete": 0.3,
            "precision": 0.606326498656385,
            "recall": 0.6787145004873851,
            "f1": 0.6425204995718851
        },
        {
            "mae": 33.0673263790526,
            "rmse": 40.812004284518366,
            "nete": 0.3,
            "precision": 0.6113393573499964,
            "recall": 0.6842477676064745,