{
    "train_loss": [
        0.056075112743420925,
        0.05440702043656201,
        0.052565162157605774,
        0.04848529061970382,
        0.046985544164184406,
        0.04324334340290364,
        0.04100062102339184,
        0.038056636670989595,
        0.036745909153758714,
        0.03419918416517058,
        0.03319069703277605,
        0.03148163601051296,
        0.029164663014766674,
        0.02728680439283042,
        0.02721265110842404,
        0.02694707272704031,
        0.026601605131570196,
        0.025478552880934306,
        0.023641957694388024,
        0.022651507187837015,
        0.0212695916367801,
        0.020643519543408595,
        0.020444247622646756,
        0.01830520638902184,
        0.016699155886471053,
        0.018191197225585685,
        0.016774010730627134,
        0.01696089947099861,
        0.015846927480531108,
        0.016120353979398004,
        0.015715312588011166,
        0.014997424269566418,
        0.013770002742083605,
        0.012430705650776041,
        0.011451016257634485,
        0.010839228290361788,
        0.009433455857117709,
        0.008953148186624984,
        0.008199813886888806,
        0.008381147859563004,
        0.009290296493129069,
        0.009805959895381614,
        0.008753737610124143,
        0.0075172551132691836,
        0.00785996906451915,
        0.007381392076600326,
        0.007094133683339834,
        0.009115321769085565,
        0.01010718775357068,
        0.01379856755116595
    ],
    "val_loss": [
        0.06087886838059198,
        0.059127371458390116,
        0.057193420265486065,
        0.056666352867614705,
        0.05465576369344187,
        0.05266753104191742,
        0.05092319583909078,
        0.04542944671745449,
        0.04420382944568148,
        0.042906761542267226,
        0.03990973256408118,
        0.035131741217835195,
        0.03341377744361828,
        0.03121868929897127,
        0.03303383430602819,
        0.03331187035159173,
        0.03203794337910599,
        0.02947573508259529,
        0.032186321702669836,
        0.030636182827680245,
        0.02826804905495516,
        0.025249482366014448,
        0.02392739519032993,
        0.022150991278170648,
        0.019534113680794607,
        0.02110075708686497,
        0.02058682190422039,
        0.01980894444454854,
        0.018639273854557666,
        0.019519255462061506,
        0.018501078217411725,
        0.019954247920364432,
        0.02158719296332512,
        0.02262726570237005,
        0.0217597196905353,
        0.021008226566869983,
        0.021936635172246904,
        0.021881448391672255,
        0.02024925843313942,
        0.018373282599687388,
        0.016991551349563094,
        0.017204008565830507,
        0.018384539163786892,
        0.015134610190137444,
        0.015517065767861498,
        0.015704125968393757,
        0.0147554865388535,
        0.013680975076122367,
        0.012612547141249214,
        0.017798202501177727
    ],
    "val_metrics": [
        {
            "mae": 67.57590022297721,
            "rmse": 81.72747707856105,
            "nete": 0.3,
            "precision": 0.5,
            "recall": 0.5161403627969496,
            "f1": 0.4834776406129941
        },
        {
            "mae": 65.38637785326328,
            "rmse": 78.6237980840612,
            "nete": 0.3,
            "precision": 0.5,
            "recall": 0.5063007562013774,
            "f1": 0.472476433647866
        },
        {
            "mae": 64.27715158932351,
            "rmse": 75.95728038563466,
            "nete": 0.3,
            "precision": 0.5218697357647984,
            "recall": 0.5208486292664317,
            "f1": 0.5213591825156151
        },
        {
            "mae": 62.68778174323179,
            "rmse": 77.70389627424417,
            "nete": 0.3,
            "precision": 0.5,
            "recall": 0.5310822810202939,
            "f1": 0.5023851951299456
        },
        {
            "mae": 60.9219639308634,
            "rmse": 75.4532708190153,
            "nete": 0.3,
            "precision": 0.5,
            "recall": 0.578048489500127,
            "f1": 0.5382355365938758
        },
        {
            "mae": 58.6000641900573,
            "rmse": 70.91204274674494,
            "nete": 0.3,
            "precision": 0.5178199766701388,
            "recall": 0.5942632386347918,
            "f1": 0.5560416076524652
        },
        {
            "mae": 58.855728972815676,
            "rmse": 65.82807457366904,
            "nete": 0.3,
            "precision": 0.5518783296167518,
            "recall": 0.5873715769610784,
            "f1": 0.569624953288915
        },
        {
            "mae": 55.5564667012828,
            "rmse": 63.764625987654924,
            "nete": 0.3,
            "precision": 0.553566004156235,
            "recall": 0.6571434605547286,
            "f1": 0.6053547323554818
        },
        {
            "mae": 54.25628334314886,
            "rmse": 62.91832442971477,
            "nete": 0.3,
            "precision": 0.577748777253891,
            "recall": 0.6336655310931524,
            "f1": 0.6057071541735217
        },
        {
            "mae": 52.40670316923981,
            "rmse": 62.32699280216356,
            "nete": 0.3,
            "precision": 0.583981473466724,
            "recall": 0.6608748356075621,
            "f1": 0.6224281545371432
        },
        {
            "mae": 51.55274367243345,
            "rmse": 63.01590106748844,
            "nete": 0.3,
            "precision": 0.648337841749859,
            "recall": 0.6718435807579868,
            "f1": 0.6600907112539228
        },
        {
            "mae": 49.12882041287614,
            "rmse": 62.68141064364118,
            "nete": 0.3,
            "precision": 0.6029769265403668,
            "recall": 0.7152411321586654,
            "f1": 0.659109029349516
        },
        {
            "mae": 49.12623848880717,
            "rmse": 61.50349639299713,
            "nete": 0.3,
            "precision": 0.6278907046212844,
            "recall": 0.7189891997374167,
            "f1": 0.6734399521793506
        },
        {
            "mae": 46.79326111738872,
            "rmse": 53.63146646856746,
            "nete": 0.3,
            "precision": 0.6284620049181232,
            "recall": 0.7525405089774515,
            "f1": 0.6905012569477873
        },
        {
            "mae": 44.69262978272259,
            "rmse": 54.77165469244597,
            "nete": 0.3,
            "precision": 0.6775599332458109,
            "recall": 0.7236833465267477,
            "f1": 0.7006216398862793
        },
        {
            "mae": 43.564329867159024,
            "rmse": 53.00817722412002,
            "nete": 0.3,
            "precision": 0.6766922344111722,
            "recall": 0.752316861118298,
            "f1": 0.714504547764735
        },
        {
            "mae": 43.86795863255061,
            "rmse": 53.689814519107536,
            "nete": 0.3,
            "precision": 0.6738023411991028,
            "recall": 0.7755019396667352,
            "f1": 0.724652140432919
        },
        {
            "mae": 41.92284478236106,
            "rmse": 53.23668965893418,
            "nete": 0.3,
            "precision": 0.72418821360941,
            "recall": 0.773337890580207,
            "f1": 0.7487630520948085
        },
        {
            "mae": 40.88994825349486,
            "rmse": 47.411622478128706,
            "nete": 0.3,
            "precision": 0.6901711688633138,
            "recall": 0.8150775141611717,
            "f1": 0.7526243415122428
        },
        {
            "mae": 40.96488739926939,
            "rmse": 45.988818982960865,
            "nete": 0.3,
            "precision": 0.7131934224637706,
            "recall": 0.7982391253073141,
            "f1": 0.7557162738855424
        },
        {
            "mae": 37.67445326220249,
            "rmse": 43.212234712480196,