{
    "train_loss": [
        0.062207691079553505,
        0.060572903471216424,
        0.05872664086254728,
        0.05723673546329094,
        0.05497147727500893,
        0.051653546354721254,
        0.04869985131372796,
        0.047008983536587765,
        0.045660906010368874,
        0.04506665814447208,
        0.04409837572988685,
        0.042301934435658946,
        0.03984277864604175,
        0.038108199626681605,
        0.03727547403449506,
        0.035288724709464626,
        0.03377923174588934,
        0.03050174314071093,
        0.029997619710551815,
        0.029306076524186386,
        0.027189583904657512,
        0.02494743811771561,
        0.024506718552288538,
        0.021611872373684185,
        0.021531933046109657,
        0.021192090145122848,
        0.020935580825045635,
        0.02267737557668561,
        0.022051609973432876,
        0.02059038629198051,
        0.01844343980356358,
        0.018986374561687995,
        0.01690993148950381,
        0.01651075126783434,
        0.016198125420625098,
        0.01495615785080824,
        0.015900279138775925,
        0.014971181140701185,
        0.016148385015339103,
        0.015839692675566317,
        0.015204009546577798,
        0.015858774636271868,
        0.015522591061146744,
        0.01403263310674153,
        0.01504598378772398,
        0.015482984247065706,
        0.01480828973668872,
        0.014461973811484516,
        0.013370330230135329,
        0.015942478985134113
    ],
    "val_loss": [
        0.06879840290841978,
        0.067514341083528,
        0.06559156801836978,
        0.06320855291049315,
        0.05972005113875938,
        0.058248396346585664,
        0.05644011693279315,
        0.05418618483517923,
        0.051517039344121565,
        0.05105372920885505,
        0.04830329451638119,
        0.0468717008556411,
        0.045114342234100525,
        0.046589576869583864,
        0.04503263292625067,
        0.044096132385082726,
        0.04334294655544916,
        0.04128775006009108,
        0.04066356509046619,
        0.03836503834406022,
        0.03629689754908188,
        0.03400460041587494,
        0.03283936413253864,
        0.03173080067374927,
        0.02902009474068795,
        0.026450932449844818,
        0.02560445202142598,
        0.02581124435551989,
        0.025154190472104522,
        0.02361990560657954,
        0.024308002140282156,
        0.02340684747468061,
        0.02492486399596415,
        0.026115854252018726,
        0.025446584504381406,
        0.024267421640730202,
        0.020482905852767352,
        0.017719740197736242,
        0.01895580426610606,
        0.018631677309344633,
        0.019213064975858694,
        0.018651713368085465,
        0.01829872061420408,
        0.018379246327909163,
        0.017798282977110183,
        0.01825713345941899,
        0.018469453398665753,
        0.017185072502058744,
        0.018144334249112028,
        0.020185695792243212
    ],
    "val_metrics": [
        {
            "mae": 78.09308383246494,
            "rmse": 94.61452620089602,
            "nete": 0.3,
            "precision": 0.5,
            "recall": 0.5,
            "f1": 0.4350713296894061
        },
        {
            "mae": 74.79684109350809,
            "rmse": 98.40721108362916,
            "nete": 0.3,
            "precision": 0.5,
            "recall": 0.5,
            "f1": 0.4590539834480766
        },
        {
            "mae": 73.28441931421085,
            "rmse": 92.39287409588736,
            "nete": 0.3,
            "precision": 0.5,
            "recall": 0.5273722088956263,
            "f1": 0.4900997361580419
        },
        {
            "mae": 70.38213253042662,
            "rmse": 84.17971378462134,
            "nete": 0.3,
            "precision": 0.5,
            "recall": 0.5229972204511798,
            "f1": 0.5012597213019513
        },
        {
            "mae": 70.00907612263143,
            "rmse": 83.99868695021934,
            "nete": 0.3,
            "precision": 0.5,
            "recall": 0.5325045532054424,
            "f1": 0.5157320064734591
        },
        {
            "mae": 67.74617411338582,
            "rmse": 88.24179213574618,
            "nete": 0.3,
            "precision": 0.5359525864042176,
            "recall": 0.571323331399588,
            "f1": 0.5536379589019028
        },
        {
            "mae": 64.79839859576744,
            "rmse": 81.00332006558541,
            "nete": 0.3,
            "precision": 0.5247775126612273,
            "recall": 0.6170786133394548,
            "f1": 0.570928063000341
        },
        {
            "mae": 62.04979000558643,
            "rmse": 73.62106417500887,
            "nete": 0.3,
            "precision": 0.5495097529432327,
            "recall": 0.5774533035412304,
            "f1": 0.5634815282422315
        },
        {
            "mae": 61.97209636005832,
            "rmse": 75.59112963520879,
            "nete": 0.3,
            "precision": 0.5713847566958548,
            "recall": 0.6207072419640562,
            "f1": 0.5960459993299556
        },
        {
            "mae": 60.73190502993478,
            "rmse": 66.0256669123047,
            "nete": 0.3,
            "precision": 0.5972530223037403,
            "recall": 0.6437827511390352,
            "f1": 0.6205178867213877
        },
        {
            "mae": 57.92357728770417,
            "rmse": 71.92381443220647,
            "nete": 0.3,
            "precision": 0.5848219192162439,
            "recall": 0.6310528972449948,
            "f1": 0.6079374082306193
        },
        {
            "mae": 56.08871185484111,
            "rmse": 71.1977562216984,
            "nete": 0.3,
            "precision": 0.5845976592219473,
            "recall": 0.6690241918859978,
            "f1": 0.6268109255539727
        },
        {
            "mae": 55.90088075920585,
            "rmse": 63.33244968862756,
            "nete": 0.3,
            "precision": 0.6108239576527202,
            "recall": 0.6675809444931378,
            "f1": 0.6392024510729291
        },
        {
            "mae": 53.47373845172545,
            "rmse": 62.25981230818831,
            "nete": 0.3,
            "precision": 0.5921157938952898,
            "recall": 0.7344856768010025,
            "f1": 0.663300735348146
        },
        {
            "mae": 52.09451563093383,
            "rmse": 66.13887595540895,
            "nete": 0.3,
            "precision": 0.6145901101724022,
            "recall": 0.7037730717866538,
            "f1": 0.659181590979528
        },
        {
            "mae": 51.26861638372252,
            "rmse": 58.540204348351665,
            "nete": 0.3,
            "precision": 0.6458052144393894,
            "recall": 0.719841677955955,
            "f1": 0.6828234461976722
        },
        {
            "mae": 48.037103507213885,
            "rmse": 59.92163861771124,
            "nete": 0.3,
            "precision": 0.6701296300810169,
            "recall": 0.7415742604332717,
            "f1": 0.7058519452571443
        },
        {
            "mae": 48.82907740115658,
            "rmse": 58.15138953078045,
            "nete": 0.3,
            "precision": 0.6917490191130964,
            "recall": 0.7390528134392113,
            "f1": 0.7154009162761539
        },
        {
            "mae": 45.34188571028337,
            "rmse": 55.06649101277356,
            "nete": 0.3,
            "precision": 0.6621064652070926,
            "recall": 0.7716394597183732,
            "f1": 0.7168729624627329
        },
        {
            "mae": 45.934604912243636,
            "rmse": 54.07114584001213,
            "nete": 0.3,
            "precision": 0.6683701883016634,
            "recall": 0.7680352431282702,
            "f1": 0.7182027157149669
        },
        {
            "mae": 44.48924255648524,
            "rmse": 53.41412522372053,
            "nete": 0.3,