{
    "timestamp": "20250322_190847",
    "house_number": 2,
    "results": {
        "Fridge": {
            "model_path": "models/resnet/house2_20250322_190847\\Fridge\\resnet_model_best.pth",
            "final_metrics": {
                "mae": 21.88162019177175,
                "rmse": 27.40997710539014,
                "nete": 0.21785634015392194,
                "precision": 0.7899594051028631,
                "recall": 0.8694894435917521,
                "f1": 0.8297244243473076
            }
        },
        "Dishwasher": {
            "model_path": "models/resnet/house2_20250322_190847\\Dishwasher\\resnet_model_best.pth",
            "final_metrics": {
                "mae": 24.2073417597125,
                "rmse": 25.82918821337136,
                "nete": 0.24040888487298104,
                "precision": 0.875404856196166,
                "recall": 0.9347692803360044,
                "f1": 0.9050870682660852
            }
        },
        "Microwave": {
            "model_path": "models/resnet/house2_20250322_190847\\Microwave\\resnet_model_best.pth",
            "final_metrics": {
                "mae": 27.544660105975133,
                "rmse": 31.933358501799916,
                "nete": 0.2780428879987015,
                "precision": 0.8654073782654206,
                "recall": 0.9852044859223446,
                "f1": 0.9253059320938825
            }
        },
        "Washer_Dryer": {
            "model_path": "models/resnet/house2_20250322_190847\\Washer_Dryer\\resnet_model_best.pth",
            "final_metrics": {
                "mae": 30.034667858035217,
                "rmse": 38.332415386001536,
                "nete": 0.3,
                "precision": 0.9329127483895907,
                "recall": 1.0,
                "f1": 0.9688007971787292
            }
        },
        "Kettle": {
            "model_path": "models/resnet/house2_20250322_190847\\Kettle\\resnet_model_best.pth",
            "final_metrics": {
                "mae": 19.964307727181442,
                "rmse": 22.06491366613274,
                "nete": 0.20624766627252106,
                "precision": 0.7401509579711032,
                "recall": 0.8849763033374105,
                "f1": 0.8125636306542567
            }
        }
    }
}