{
    "train_loss": [
        0.05436670959999577,
        0.05240968964798532,
        0.05044363353708376,
        0.04765458592937428,
        0.04477235769809838,
        0.042023294184144605,
        0.042587213704517526,
        0.04051018972936124,
        0.03924995656078511,
        0.038402358129442,
        0.036122623475695795,
        0.033330384865296075,
        0.03271805925589236,
        0.03068904027581429,
        0.02862063586476473,
        0.027148221117413284,
        0.02666069011845011,
        0.0259080574567256,
        0.025797337047799684,
        0.021408928259674692,
        0.017990009080581387,
        0.017291095001288163,
        0.01740082280562914,
        0.017428222196663595,
        0.01787349730987789,
        0.017511427059347214,
        0.015398860199138496,
        0.016700255032949675,
        0.016508072127241476,
        0.014277507909478713,
        0.01155292272481321,
        0.01174529642145057,
        0.010297816559724437,
        0.00698666926146586,
        0.006179438379539357,
        0.006569042470174374,
        0.008329940342063488,
        0.007242733725474532,
        0.0074501965185621985,
        0.0075296487431642635,
        0.004825722854879196,
        0.0026005889321907448,
        0.0015494473578598587,
        0.001,
        0.001446838822775082,
        0.001,
        0.001,
        0.001,
        0.001,
        0.008959614487614495
    ],
    "val_loss": [
        0.06027835367727761,
        0.05761005739569424,
        0.055620854742916725,
        0.052037315225843,
        0.04978045002738606,
        0.049122550683129665,
        0.04716907504523307,
        0.044535699215829304,
        0.043212454388824366,
        0.043720443189476155,
        0.0426065144182863,
        0.0388838178789289,
        0.03834553826741592,
        0.03555659466638526,
        0.034712308388181,
        0.03101320300549134,
        0.032554994822413884,
        0.029772922855597746,
        0.031395673202608464,
        0.03192894408441355,
        0.030690279595595758,
        0.029020941039241056,
        0.026038989846914662,
        0.026122436155640166,
        0.027530220920432235,
        0.02645782434287583,
        0.02363617446722652,
        0.02130325087025962,
        0.01933347573360355,
        0.020589080994549685,
        0.019513724728917912,
        0.017194727442712502,
        0.01674711172410784,
        0.01590058107498227,
        0.014203117445695574,
        0.016191651357492128,
        0.01431593373455144,
        0.011069612097428612,
        0.012625329952451188,
        0.015385147404771059,
        0.01567216434441228,
        0.01444277325126626,
        0.013728949482188708,
        0.011603277108587204,
        0.010476642437381795,
        0.012910305116405328,
        0.011726157872046717,
        0.010448385537799374,
        0.009168914336553317,
        0.01205140991877518
    ],
    "val_metrics": [
        {
            "mae": 62.13721415319877,
            "rmse": 75.92274244969505,
            "nete": 0.3,
            "precision": 0.5111868642835901,
            "recall": 0.5078399058428344,
            "f1": 0.5095133850632122
        },
        {
            "mae": 61.00254119217935,
            "rmse": 75.09447517446532,
            "nete": 0.3,
            "precision": 0.5,
            "recall": 0.5432428173619133,
            "f1": 0.5059549577863351
        },
        {
            "mae": 59.39975239810953,
            "rmse": 74.27979250546747,
            "nete": 0.3,
            "precision": 0.50680701238171,
            "recall": 0.5358729394748611,
            "f1": 0.5213399759282855
        },
        {
            "mae": 57.29768942785407,
            "rmse": 67.3858504500614,
            "nete": 0.3,
            "precision": 0.507042795686501,
            "recall": 0.5759832295112914,
            "f1": 0.5415130125988962
        },
        {
            "mae": 56.62062505458013,
            "rmse": 67.65472623609136,
            "nete": 0.3,
            "precision": 0.5185237939367955,
            "recall": 0.5772717788066006,
            "f1": 0.5478977863716981
        },
        {
            "mae": 54.3718672594511,
            "rmse": 68.11578559000237,
            "nete": 0.3,
            "precision": 0.5378154958082442,
            "recall": 0.6012020929599357,
            "f1": 0.5695087943840899
        },
        {
            "mae": 53.05465735979657,
            "rmse": 65.81295374681721,
            "nete": 0.3,
            "precision": 0.5537920658256514,
            "recall": 0.6306769524673943,
            "f1": 0.5922345091465228
        },
        {
            "mae": 52.415145107245344,
            "rmse": 60.290012458614974,
            "nete": 0.3,
            "precision": 0.6156639481926629,
            "recall": 0.6429076678998794,
            "f1": 0.6292858080462712
        },
        {
            "mae": 49.670777449730664,
            "rmse": 60.19080293916785,
            "nete": 0.3,
            "precision": 0.579707330309289,
            "recall": 0.6718871895667438,
            "f1": 0.6257972599380164
        },
        {
            "mae": 48.85567071669393,
            "rmse": 54.31970375489243,
            "nete": 0.3,
            "precision": 0.615305939303501,
            "recall": 0.6889976139486998,
            "f1": 0.6521517766261005
        },
        {
            "mae": 47.64076593217251,
            "rmse": 55.21905162739409,
            "nete": 0.3,
            "precision": 0.6500068483135395,
            "recall": 0.6593867655757055,
            "f1": 0.6546968069446225
        },
        {
            "mae": 44.845300560847434,
            "rmse": 56.340120489941654,
            "nete": 0.3,
            "precision": 0.6654001011989507,
            "recall": 0.7012380502950472,
            "f1": 0.6833190757469989
        },
        {
            "mae": 44.867974924513234,
            "rmse": 50.34768775105437,
            "nete": 0.3,
            "precision": 0.6218746143384809,
            "recall": 0.738989062026651,
            "f1": 0.6804318381825659
        },
        {
            "mae": 44.113864040284874,
            "rmse": 52.554863392573175,
            "nete": 0.3,
            "precision": 0.6719863897951596,
            "recall": 0.7613447130670798,
            "f1": 0.7166655514311198
        },
        {
            "mae": 42.186093467536345,
            "rmse": 47.68722581603704,
            "nete": 0.3,
            "precision": 0.6829075270665463,
            "recall": 0.7440175198233058,
            "f1": 0.713462523444926
        },
        {
            "mae": 39.79623323331725,
            "rmse": 46.863061738052316,
            "nete": 0.3,
            "precision": 0.6782275506597368,
            "recall": 0.7835220368958974,
            "f1": 0.7308747937778172
        },
        {
            "mae": 39.919771128061555,
            "rmse": 49.46611953660906,
            "nete": 0.3,
            "precision": 0.7106777447264596,
            "recall": 0.7624199145433667,
            "f1": 0.7365488296349132
        },
        {
            "mae": 38.386084414577766,
            "rmse": 47.33647690542448,
            "nete": 0.3,
            "precision": 0.705785314742921,
            "recall": 0.8217261716406017,
            "f1": 0.7637557431917614
        },
        {
            "mae": 36.98089389739897,
            "rmse": 44.96351057064655,
            "nete": 0.3,
            "precision": 0.7619374608098777,
            "recall": 0.7977953100496519,
            "f1": 0.7798663854297646
        },
        {
            "mae": 36.88424094161843,
            "rmse": 44.872674142645316,
            "nete": 0.3,
            "precision": 0.7221723082543275,
            "recall": 0.8270299511259644,
            "f1": 0.7746011296901459
        },
        {
            "mae": 34.84897918741924,
            "rmse": 43.78483397433919,
            "nete": 0.3,