{
    "train_loss": [
        0.05062173238333555,
        0.04714235911572104,
        0.046812028298241146,
        0.04491767729979834,
        0.044423753652628586,
        0.04168649385604505,
        0.03826455075568648,
        0.03794549420935627,
        0.03646327531309011,
        0.03706942260294051,
        0.03720571018856466,
        0.03675888385658584,
        0.03485375784031282,
        0.03346274583987008,
        0.03310811418592129,
        0.032027009143237264,
        0.030277716497693466,
        0.029780029556320045,
        0.030289030639798778,
        0.030780073717647072,
        0.029788897994111056,
        0.029004520293532024,
        0.029330147903879222,
        0.028558497620410298,
        0.02857914596754499,
        0.028616517858864918,
        0.027349260776994583,
        0.027986412402248168,
        0.02700307541927926,
        0.025664654795905843,
        0.022995156630490662,
        0.021762614607367163,
        0.02046943613058471,
        0.019784710818320977,
        0.01945493592368454,
        0.01841036929721334,
        0.01815867710086985,
        0.018004260523496008,
        0.01719378122236393,
        0.018057499881492474,
        0.018501208487836217,
        0.017340403378608656,
        0.018115797969739608,
        0.01695773620740444,
        0.017835501063703265,
        0.01739186193031555,
        0.014503500008771777,
        0.013731143623209726,
        0.012235559146946053,
        0.013415973563921131
    ],
    "val_loss": [
        0.05585736692428683,
        0.05387496166185529,
        0.0517395752101699,
        0.051951996225245996,
        0.050437946284569185,
        0.04893605135850309,
        0.04758966652771675,
        0.04652717313259546,
        0.04659241543331457,
        0.04594228629897168,
        0.04440475985028606,
        0.04224680342242474,
        0.04000825958847352,
        0.04177489107457687,
        0.03940623333082467,
        0.03562835960039913,
        0.03433410063575623,
        0.03326903103413605,
        0.03380348217178872,
        0.03431907740352943,
        0.03327834289381661,
        0.032454746308208625,
        0.032796655299073184,
        0.031986422501430814,
        0.03316072132559241,
        0.03204734375180816,
        0.030716723815844317,
        0.03138573302236058,
        0.03081639682759591,
        0.030659402128766233,
        0.028775082868295096,
        0.027593249728745033,
        0.028185215496773622,
        0.027327021044964418,
        0.02831610875942283,
        0.028314917025083916,
        0.026990054399933287,
        0.024597913222547868,
        0.022373802776553334,
        0.02235842329181147,
        0.021775543586563292,
        0.021552569896957578,
        0.0215308417275259,
        0.022473725806726984,
        0.020727276116888432,
        0.02069351284879366,
        0.019239239920252695,
        0.016417700804370213,
        0.016214234400148183,
        0.018821002377164296
    ],
    "val_metrics": [
        {
            "mae": 60.3912570774685,
            "rmse": 70.94547102659563,
            "nete": 0.3,
            "precision": 0.5,
            "recall": 0.5,
            "f1": 0.38110525976854703
        },
        {
            "mae": 59.7573514126298,
            "rmse": 67.98305647901358,
            "nete": 0.3,
            "precision": 0.5,
            "recall": 0.5,
            "f1": 0.3845718193056736
        },
        {
            "mae": 57.54815289595182,
            "rmse": 68.55839475528514,
            "nete": 0.3,
            "precision": 0.5,
            "recall": 0.5,
            "f1": 0.4111847834279264
        },
        {
            "mae": 55.302223240273435,
            "rmse": 68.58879562273118,
            "nete": 0.3,
            "precision": 0.5,
            "recall": 0.5,
            "f1": 0.443275113084824
        },
        {
            "mae": 53.4012356047301,
            "rmse": 64.94141395553275,
            "nete": 0.3,
            "precision": 0.5,
            "recall": 0.5,
            "f1": 0.43304179135700316
        },
        {
            "mae": 54.07484122197263,
            "rmse": 67.55266606342848,
            "nete": 0.3,
            "precision": 0.5,
            "recall": 0.5,
            "f1": 0.4510107272306888
        },
        {
            "mae": 50.90174293633901,
            "rmse": 65.17336404212665,
            "nete": 0.3,
            "precision": 0.5,
            "recall": 0.5,
            "f1": 0.4634712881079171
        },
        {
            "mae": 49.80576078828842,
            "rmse": 61.47412866406635,
            "nete": 0.3,
            "precision": 0.5,
            "recall": 0.5,
            "f1": 0.4733419643033474
        },
        {
            "mae": 47.95128373814656,
            "rmse": 53.89781478246409,
            "nete": 0.3,
            "precision": 0.5,
            "recall": 0.5177981245011433,
            "f1": 0.4942281342028245
        },
        {
            "mae": 48.30521114647532,
            "rmse": 59.14894681174348,
            "nete": 0.3,
            "precision": 0.5,
            "recall": 0.5386529660330281,
            "f1": 0.5128889258013937
        },
        {
            "mae": 44.723206943694706,
            "rmse": 51.451832782782255,
            "nete": 0.3,
            "precision": 0.5,
            "recall": 0.5293449446201545,
            "f1": 0.513389151322178
        },
        {
            "mae": 45.6451815886272,
            "rmse": 55.86518264307063,
            "nete": 0.3,
            "precision": 0.513377078361983,
            "recall": 0.5682821440876649,
            "f1": 0.5408296112248239
        },
        {
            "mae": 43.07729830389467,
            "rmse": 54.19366551968478,
            "nete": 0.3,
            "precision": 0.5073597439590348,
            "recall": 0.5784455063161115,
            "f1": 0.5429026251375731
        },
        {
            "mae": 42.47430533566794,
            "rmse": 50.236458374887256,
            "nete": 0.3,
            "precision": 0.5358668471514976,
            "recall": 0.5508400748926514,
            "f1": 0.5433534610220745
        },
        {
            "mae": 40.34459598980784,
            "rmse": 47.34716742129946,
            "nete": 0.3,
            "precision": 0.5496032439564341,
            "recall": 0.5701641328278506,
            "f1": 0.5598836883921424
        },
        {
            "mae": 39.209310520850494,
            "rmse": 45.23579833311804,
            "nete": 0.3,
            "precision": 0.5414033667777617,
            "recall": 0.569579932734691,
            "f1": 0.5554916497562263
        },
        {
            "mae": 39.113323237293734,
            "rmse": 51.23213261623926,
            "nete": 0.3,
            "precision": 0.5463722625591457,
            "recall": 0.6183321037306916,
            "f1": 0.5823521831449187
        },
        {
            "mae": 36.950117460250624,
            "rmse": 45.94594206550559,
            "nete": 0.3,
            "precision": 0.551386041967665,
            "recall": 0.6325983647166024,
            "f1": 0.5919922033421336
        },
        {
            "mae": 35.36034118042326,
            "rmse": 40.418604222842845,
            "nete": 0.3,
            "precision": 0.5402007000273711,
            "recall": 0.6187230095067424,
            "f1": 0.5794618547670568
        },
        {
            "mae": 35.42131614529103,
            "rmse": 41.56442678205334,
            "nete": 0.3,
            "precision": 0.5555353527296464,
            "recall": 0.660080809273649,
            "f1": 0.6078080810016476
        },
        {
            "mae": 35.24114557814545,
            "rmse": 42.53426203882882,
            "nete": 0.3,
            "precision": 0.5974962453473981,
            "recall": 0.6492567243925277,
            "f1": 0.6233764848699629
        },
        {
            "mae": 35.00414347301015,