{
    "train_loss": [
        0.05942864805904845,
        0.05699687571687536,
        0.053793146339801264,
        0.05272184216828766,
        0.05123661409724252,
        0.04833313444405281,
        0.04681644295599972,
        0.043323834570573615,
        0.04118120051002045,
        0.04027644540340949,
        0.03725229670063384,
        0.03468114885231966,
        0.03318586971003719,
        0.03273255309497476,
        0.031668775207478225,
        0.02995416154096182,
        0.028469529318205143,
        0.02700834529634085,
        0.02538352386170001,
        0.023954350043718698,
        0.02178319024415496,
        0.021197350868799696,
        0.02084514755830765,
        0.020742167186111528,
        0.01965777156185803,
        0.017634627154719456,
        0.017215658353909195,
        0.017118477194519546,
        0.017217312700202447,
        0.017566450888759785,
        0.016671868574256416,
        0.016293403287941606,
        0.0133798457556062,
        0.014293217669233613,
        0.014054773787818846,
        0.013223603829882255,
        0.013677180641863925,
        0.011566821403356995,
        0.008994856777943927,
        0.007551302040681465,
        0.004962100115923306,
        0.004730310135199581,
        0.005134133068332414,
        0.005271642100872229,
        0.005100981224015745,
        0.005562990785594878,
        0.006958996260323759,
        0.00577235922886736,
        0.0046047307949850964,
        0.014984746722419603
    ],
    "val_loss": [
        0.06440008046200087,
        0.06184671950271913,
        0.06092190204853384,
        0.05829789663391329,
        0.055934473624902635,
        0.05503143356480026,
        0.0540011050198376,
        0.0522830428643447,
        0.0495439621657715,
        0.0484032208285815,
        0.04916639784462947,
        0.04599659125716772,
        0.046220462885585636,
        0.04357083407163782,
        0.04078617207860159,
        0.037661384930616715,
        0.03600618430119374,
        0.035068352925722565,
        0.036081678550590364,
        0.034143292511745874,
        0.030806491988826637,
        0.026578265923177823,
        0.02455753732112156,
        0.023779275545417103,
        0.022640660139950933,
        0.023533726877757823,
        0.021146415409537055,
        0.019974401054245527,
        0.020078178335212568,
        0.020444773433197776,
        0.019505462002969237,
        0.01910807345233869,
        0.022697227227897597,
        0.021748732173922786,
        0.01845836411925473,
        0.0161596653893694,
        0.01636103967395712,
        0.017675326555190263,
        0.015333436984947636,
        0.015203761737482157,
        0.01638976892370676,
        0.015968268447003078,
        0.016898411667004648,
        0.015525403776141113,
        0.011642292379898203,
        0.01199626222731007,
        0.010631829894777726,
        0.01076966979952201,
        0.010597068181894907,
        0.01990374720858964
    ],
    "val_metrics": [
        {
            "mae": 70.41437507411356,
            "rmse": 87.03809956536398,
            "nete": 0.3,
            "precision": 0.5,
            "recall": 0.5,
            "f1": 0.46989550910423045
        },
        {
            "mae": 69.55511427974841,
            "rmse": 84.63956097337534,
            "nete": 0.3,
            "precision": 0.5,
            "recall": 0.5301915828074563,
            "f1": 0.4926321435210531
        },
        {
            "mae": 66.80597953952018,
            "rmse": 82.17718179750783,
            "nete": 0.3,
            "precision": 0.5,
            "recall": 0.5565363222629827,
            "f1": 0.5243694471433148
        },
        {
            "mae": 65.2100407688297,
            "rmse": 74.57566786545955,
            "nete": 0.3,
            "precision": 0.5216754174931191,
            "recall": 0.55822553803786,
            "f1": 0.5399504777654895
        },
        {
            "mae": 64.17150723102219,
            "rmse": 78.37648795128166,
            "nete": 0.3,
            "precision": 0.5261555995510805,
            "recall": 0.5669013510931802,
            "f1": 0.5465284753221303
        },
        {
            "mae": 61.09899801696983,
            "rmse": 70.99749145752303,
            "nete": 0.3,
            "precision": 0.557492863047664,
            "recall": 0.5937405472039249,
            "f1": 0.5756167051257944
        },
        {
            "mae": 59.73831058235047,
            "rmse": 67.73105793628486,
            "nete": 0.3,
            "precision": 0.5753328001685569,
            "recall": 0.6190481874797003,
            "f1": 0.5971904938241286
        },
        {
            "mae": 58.09621637906464,
            "rmse": 71.24540662404881,
            "nete": 0.3,
            "precision": 0.5512622480967433,
            "recall": 0.6553843461301337,
            "f1": 0.6033232971134385
        },
        {
            "mae": 56.11727958780084,
            "rmse": 66.26229202835304,
            "nete": 0.3,
            "precision": 0.6285397433304217,
            "recall": 0.6363740946253793,
            "f1": 0.6324569189779006
        },
        {
            "mae": 53.60132884846786,
            "rmse": 62.583986571071,
            "nete": 0.3,
            "precision": 0.6067543578539412,
            "recall": 0.6730006030876572,
            "f1": 0.6398774804707992
        },
        {
            "mae": 54.272896645710944,
            "rmse": 64.22581235499646,
            "nete": 0.3,
            "precision": 0.6256758916518449,
            "recall": 0.6622453884785515,
            "f1": 0.6439606400651983
        },
        {
            "mae": 50.50201709177506,
            "rmse": 59.797575842911954,
            "nete": 0.3,
            "precision": 0.6813709731448364,
            "recall": 0.6846107702726731,
            "f1": 0.6829908717087548
        },
        {
            "mae": 51.5381396360215,
            "rmse": 61.07526277672714,
            "nete": 0.3,
            "precision": 0.624614462335611,
            "recall": 0.720157217731677,
            "f1": 0.6723858400336441
        },
        {
            "mae": 48.74282086613171,
            "rmse": 59.736732809347224,
            "nete": 0.3,
            "precision": 0.6507126873486329,
            "recall": 0.7399489803342758,
            "f1": 0.6953308338414542
        },
        {
            "mae": 48.324508974673385,
            "rmse": 59.33721353401798,
            "nete": 0.3,
            "precision": 0.6946995499990226,
            "recall": 0.7546151225085347,
            "f1": 0.7246573362537787
        },
        {
            "mae": 47.675863451755966,
            "rmse": 58.68362135335937,
            "nete": 0.3,
            "precision": 0.671369394313771,
            "recall": 0.757674859015504,
            "f1": 0.7145221266646375
        },
        {
            "mae": 45.75142118087619,
            "rmse": 61.500030331500504,
            "nete": 0.3,
            "precision": 0.702243967044456,
            "recall": 0.7801361747386671,
            "f1": 0.7411900708915616
        },
        {
            "mae": 43.07370776140728,
            "rmse": 48.368214107636845,
            "nete": 0.3,
            "precision": 0.7049217729668773,
            "recall": 0.7874621420037013,
            "f1": 0.7461919574852893
        },
        {
            "mae": 42.35924402131137,
            "rmse": 53.91177807398776,
            "nete": 0.3,
            "precision": 0.7004750992228962,
            "recall": 0.818403997959293,
            "f1": 0.7594395485910945
        },
        {
            "mae": 41.15560625956348,
            "rmse": 49.76519700123712,
            "nete": 0.3,
            "precision": 0.7429503701719802,
            "recall": 0.8407542014511452,
            "f1": 0.7918522858115628
        },
        {
            "mae": 40.03057237796374,
            "rmse": 49.78902174489646,