{
    "timestamp": "20251218_171621",
    "house_number": 1,
    "results": {
        "Fridge": {
            "model_path": "models/lstm\\house1_20251218_171621\\Fridge\\lstm_model_best.pth",
            "final_metrics": {
                "mae": 0.849599301815033,
                "rmse": 1.0723735094070435,
                "nete": 2.8607177734375,
                "precision": 0.0,
                "recall": 0.0,
                "f1": 0.0
            }
        }
    }
}