{
    "train_loss": [
        0.05660238875175371,
        0.053287417375869416,
        0.05056202854383478,
        0.04884220158625883,
        0.0460934939291497,
        0.043644915460540744,
        0.04222503535638843,
        0.040470323990595074,
        0.03549728367558867,
        0.03298725377948104,
        0.030650802026409112,
        0.02795881335852088,
        0.027911063018206162,
        0.027215136065116108,
        0.0259065373104219,
        0.025570318475758348,
        0.02518136484330905,
        0.022784534800574262,
        0.021573469225872867,
        0.019482773224728252,
        0.019145636672716737,
        0.018228767425213052,
        0.016221284256497596,
        0.016253025844271168,
        0.01605398351441041,
        0.015709135793784586,
        0.014640537476498308,
        0.013228687953053188,
        0.014457962017945419,
        0.014828691363581708,
        0.013120576503834577,
        0.012979481782793375,
        0.012416056881421247,
        0.009798562908746047,
        0.008275198771311939,
        0.007698694286052856,
        0.008456329009017506,
        0.008244192367620968,
        0.009047347153533468,
        0.007887426839066021,
        0.0061695151520305205,
        0.006292187355017669,
        0.005284904724866577,
        0.004687031877618877,
        0.004259733773371725,
        0.004549312780169554,
        0.002874496205457723,
        0.0018577576659374278,
        0.0018052907873273233,
        0.013868986498161198
    ],
    "val_loss": [
        0.06144915661708157,
        0.05983700416195407,
        0.05766301573405751,
        0.05400498164892784,
        0.0519544709006743,
        0.04845008368773946,
        0.048284029448034456,
        0.04452246782897999,
        0.04182112646537428,
        0.03841736629529538,
        0.03633818051153344,
        0.03500527674778162,
        0.03549771665081317,
        0.03278194926385349,
        0.03147814728918626,
        0.032544705419537495,
        0.03378437087089944,
        0.03452132775103467,
        0.03320144543859236,
        0.03068431871687625,
        0.03091491897026781,
        0.02979094218905283,
        0.028179369832425902,
        0.028528549524173732,
        0.027600169174711156,
        0.02547557575255912,
        0.02486444854275495,
        0.020369746778547027,
        0.02220528686800701,
        0.02093488840332136,
        0.018158004625494464,
        0.016681983634835175,
        0.016562844416691713,
        0.017342729815357998,
        0.01710271919542835,
        0.015151685573000572,
        0.01716974914471257,
        0.018736525680530882,
        0.018998704599383787,
        0.02194290732880121,
        0.020559023327294305,
        0.017249207167535197,
        0.018107368966633394,
        0.016618764844941715,
        0.014713224910440198,
        0.014691012623666115,
        0.014556329506946734,
        0.013085800120715746,
        0.013811134600637695,
        0.016604514493560714
    ],
    "val_metrics": [
        {
            "mae": 75.4342844842583,
            "rmse": 93.2723203465899,
            "nete": 0.3,
            "precision": 0.5,
            "recall": 0.5,
            "f1": 0.46011539421311276
        },
        {
            "mae": 73.05509790076685,
            "rmse": 86.58111311130347,
            "nete": 0.3,
            "precision": 0.5005253228089854,
            "recall": 0.5250705845572156,
            "f1": 0.5127979536831004
        },
        {
            "mae": 72.02368509755452,
            "rmse": 86.2574544810555,
            "nete": 0.3,
            "precision": 0.5029031985918181,
            "recall": 0.5002714605226837,
            "f1": 0.5015873295572509
        },
        {
            "mae": 69.60703207355805,
            "rmse": 89.22402293512478,
            "nete": 0.3,
            "precision": 0.5031645691213626,
            "recall": 0.5997363194031904,
            "f1": 0.5514504442622765
        },
        {
            "mae": 67.41461112302015,
            "rmse": 82.86030625825079,
            "nete": 0.3,
            "precision": 0.5,
            "recall": 0.5733030043261075,
            "f1": 0.533292499908418
        },
        {
            "mae": 66.95638432239025,
            "rmse": 74.2307206096786,
            "nete": 0.3,
            "precision": 0.5278518790396957,
            "recall": 0.5735403209977843,
            "f1": 0.55069610001874
        },
        {
            "mae": 64.18843193901978,
            "rmse": 77.4388528845009,
            "nete": 0.3,
            "precision": 0.5366448915789475,
            "recall": 0.6166760203426122,
            "f1": 0.5766604559607799
        },
        {
            "mae": 62.83180032490866,
            "rmse": 76.39501522198897,
            "nete": 0.3,
            "precision": 0.5576728398824118,
            "recall": 0.6326962093178825,
            "f1": 0.5951845246001471
        },
        {
            "mae": 59.6466189235359,
            "rmse": 73.41142882033331,
            "nete": 0.3,
            "precision": 0.5614888014614386,
            "recall": 0.6777547480800805,
            "f1": 0.6196217747707596
        },
        {
            "mae": 59.00705416645861,
            "rmse": 64.92638249565954,
            "nete": 0.3,
            "precision": 0.5821873507651456,
            "recall": 0.648855355415889,
            "f1": 0.6155213530905173
        },
        {
            "mae": 57.599444165732955,
            "rmse": 72.63646029474829,
            "nete": 0.3,
            "precision": 0.6311497894093735,
            "recall": 0.6748798648253387,
            "f1": 0.653014827117356
        },
        {
            "mae": 55.65922998983651,
            "rmse": 66.35023637819057,
            "nete": 0.3,
            "precision": 0.6238097964244862,
            "recall": 0.6940783373969343,
            "f1": 0.6589440669107103
        },
        {
            "mae": 53.43620204592319,
            "rmse": 63.532680221399396,
            "nete": 0.3,
            "precision": 0.6291035045760112,
            "recall": 0.7131842521219913,
            "f1": 0.6711438783490012
        },
        {
            "mae": 51.88900344900192,
            "rmse": 63.1992924867858,
            "nete": 0.3,
            "precision": 0.6348603872636079,
            "recall": 0.7302458659579208,
            "f1": 0.6825531266107645
        },
        {
            "mae": 50.97778632301927,
            "rmse": 57.39354644402592,
            "nete": 0.3,
            "precision": 0.6443752658760044,
            "recall": 0.7520269934134336,
            "f1": 0.698201129644719
        },
        {
            "mae": 50.22840203102601,
            "rmse": 59.72811328318429,
            "nete": 0.3,
            "precision": 0.6743221236680776,
            "recall": 0.7517750241700644,
            "f1": 0.713048573919071
        },
        {
            "mae": 48.21532794705336,
            "rmse": 59.82203249887239,
            "nete": 0.3,
            "precision": 0.6727607431646538,
            "recall": 0.7843203552304426,
            "f1": 0.7285405491975482
        },
        {
            "mae": 47.54169502415342,
            "rmse": 52.19109562418504,
            "nete": 0.3,
            "precision": 0.6997253106113009,
            "recall": 0.7701956024252508,
            "f1": 0.7349604565182758
        },
        {
            "mae": 44.526675158025654,
            "rmse": 51.30368821898913,
            "nete": 0.3,
            "precision": 0.6997377690788072,
            "recall": 0.7963809052489197,
            "f1": 0.7480593371638635
        },
        {
            "mae": 44.67608884813255,
            "rmse": 57.84638705882369,
            "nete": 0.3,
            "precision": 0.7094572842819875,
            "recall": 0.8169450472962685,
            "f1": 0.7632011657891281
        },
        {
            "mae": 42.202072044773416,