{
    "train_loss": [
        0.057781448835844476,
        0.05631645665890767,
        0.05451829096421694,
        0.05423157863390499,
        0.05247924664539407,
        0.05102237956048142,
        0.04961797407557765,
        0.046800930857483,
        0.046720545166806356,
        0.04427619958923516,
        0.04224349339557081,
        0.04127612448840075,
        0.04018112226681059,
        0.037261544902214554,
        0.035333583523727334,
        0.03506093247657181,
        0.035545898788527534,
        0.033339584199700685,
        0.03202217540494794,
        0.031406532149962856,
        0.030591447380437693,
        0.028768544473034532,
        0.02842082035392549,
        0.027978436757862456,
        0.0264616471822723,
        0.024536581198304586,
        0.024678035507135803,
        0.02306424216512243,
        0.023693940426581236,
        0.022925182994849136,
        0.020403749315780963,
        0.020076439924637444,
        0.020603068318802837,
        0.020033259339561155,
        0.018305805890808432,
        0.01768652101355309,
        0.018712944689545298,
        0.01610658041542602,
        0.015781358849182518,
        0.01487468463183233,
        0.014508409219323575,
        0.013022939551939082,
        0.01502465887286028,
        0.013917224845557411,
        0.013953915945548463,
        0.013094799684558166,
        0.014937481046022834,
        0.01471886789303322,
        0.015449081300513801,
        0.01588500447926083
    ],
    "val_loss": [
        0.06310285747053643,
        0.06364363988894636,
        0.061933933510790566,
        0.06402471645687592,
        0.06063581273984585,
        0.05827528699096256,
        0.05696218470244716,
        0.05485945828214925,
        0.05117951839516475,
        0.04881330031810972,
        0.046355668065349354,
        0.04533993071282079,
        0.04419017838015112,
        0.04526733792093587,
        0.046573743935364204,
        0.046307374982364854,
        0.04703626444058738,
        0.04602039737459149,
        0.04401797896650023,
        0.04249888332333472,
        0.043364812374987335,
        0.041707701658923284,
        0.038489165969023104,
        0.03643378231231412,
        0.03484913184483928,
        0.0370183360895218,
        0.035311433410923895,
        0.035317684567709534,
        0.035707108870108833,
        0.03008541098265933,
        0.02878327141479748,
        0.02796491657190775,
        0.026889811490000828,
        0.027936098621927113,
        0.027471594337012867,
        0.026651468708865422,
        0.02301702676914393,
        0.021049815547664386,
        0.018986908840885688,
        0.017618418863423947,
        0.017233829680289754,
        0.016189578652458608,
        0.017775891816503298,
        0.01752139853416455,
        0.016651611742825888,
        0.015749539668786075,
        0.017684355098323973,
        0.017454811287684883,
        0.01822153536553949,
        0.020796220862060233
    ],
    "val_metrics": [
        {
            "mae": 72.67528053687205,
            "rmse": 85.13068273679363,
            "nete": 0.3,
            "precision": 0.5,
            "recall": 0.5,
            "f1": 0.4003073395274726
        },
        {
            "mae": 70.70377084794308,
            "rmse": 88.41830797309734,
            "nete": 0.3,
            "precision": 0.5,
            "recall": 0.5,
            "f1": 0.41433702753781015
        },
        {
            "mae": 66.75876904909656,
            "rmse": 77.61771588558244,
            "nete": 0.3,
            "precision": 0.5,
            "recall": 0.5,
            "f1": 0.4301654238571045
        },
        {
            "mae": 64.85003691048824,
            "rmse": 75.0479485973651,
            "nete": 0.3,
            "precision": 0.5,
            "recall": 0.5,
            "f1": 0.4670323107055701
        },
        {
            "mae": 62.42664110250298,
            "rmse": 73.83644206955357,
            "nete": 0.3,
            "precision": 0.5,
            "recall": 0.5036944158299179,
            "f1": 0.469934012356402
        },
        {
            "mae": 62.16030606534779,
            "rmse": 73.32180335935367,
            "nete": 0.3,
            "precision": 0.5,
            "recall": 0.5439709179183554,
            "f1": 0.5034108715697118
        },
        {
            "mae": 60.29170969867703,
            "rmse": 74.8280452464349,
            "nete": 0.3,
            "precision": 0.5058595821345655,
            "recall": 0.5301160999642127,
            "f1": 0.5179878410493891
        },
        {
            "mae": 58.419640781610234,
            "rmse": 71.72692202220476,
            "nete": 0.3,
            "precision": 0.5044146231594188,
            "recall": 0.5429517078774289,
            "f1": 0.5236831655184239
        },
        {
            "mae": 57.452045817818174,
            "rmse": 69.13845829752053,
            "nete": 0.3,
            "precision": 0.5,
            "recall": 0.5757032732352123,
            "f1": 0.5270277529274325
        },
        {
            "mae": 56.00852385191795,
            "rmse": 67.12538276548645,
            "nete": 0.3,
            "precision": 0.5263699793333619,
            "recall": 0.5453471737875778,
            "f1": 0.5358585765604699
        },
        {
            "mae": 54.83706604646601,
            "rmse": 67.98469396032154,
            "nete": 0.3,
            "precision": 0.5145643027506775,
            "recall": 0.5898751454397627,
            "f1": 0.5522197240952201
        },
        {
            "mae": 52.478598168479266,
            "rmse": 64.31714517218613,
            "nete": 0.3,
            "precision": 0.5473902595977265,
            "recall": 0.6184186735694168,
            "f1": 0.5829044665835716
        },
        {
            "mae": 50.72172520165329,
            "rmse": 63.21861232001746,
            "nete": 0.3,
            "precision": 0.5596664077902035,
            "recall": 0.5839275614592242,
            "f1": 0.5717969846247138
        },
        {
            "mae": 50.47829535692194,
            "rmse": 61.03117178826252,
            "nete": 0.3,
            "precision": 0.5365293366933747,
            "recall": 0.6582207133993891,
            "f1": 0.597375025046382
        },
        {
            "mae": 47.91949789716833,
            "rmse": 51.86951613584881,
            "nete": 0.3,
            "precision": 0.6003383467796131,
            "recall": 0.633688271624124,
            "f1": 0.6170133092018685
        },
        {
            "mae": 46.734469956551806,
            "rmse": 56.69893877293837,
            "nete": 0.3,
            "precision": 0.5792059602083534,
            "recall": 0.6706548020437818,
            "f1": 0.6249303811260676
        },
        {
            "mae": 45.62020858973705,
            "rmse": 55.83986620167924,
            "nete": 0.3,
            "precision": 0.5930696813338749,
            "recall": 0.6633152707952045,
            "f1": 0.6281924760645397
        },
        {
            "mae": 43.00481069804874,
            "rmse": 53.46959756876439,
            "nete": 0.3,
            "precision": 0.5972848248203672,
            "recall": 0.6884207212289467,
            "f1": 0.6428527730246569
        },
        {
            "mae": 43.18996482337029,
            "rmse": 48.16046936959785,
            "nete": 0.3,
            "precision": 0.6154768466847773,
            "recall": 0.7122862470646049,
            "f1": 0.663881546874691
        },
        {
            "mae": 42.45654016631422,
            "rmse": 50.87724678138483,
            "nete": 0.3,
            "precision": 0.614418742904921,
            "recall": 0.6939428099935984,
            "f1": 0.6541807764492596
        },
        {
            "mae": 40.515012626801585,
            "rmse": 47.281915448255695,
            "nete": 0.3,
            "precision": 0.6627299621483331,
            "recall": 0.7196510375324996,