{
    "building_number": 1,
    "meter_number": 1,
    "meter_name": "Meter_1",
    "window_size": 100,
    "model_params": {
        "input_size": 1,
        "hidden_size": 128,
        "num_layers": 2,
        "output_size": 1,
        "bidirectional": true
    },
    "train_params": {
        "lr": 0.001,
        "epochs": 10,
        "patience": 3
    },
    "final_metrics": {
        "train_loss": 0.023937666701694862,
        "val_loss": 0.012509763911906991,
        "test_loss": 0.040609591167550044,
        "test_metrics": {
            "mae": 0.03924698010087013,
            "rmse": 0.2015182077884674,
            "nete": 0.03468383848667145,
            "precision": 1.0,
            "recall": 1.0,
            "f1": 1.0
        }
    }
}