{
    "appliance": "fridge",
    "window_size": 100,
    "model_params": {
        "input_size": 1,
        "hidden_size": 128,
        "num_layers": 2,
        "output_size": 1,
        "bidirectional": true
    },
    "train_params": {
        "lr": 0.001,
        "epochs": 10,
        "patience": 3
    },
    "final_metrics": {
        "train_loss": 3962.321971299913,
        "val_loss": 4607.9389106364715,
        "test_loss": 5181.984548942804,
        "test_metrics": {
            "mae": 43.78377914428711,
            "rmse": 71.95124053955078,
            "nete": 0.4222651422023773,
            "sae": 0.25975975975975973,
            "precision": 0.49025413274117935,
            "recall": 0.9949924887330996,
            "f1": 0.6568595041322314
        }
    }
}