{
    "train_loss": [
        0.0698694526043208,
        0.06723417394676721,
        0.06579397418952919,
        0.06260108165230639,
        0.06018249732996544,
        0.055958741819254,
        0.05267444561845365,
        0.04949153408214227,
        0.047350650936726045,
        0.045191585938393085,
        0.04501098974450318,
        0.04305778094683785,
        0.04242985255212453,
        0.04050328184015016,
        0.040309904736904704,
        0.03889078757608448,
        0.0375469253913219,
        0.03627050069565439,
        0.03383047808471988,
        0.034408932320570185,
        0.03370912183210994,
        0.03218909316077568,
        0.030791029518638664,
        0.02924205984430688,
        0.027867104426076754,
        0.027556769736380153,
        0.026604503889490923,
        0.024074655730872446,
        0.023648584286411103,
        0.02293373615644359,
        0.022239027515001713,
        0.02187740346563047,
        0.0204656559314206,
        0.020973240601939638,
        0.0205885162773736,
        0.018894682364855468,
        0.018331708054736655,
        0.017576542042542817,
        0.014978772291323368,
        0.013685080240285467,
        0.013479106888558776,
        0.013476438688128376,
        0.013993953287341368,
        0.013913164847389413,
        0.013420582905593366,
        0.013223577366395504,
        0.015028465086903533,
        0.012843610758694609,
        0.012441996397008733,
        0.018624303664335054
    ],
    "val_loss": [
        0.07536292523453685,
        0.07259588264410557,
        0.07108367289900565,
        0.06847485418107857,
        0.06835350601834327,
        0.0653262385778027,
        0.06309058425464097,
        0.06196884768748377,
        0.06063120059861234,
        0.057966659122060435,
        0.05737745652570114,
        0.05450722649604248,
        0.053686698499247884,
        0.05251933043826609,
        0.04951971686364244,
        0.04925871755930883,
        0.04753849284499096,
        0.046139142133030185,
        0.04435912123417387,
        0.04195800948993436,
        0.040152483578579784,
        0.03922791516046408,
        0.03698101625655318,
        0.03742658418633349,
        0.037083169826775925,
        0.03288212524531216,
        0.033757955475660316,
        0.03356784088343749,
        0.032122455709928506,
        0.030150220116944456,
        0.02933323403809121,
        0.027478582770597778,
        0.026009199633634846,
        0.024021902632036622,
        0.02361794209124228,
        0.021839416483098242,
        0.02124829345747349,
        0.020455369144669958,
        0.018069233084772526,
        0.01678592983081019,
        0.017322628531760396,
        0.017104304370311487,
        0.01669365095170844,
        0.016927557037645664,
        0.01675222550389519,
        0.01603080421981348,
        0.01777988834124871,
        0.01764809866395962,
        0.017560830339215214,
        0.023368297328483705
    ],
    "val_metrics": [
        {
            "mae": 88.70023386832594,
            "rmse": 103.76300850885049,
            "nete": 0.3,
            "precision": 0.5,
            "recall": 0.5062376329102924,
            "f1": 0.4657058370383491
        },
        {
            "mae": 86.76211052224953,
            "rmse": 97.48469031804113,
            "nete": 0.3,
            "precision": 0.5,
            "recall": 0.5509515669430235,
            "f1": 0.4990099567903981
        },
        {
            "mae": 84.34936029218888,
            "rmse": 98.11435916679437,
            "nete": 0.3,
            "precision": 0.5141667446706658,
            "recall": 0.5436342731954441,
            "f1": 0.528900508933055
        },
        {
            "mae": 80.71179302482886,
            "rmse": 103.9700789844764,
            "nete": 0.3,
            "precision": 0.530476860919042,
            "recall": 0.5756403319864833,
            "f1": 0.5530585964527627
        },
        {
            "mae": 79.43550138173423,
            "rmse": 99.50494131588981,
            "nete": 0.3,
            "precision": 0.5363863336569539,
            "recall": 0.5850296712541031,
            "f1": 0.5607080024555285
        },
        {
            "mae": 75.63809567992742,
            "rmse": 89.25926938765329,
            "nete": 0.3,
            "precision": 0.5386876527258925,
            "recall": 0.6154727437408319,
            "f1": 0.5770801982333622
        },
        {
            "mae": 74.38989484725826,
            "rmse": 79.1998179225,
            "nete": 0.3,
            "precision": 0.5898882425031473,
            "recall": 0.6300076155311696,
            "f1": 0.6099479290171583
        },
        {
            "mae": 72.20584847513639,
            "rmse": 90.376625168268,
            "nete": 0.3,
            "precision": 0.5894777357866702,
            "recall": 0.6405003793052834,
            "f1": 0.6149890575459768
        },
        {
            "mae": 70.51777915432,
            "rmse": 83.56993667751055,
            "nete": 0.3,
            "precision": 0.6073110325104635,
            "recall": 0.6936479380692264,
            "f1": 0.6504794852898449
        },
        {
            "mae": 68.46853116147042,
            "rmse": 81.30843281241988,
            "nete": 0.3,
            "precision": 0.6110466541210975,
            "recall": 0.6720951533219548,
            "f1": 0.6415709037215261
        },
        {
            "mae": 66.5161363850234,
            "rmse": 77.40456075872486,
            "nete": 0.3,
            "precision": 0.6201391028211866,
            "recall": 0.6594605694617662,
            "f1": 0.6397998361414764
        },
        {
            "mae": 65.14426776637697,
            "rmse": 75.96665595125472,
            "nete": 0.3,
            "precision": 0.6550022179436421,
            "recall": 0.6849954156945463,
            "f1": 0.6699988168190941
        },
        {
            "mae": 63.920722632099725,
            "rmse": 70.57327513852766,
            "nete": 0.3,
            "precision": 0.653317229257457,
            "recall": 0.7572659735280363,
            "f1": 0.7052916013927467
        },
        {
            "mae": 60.018391917228136,
            "rmse": 75.14114570881144,
            "nete": 0.3,
            "precision": 0.7110072349583971,
            "recall": 0.7328680231451379,
            "f1": 0.7219376290517675
        },
        {
            "mae": 59.31030773400551,
            "rmse": 72.3348714358426,
            "nete": 0.3,
            "precision": 0.6715464631897955,
            "recall": 0.7564447928628547,
            "f1": 0.7139956280263251
        },
        {
            "mae": 57.35803224762907,
            "rmse": 68.05992404495893,
            "nete": 0.3,
            "precision": 0.7056643636150577,
            "recall": 0.7435888945378599,
            "f1": 0.7246266290764589
        },
        {
            "mae": 58.10232603594026,
            "rmse": 70.21570895158823,
            "nete": 0.3,
            "precision": 0.7169265566308982,
            "recall": 0.7943161287448864,
            "f1": 0.7556213426878924
        },
        {
            "mae": 55.88577972611458,
            "rmse": 67.07870937565121,
            "nete": 0.3,
            "precision": 0.7343571529469561,
            "recall": 0.787506701344768,
            "f1": 0.7609319271458621
        },
        {
            "mae": 52.53938340538136,
            "rmse": 62.56687885756378,
            "nete": 0.3,
            "precision": 0.7536438334832212,
            "recall": 0.8413126545193814,
            "f1": 0.7974782440013013
        },
        {
            "mae": 51.57444515313315,
            "rmse": 63.78053349743771,
            "nete": 0.3,
            "precision": 0.7757606213212148,
            "recall": 0.8156295345692998,
            "f1": 0.7956950779452573
        },
        {
            "mae": 50.56927546646637,
            "rmse": 58.44279741734966,