{
    "train_loss": [
        0.05516551050573049,
        0.053777619360385054,
        0.050146383782732,
        0.04988744652951931,
        0.04782987247684967,
        0.04644617708239716,
        0.04422717184964472,
        0.04327555039037878,
        0.04225469667785226,
        0.03847889727248787,
        0.036171732997780724,
        0.034666319938734515,
        0.033528028833396284,
        0.03195595115269183,
        0.030541393589124898,
        0.026265838481855753,
        0.02553167721923941,
        0.025421947435892253,
        0.025912052154684565,
        0.02428658176696317,
        0.020567441020046442,
        0.019654265020103097,
        0.019173879312864562,
        0.018569312643203606,
        0.01544807291260774,
        0.013861748032360125,
        0.014515542498904665,
        0.012724160811283408,
        0.011989569186137833,
        0.010585251264120622,
        0.010470382423107178,
        0.009762181421653082,
        0.010410038577759536,
        0.010074273254895221,
        0.009451353657289031,
        0.009077384481761446,
        0.007996102747479554,
        0.006348637439744216,
        0.006705673888414496,
        0.005763677161063719,
        0.00416796066185373,
        0.0019996781384287268,
        0.0021281475439959073,
        0.001998330852942904,
        0.001,
        0.001,
        0.001,
        0.001,
        0.001,
        0.007402334933935511
    ],
    "val_loss": [
        0.05992378603101702,
        0.05846650032840431,
        0.05673217131872982,
        0.05438181885599528,
        0.05222136610069216,
        0.05076848593651702,
        0.04843853044212696,
        0.04743932790989772,
        0.046367431511744876,
        0.04552509894708284,
        0.043076315124574674,
        0.03894917797042203,
        0.03789156103764585,
        0.035553748710326426,
        0.03624397054709929,
        0.03434498381164338,
        0.03251139968714557,
        0.03228504161015018,
        0.03244007380293761,
        0.030730797587662548,
        0.029318024418348954,
        0.026517532024929083,
        0.025626581126434126,
        0.027978154510936028,
        0.02638577733830224,
        0.022713830766510987,
        0.024405774950505124,
        0.025358525087083004,
        0.024542997205580046,
        0.02337634654420853,
        0.019185532127562854,
        0.01606896698238215,
        0.016535907635467903,
        0.016160593805675673,
        0.015026060033778404,
        0.01403050497180398,
        0.01382485512304342,
        0.01320376063020546,
        0.014303688038920131,
        0.012541294286453718,
        0.012229238243746025,
        0.012535492540126394,
        0.010342303564031239,
        0.011992981688448989,
        0.013479678437251605,
        0.010698791393324263,
        0.013865083538567552,
        0.012875673294224236,
        0.011138042492589,
        0.011044269852551618
    ],
    "val_metrics": [
        {
            "mae": 62.46813824900765,
            "rmse": 71.24531388091424,
            "nete": 0.3,
            "precision": 0.5,
            "recall": 0.5053757484760428,
            "f1": 0.4877417877921716
        },
        {
            "mae": 61.52492626409327,
            "rmse": 74.41007160384586,
            "nete": 0.3,
            "precision": 0.5,
            "recall": 0.515881567834768,
            "f1": 0.5024536392520986
        },
        {
            "mae": 58.7502207621693,
            "rmse": 73.57355690592225,
            "nete": 0.3,
            "precision": 0.5,
            "recall": 0.5691180241801774,
            "f1": 0.5278455665868311
        },
        {
            "mae": 57.60843257134782,
            "rmse": 70.17715606178184,
            "nete": 0.3,
            "precision": 0.5,
            "recall": 0.566866196214864,
            "f1": 0.5275866967881606
        },
        {
            "mae": 55.91352160753246,
            "rmse": 68.33375661186176,
            "nete": 0.3,
            "precision": 0.519704739538636,
            "recall": 0.5992389336192735,
            "f1": 0.5594718365789548
        },
        {
            "mae": 55.385920286823676,
            "rmse": 70.53890290614207,
            "nete": 0.3,
            "precision": 0.5491818611703948,
            "recall": 0.5909862433198164,
            "f1": 0.5700840522451055
        },
        {
            "mae": 53.47170566717253,
            "rmse": 65.31544379186289,
            "nete": 0.3,
            "precision": 0.5548715041563006,
            "recall": 0.6407631290279827,
            "f1": 0.5978173165921417
        },
        {
            "mae": 50.92761703126837,
            "rmse": 61.65329269392482,
            "nete": 0.3,
            "precision": 0.5905144454826895,
            "recall": 0.637786732360253,
            "f1": 0.6141505889214712
        },
        {
            "mae": 50.26932903073933,
            "rmse": 62.36375583559061,
            "nete": 0.3,
            "precision": 0.5853706622517034,
            "recall": 0.6644073660639166,
            "f1": 0.6248890141578101
        },
        {
            "mae": 48.916145088149506,
            "rmse": 56.68420055862729,
            "nete": 0.3,
            "precision": 0.6094126180203153,
            "recall": 0.6652083308342096,
            "f1": 0.6373104744272625
        },
        {
            "mae": 47.96197781662877,
            "rmse": 58.25902457867793,
            "nete": 0.3,
            "precision": 0.6481941083465964,
            "recall": 0.6963782668608821,
            "f1": 0.6722861876037393
        },
        {
            "mae": 45.59077325157985,
            "rmse": 52.782089958977615,
            "nete": 0.3,
            "precision": 0.6521225897217241,
            "recall": 0.72187811399729,
            "f1": 0.687000351859507
        },
        {
            "mae": 43.188290935807444,
            "rmse": 50.42377504512312,
            "nete": 0.3,
            "precision": 0.6505167747212769,
            "recall": 0.7158007848197903,
            "f1": 0.6831587797705336
        },
        {
            "mae": 43.101732663525624,
            "rmse": 56.40332431824856,
            "nete": 0.3,
            "precision": 0.6898749910286506,
            "recall": 0.7245657894908147,
            "f1": 0.7072203902597326
        },
        {
            "mae": 42.50250095875791,
            "rmse": 51.68020098551863,
            "nete": 0.3,
            "precision": 0.6916245383902246,
            "recall": 0.7530511293214762,
            "f1": 0.7223378338558505
        },
        {
            "mae": 40.5195899188472,
            "rmse": 49.838929351849046,
            "nete": 0.3,
            "precision": 0.7145818191519766,
            "recall": 0.7814751747708637,
            "f1": 0.74802849696142
        },
        {
            "mae": 39.3354564822507,
            "rmse": 46.417187827988265,
            "nete": 0.3,
            "precision": 0.7011494848392821,
            "recall": 0.7812134291995438,
            "f1": 0.7411814570194128
        },
        {
            "mae": 39.21343719523781,
            "rmse": 42.524250694114535,
            "nete": 0.3,
            "precision": 0.7241826100700519,
            "recall": 0.7934560410593461,
            "f1": 0.758819325564699
        },
        {
            "mae": 38.171833191788444,
            "rmse": 46.80711891792741,
            "nete": 0.3,
            "precision": 0.7279742864689801,
            "recall": 0.8104141630011659,
            "f1": 0.769194224735073
        },
        {
            "mae": 36.788646689833485,
            "rmse": 42.31127295581332,
            "nete": 0.3,
            "precision": 0.7482750513880738,
            "recall": 0.8229972062462362,
            "f1": 0.785636128817155
        },
        {
            "mae": 34.737854609723556,
            "rmse": 39.75185667686816,
            "nete": 0.3,
            "precision": 0.7415255239552285,