{
    "appliance": "dish washer",
    "window_size": 100,
    "model_params": {
        "input_size": 1,
        "output_size": 1,
        "hidden_size": 128,
        "num_layers": 1,
        "dt": 0.1,
        "advanced": false
    },
    "train_params": {
        "lr": 0.001,
        "epochs": 20,
        "patience": 10
    },
    "final_metrics": {
        "train_loss": 13558.33583255344,
        "val_loss": 12535.959483130773,
        "test_loss": 30619.06686907196,
        "test_metrics": {
            "mae": 42.80657196044922,
            "rmse": 175.0679473876953,
            "nete": 0.6827782392501831,
            "sae": 42.3413200378418,
            "traditional_sae": 0.1316316316316316,
            "precision": 0.2579890880748246,
            "recall": 0.7679814385150812,
            "f1": 0.3862310385064177
        },
        "aggregates": {
            "train_loss_mean": 14193.549487020573,
            "train_loss_var": 231975.87080079768,
            "val_loss_mean": 13250.212759200465,
            "val_loss_var": 194164.90217447758,
            "train_mae_mean": 39.983001708984375,
            "train_mae_var": 7.53689432144165,
            "val_mae_mean": 42.335025787353516,
            "val_mae_var": 4.1895647048950195,
            "train_sae_mean": 9.518743515014648,
            "train_sae_var": 3.9166653156280518,
            "val_sae_mean": 40.78407669067383,
            "val_sae_var": 3.6213908195495605,
            "train_f1_mean": 0.11366566755262912,
            "train_f1_var": 0.0027610756747628814,
            "val_f1_mean": 0.10886156698743063,
            "val_f1_var": 0.0020977904396002117,
            "test_mae": 42.80657196044922,
            "test_sae": 42.3413200378418,
            "test_f1": 0.3862310385064177,
            "test_loss": 30619.06686907196
        }
    }
}