{
    "train_loss": [
        0.04644135897750952,
        0.04451415035438005,
        0.042325792571417026,
        0.04010710501570384,
        0.03937801181870956,
        0.03738087930655456,
        0.03548014234524982,
        0.033580088174453175,
        0.03318169776856473,
        0.030841681559995036,
        0.030731972823712313,
        0.030208485498096634,
        0.029054515756292924,
        0.028019831288019912,
        0.028354255292823177,
        0.026174787935182284,
        0.022936599812273802,
        0.02121868936569513,
        0.019496880847963083,
        0.018219756338061173,
        0.016819600787529823,
        0.014920328897054413,
        0.01352113823702972,
        0.013295080331777618,
        0.01264287945670394,
        0.011280329453002051,
        0.01115663163980085,
        0.009585461839599128,
        0.009137596698808113,
        0.007801567749049609,
        0.006014807321496479,
        0.00513699751360918,
        0.004267370986116238,
        0.004845992755657176,
        0.004800989166786659,
        0.006608469481121756,
        0.004358203039856785,
        0.004823316007754774,
        0.004518747116954988,
        0.004599844723218182,
        0.004967035268183435,
        0.005669650149248415,
        0.004208088135882542,
        0.0038591553546884288,
        0.003471384717566785,
        0.004281379907987252,
        0.004201218456081785,
        0.0036325747394637693,
        0.002090381876687853,
        0.011482397915849513
    ],
    "val_loss": [
        0.0529196671955238,
        0.051625329581009814,
        0.049494811718294056,
        0.04459356887684453,
        0.04334691240964504,
        0.04124992327188229,
        0.039254149462512315,
        0.037259092583175835,
        0.03684078265699297,
        0.03468363108141896,
        0.03426857146489793,
        0.034879713724007035,
        0.03344229473095739,
        0.034155179441035674,
        0.031771968057464336,
        0.029797319144469477,
        0.028203881952424962,
        0.026592354840674997,
        0.025982321617735244,
        0.025898758800303134,
        0.025308705125095973,
        0.02229898035181866,
        0.02223929598800417,
        0.02170184402601407,
        0.019544652580432507,
        0.020117822552798745,
        0.01851589640440097,
        0.01733964178526395,
        0.01789231011112581,
        0.017769883689364243,
        0.01558629030978367,
        0.013820789350390302,
        0.015497123697802302,
        0.013144781399821887,
        0.010243945081850994,
        0.011679400399047506,
        0.012230588698840552,
        0.012052943270337839,
        0.01159100133432977,
        0.01151733613058703,
        0.007741903029409528,
        0.007953132656710837,
        0.006472478529536414,
        0.007098423726859162,
        0.005644953953445124,
        0.0064954489033866155,
        0.006411279378885875,
        0.005961520956292049,
        0.004194900970522246,
        0.013330370470502664
    ],
    "val_metrics": [
        {
            "mae": 61.574563214287,
            "rmse": 75.99751857257999,
            "nete": 0.3,
            "precision": 0.5,
            "recall": 0.5,
            "f1": 0.42247495009260283
        },
        {
            "mae": 61.17315000253552,
            "rmse": 73.60953958521691,
            "nete": 0.3,
            "precision": 0.5,
            "recall": 0.5,
            "f1": 0.4312579085846132
        },
        {
            "mae": 58.257465054582106,
            "rmse": 73.14658013250971,
            "nete": 0.3,
            "precision": 0.5,
            "recall": 0.5,
            "f1": 0.45747435529943503
        },
        {
            "mae": 56.61901896586834,
            "rmse": 67.89274230426916,
            "nete": 0.3,
            "precision": 0.5,
            "recall": 0.5,
            "f1": 0.47494570382165247
        },
        {
            "mae": 55.852179013687575,
            "rmse": 68.3321054412652,
            "nete": 0.3,
            "precision": 0.5,
            "recall": 0.5199823559073437,
            "f1": 0.4880401593183577
        },
        {
            "mae": 53.4946878477674,
            "rmse": 64.32804922388482,
            "nete": 0.3,
            "precision": 0.5,
            "recall": 0.5,
            "f1": 0.49680222283642084
        },
        {
            "mae": 53.044803793971845,
            "rmse": 65.1912499726827,
            "nete": 0.3,
            "precision": 0.5249298564356243,
            "recall": 0.5382332175692902,
            "f1": 0.5315815370024572
        },
        {
            "mae": 51.54060665174721,
            "rmse": 59.749572396849096,
            "nete": 0.3,
            "precision": 0.5278727103663651,
            "recall": 0.5530370294162772,
            "f1": 0.5404548698913211
        },
        {
            "mae": 48.79794259357385,
            "rmse": 60.760299302368594,
            "nete": 0.3,
            "precision": 0.5375265011833847,
            "recall": 0.5408941023613804,
            "f1": 0.5392103017723826
        },
        {
            "mae": 47.56782593885663,
            "rmse": 57.43949092664382,
            "nete": 0.3,
            "precision": 0.5450469354359954,
            "recall": 0.5857511546538856,
            "f1": 0.5653990450449404
        },
        {
            "mae": 47.64784431137636,
            "rmse": 54.1697296083404,
            "nete": 0.3,
            "precision": 0.5363260088997374,
            "recall": 0.6000667626616178,
            "f1": 0.5681963857806777
        },
        {
            "mae": 45.54803493975207,
            "rmse": 54.540343384900574,
            "nete": 0.3,
            "precision": 0.5759919767086784,
            "recall": 0.6296385773570236,
            "f1": 0.602815277032851
        },
        {
            "mae": 43.06931953252022,
            "rmse": 48.87593590587518,
            "nete": 0.3,
            "precision": 0.5423186365427395,
            "recall": 0.6509370096334695,
            "f1": 0.5966278230881045
        },
        {
            "mae": 42.530357119200886,
            "rmse": 52.72855816440657,
            "nete": 0.3,
            "precision": 0.5793038680443082,
            "recall": 0.635329531842334,
            "f1": 0.607316699943321
        },
        {
            "mae": 40.543258477800784,
            "rmse": 49.09998734176831,
            "nete": 0.3,
            "precision": 0.5981506332718008,
            "recall": 0.6626120159503751,
            "f1": 0.630381324611088
        },
        {
            "mae": 40.448962866363196,
            "rmse": 46.54882910707095,
            "nete": 0.3,
            "precision": 0.6192854145650907,
            "recall": 0.6645231226760585,
            "f1": 0.6419042686205746
        },
        {
            "mae": 38.399311430996676,
            "rmse": 46.0249330800007,
            "nete": 0.3,
            "precision": 0.6211403646400174,
            "recall": 0.6971531784417538,
            "f1": 0.6591467715408856
        },
        {
            "mae": 38.19925539654483,
            "rmse": 46.78925504328417,
            "nete": 0.3,
            "precision": 0.6127646857757931,
            "recall": 0.6975267464672857,
            "f1": 0.6551457161215395
        },
        {
            "mae": 37.462257610016465,
            "rmse": 43.79709530353324,
            "nete": 0.3,
            "precision": 0.6305049467313687,
            "recall": 0.6910815870211774,
            "f1": 0.660793266876273
        },
        {
            "mae": 36.183126666007254,
            "rmse": 44.5101786187434,
            "nete": 0.3,
            "precision": 0.6750254619020729,
            "recall": 0.723238179132871,
            "f1": 0.699131820517472
        },
        {
            "mae": 34.279073797216,
            "rmse": 42.7566734690048,
            "nete": 0.3,
            "precision": 0.6561901792577246,