{
    "appliance": "microwave",
    "window_size": 100,
    "model_params": {
        "input_size": 1,
        "output_size": 1,
        "hidden_size": 128,
        "num_layers": 1,
        "dt": 0.1,
        "advanced": false
    },
    "train_params": {
        "lr": 0.001,
        "epochs": 50,
        "patience": 10
    },
    "final_metrics": {
        "train_loss": 13814.07645462884,
        "val_loss": 28599.901813926877,
        "test_loss": 32434.603419725478,
        "test_metrics": {
            "mae": 31.37603187561035,
            "rmse": 180.18490600585938,
            "nete": 0.49996528029441833,
            "sae": 25.988197326660156,
            "traditional_sae": 0.6352602602602603,
            "precision": 0.02575932333717801,
            "recall": 0.9370629370629371,
            "f1": 0.05014031805425631
        }
    }
}