{
    "train_loss": [
        0.06914589048934404,
        0.06687135013240711,
        0.06516275467602556,
        0.063212043118256,
        0.062187277366975366,
        0.059263076878370485,
        0.05689493710545787,
        0.053496766034425484,
        0.05220496641100682,
        0.051950246802621024,
        0.049295275080300696,
        0.04608300116048263,
        0.043606598328964984,
        0.0416756718400062,
        0.03831125507416322,
        0.03615548310291176,
        0.03342061239228914,
        0.03228017983193577,
        0.03203330733202064,
        0.030140067052054187,
        0.027556975648983215,
        0.025398812752298935,
        0.02316625591799605,
        0.022117440223151524,
        0.02029607898785251,
        0.017808230235753744,
        0.015290345126960002,
        0.013659306745748485,
        0.013916514390283824,
        0.01267446359482572,
        0.011161045860812596,
        0.009689636242777567,
        0.007923900318514926,
        0.0069367600362629485,
        0.005696732103143426,
        0.0055011817006737004,
        0.005187521009611099,
        0.005874845008038047,
        0.0058970713935175495,
        0.00611090826731531,
        0.004302750433337881,
        0.0050652566622915165,
        0.005225109532203836,
        0.005677292539584364,
        0.004987341473778996,
        0.005711931044656762,
        0.0053569310089275025,
        0.006001811348371687,
        0.005089497758239182,
        0.020119788437755713
    ],
    "val_loss": [
        0.07811243806113723,
        0.07609523762346881,
        0.07316559537335446,
        0.07220502959048361,
        0.06966353321287219,
        0.06619949505118028,
        0.06357064029544278,
        0.05912764968586533,
        0.05776316248774882,
        0.05654775914275208,
        0.05636280166938937,
        0.054565541481331796,
        0.051521664127961955,
        0.04702035091490903,
        0.04426037645975675,
        0.041586225604595725,
        0.0392170049901977,
        0.03708759685504816,
        0.0369131372976185,
        0.03669383697931962,
        0.035816963718736834,
        0.03344294688683157,
        0.030671819646496106,
        0.027064418617631352,
        0.02498270427693647,
        0.023679543275540834,
        0.024108956700140353,
        0.02139765868612115,
        0.0251351578694611,
        0.022159212538864246,
        0.02459215014959178,
        0.02343112021216575,
        0.02408116254812131,
        0.022416503888750924,
        0.019489222258311765,
        0.020797259162844875,
        0.01802921502488074,
        0.016461193136214223,
        0.015120487747356526,
        0.016084740856880452,
        0.013812668130499126,
        0.014793103433894391,
        0.015769594451519015,
        0.013921845822721789,
        0.013026308250785735,
        0.013100659709062082,
        0.012392335006305592,
        0.010722648530816161,
        0.009596109096830651,
        0.025052500429045263
    ],
    "val_metrics": [
        {
            "mae": 89.99233700683628,
            "rmse": 109.42919803201055,
            "nete": 0.3,
            "precision": 0.5,
            "recall": 0.5,
            "f1": 0.4600997760345647
        },
        {
            "mae": 87.78349586912633,
            "rmse": 99.69691110439436,
            "nete": 0.3,
            "precision": 0.5,
            "recall": 0.5,
            "f1": 0.4647648937325746
        },
        {
            "mae": 85.57938425316688,
            "rmse": 99.5382676980823,
            "nete": 0.3,
            "precision": 0.5,
            "recall": 0.5076225205040829,
            "f1": 0.4945797785552283
        },
        {
            "mae": 82.93663183946555,
            "rmse": 101.51349497872525,
            "nete": 0.3,
            "precision": 0.5071690193933734,
            "recall": 0.5221920440957929,
            "f1": 0.5146805317445832
        },
        {
            "mae": 80.6162566585621,
            "rmse": 93.61015812176801,
            "nete": 0.3,
            "precision": 0.5242570128470772,
            "recall": 0.5593157399824381,
            "f1": 0.5417863764147576
        },
        {
            "mae": 79.83207586211053,
            "rmse": 96.54712372864181,
            "nete": 0.3,
            "precision": 0.5099702821981887,
            "recall": 0.6000159998259905,
            "f1": 0.5549931410120896
        },
        {
            "mae": 77.88120381635606,
            "rmse": 88.65915718060175,
            "nete": 0.3,
            "precision": 0.5312637811064702,
            "recall": 0.5945581299956109,
            "f1": 0.5629109555510404
        },
        {
            "mae": 74.31213455978487,
            "rmse": 90.05009547122711,
            "nete": 0.3,
            "precision": 0.5639064096822426,
            "recall": 0.607393537412554,
            "f1": 0.5856499735473983
        },
        {
            "mae": 72.27379888832066,
            "rmse": 83.86306188623087,
            "nete": 0.3,
            "precision": 0.5705403981686719,
            "recall": 0.6190476532085702,
            "f1": 0.594794025688621
        },
        {
            "mae": 71.15313173084193,
            "rmse": 86.32488679313585,
            "nete": 0.3,
            "precision": 0.5845576696218361,
            "recall": 0.634080663064624,
            "f1": 0.60931916634323
        },
        {
            "mae": 70.59622316384325,
            "rmse": 81.88773940691404,
            "nete": 0.3,
            "precision": 0.5843672870473834,
            "recall": 0.6496259468503007,
            "f1": 0.616996616948842
        },
        {
            "mae": 67.09980020838815,
            "rmse": 75.61013975738658,
            "nete": 0.3,
            "precision": 0.6138085572902552,
            "recall": 0.6657508809790326,
            "f1": 0.6397797191346439
        },
        {
            "mae": 64.8823058430689,
            "rmse": 78.13585920058247,
            "nete": 0.3,
            "precision": 0.6068722584680486,
            "recall": 0.7198257773884297,
            "f1": 0.6633490179282392
        },
        {
            "mae": 63.825331287207256,
            "rmse": 79.72358280235187,
            "nete": 0.3,
            "precision": 0.6288602847414411,
            "recall": 0.7280380618203997,
            "f1": 0.6784491732809204
        },
        {
            "mae": 60.70592081578728,
            "rmse": 74.91663514044075,
            "nete": 0.3,
            "precision": 0.6621486768836967,
            "recall": 0.7402542430756168,
            "f1": 0.7012014599796568
        },
        {
            "mae": 60.6289672839422,
            "rmse": 75.33538302223236,
            "nete": 0.3,
            "precision": 0.6819809083300138,
            "recall": 0.722066241181536,
            "f1": 0.7020235747557748
        },
        {
            "mae": 57.46731183568165,
            "rmse": 72.18511009417243,
            "nete": 0.3,
            "precision": 0.6825355121193576,
            "recall": 0.7221211903530675,
            "f1": 0.7023283512362125
        },
        {
            "mae": 56.79634334532497,
            "rmse": 67.86618027083657,
            "nete": 0.3,
            "precision": 0.6945075178456137,
            "recall": 0.7504769946142017,
            "f1": 0.7224922562299078
        },
        {
            "mae": 54.08260640712863,
            "rmse": 66.29012194195235,
            "nete": 0.3,
            "precision": 0.694228870452762,
            "recall": 0.7829705320472542,
            "f1": 0.7385997012500081
        },
        {
            "mae": 53.09247084524463,
            "rmse": 65.58965403981382,
            "nete": 0.3,
            "precision": 0.6934885842499893,
            "recall": 0.7689878534724648,
            "f1": 0.7312382188612271
        },
        {
            "mae": 50.49628765797978,
            "rmse": 60.74651888688577,
            "nete": 0.3,