{
    "train_loss": [
        0.04925874865205365,
        0.048153234102423705,
        0.04703753703168662,
        0.04535161351220247,
        0.042624239421938416,
        0.040583720583767434,
        0.039622173078208894,
        0.03901859575896678,
        0.03760540506461646,
        0.03858126351843774,
        0.03719306103869079,
        0.034926000427308146,
        0.03471712050715101,
        0.03242955919452537,
        0.03103263752951122,
        0.030291520267097017,
        0.02967428032585396,
        0.02778407028839334,
        0.025813187805131147,
        0.02609550605533485,
        0.024259415669975304,
        0.02506127029541925,
        0.0214935491310886,
        0.020080739396339375,
        0.017856627215205416,
        0.016772041188851422,
        0.015659302428343062,
        0.01654693747610688,
        0.01580559452022075,
        0.015493053897825852,
        0.013680440469725557,
        0.014007567743184759,
        0.014726480324037197,
        0.015404864021530837,
        0.014210168837025337,
        0.014361318756023114,
        0.014773246345426184,
        0.014008669111523476,
        0.014429936167643237,
        0.014304785128485072,
        0.012061702703981174,
        0.012292352876026907,
        0.010766919136099607,
        0.01083207990563293,
        0.01006513930558014,
        0.010199316764923194,
        0.008169770747569792,
        0.006721755119053695,
        0.007170349961761051,
        0.012953068181648722
    ],
    "val_loss": [
        0.05372168608465634,
        0.052560895807544895,
        0.05138941388327096,
        0.0496191941878126,
        0.04961966905883765,
        0.04822881134976559,
        0.047419522982437796,
        0.04612630098492175,
        0.04347362130339889,
        0.04251032669435963,
        0.04105271409062534,
        0.03976357831280397,
        0.038619631889150956,
        0.03710265400722025,
        0.03549710031502899,
        0.03416792323641024,
        0.03422670641221697,
        0.0322814774490797,
        0.029103847195387708,
        0.02940028135810159,
        0.029900312652187483,
        0.02923012611249558,
        0.026363831671897313,
        0.023314253923494517,
        0.023634461659593636,
        0.02389034072587825,
        0.023923466691962592,
        0.020543201271546848,
        0.020093008731599256,
        0.018267706592717148,
        0.01867262041052132,
        0.020394845722216916,
        0.021540339542987678,
        0.021052313560507546,
        0.021061522457785295,
        0.019006764092952044,
        0.017656630652934047,
        0.01790024549987686,
        0.0171514329760254,
        0.017783666032073285,
        0.018828827668800098,
        0.01616191205336787,
        0.014938853542906878,
        0.013373683900914576,
        0.012568396270859148,
        0.012709282603169354,
        0.014591414983061667,
        0.016032619607331444,
        0.01539325351335648,
        0.015650598369191183
    ],
    "val_metrics": [
        {
            "mae": 56.229081095780636,
            "rmse": 65.24534300091297,
            "nete": 0.3,
            "precision": 0.5,
            "recall": 0.5,
            "f1": 0.39886517633053187
        },
        {
            "mae": 54.734895732178394,
            "rmse": 67.1226529235419,
            "nete": 0.3,
            "precision": 0.5,
            "recall": 0.5,
            "f1": 0.40879147812540423
        },
        {
            "mae": 53.226472229737,
            "rmse": 62.59977370986614,
            "nete": 0.3,
            "precision": 0.5,
            "recall": 0.5,
            "f1": 0.42803220993692376
        },
        {
            "mae": 52.67820379673194,
            "rmse": 53.13004128543994,
            "nete": 0.3,
            "precision": 0.5,
            "recall": 0.5,
            "f1": 0.42484718872731936
        },
        {
            "mae": 51.11529845800274,
            "rmse": 60.840601494605465,
            "nete": 0.3,
            "precision": 0.5,
            "recall": 0.5,
            "f1": 0.4402367372157088
        },
        {
            "mae": 48.52420104087657,
            "rmse": 57.05902075435126,
            "nete": 0.3,
            "precision": 0.5,
            "recall": 0.5,
            "f1": 0.4634212102509549
        },
        {
            "mae": 47.563599700274736,
            "rmse": 59.04016388559369,
            "nete": 0.3,
            "precision": 0.5,
            "recall": 0.5228467102113886,
            "f1": 0.4781543066419625
        },
        {
            "mae": 46.48068841105954,
            "rmse": 54.09888138799432,
            "nete": 0.3,
            "precision": 0.5,
            "recall": 0.5406056276739357,
            "f1": 0.5073012146991898
        },
        {
            "mae": 45.66169743243243,
            "rmse": 53.861315837829025,
            "nete": 0.3,
            "precision": 0.5,
            "recall": 0.5259250673024206,
            "f1": 0.4966529824174269
        },
        {
            "mae": 44.346885185527405,
            "rmse": 53.16641800648957,
            "nete": 0.3,
            "precision": 0.5011517967638317,
            "recall": 0.5603237756784257,
            "f1": 0.5307377862211288
        },
        {
            "mae": 41.83765025904925,
            "rmse": 49.12361255222178,
            "nete": 0.3,
            "precision": 0.5248188127681113,
            "recall": 0.5329541706635161,
            "f1": 0.5288864917158137
        },
        {
            "mae": 41.895504510139,
            "rmse": 44.51635201631399,
            "nete": 0.3,
            "precision": 0.568339676658849,
            "recall": 0.5258011938607736,
            "f1": 0.5470704352598114
        },
        {
            "mae": 40.48442226236498,
            "rmse": 52.44809342903796,
            "nete": 0.3,
            "precision": 0.51058085718279,
            "recall": 0.5845691805581152,
            "f1": 0.5475750188704527
        },
        {
            "mae": 39.32332032112495,
            "rmse": 49.845297299926116,
            "nete": 0.3,
            "precision": 0.5554862502806679,
            "recall": 0.5979920950199781,
            "f1": 0.576739172650323
        },
        {
            "mae": 37.93247407109406,
            "rmse": 47.23288814651703,
            "nete": 0.3,
            "precision": 0.5421228455624906,
            "recall": 0.6141638586634599,
            "f1": 0.5781433521129752
        },
        {
            "mae": 36.97558566548795,
            "rmse": 43.307262613178686,
            "nete": 0.3,
            "precision": 0.563719863963045,
            "recall": 0.6055390982423121,
            "f1": 0.5846294811026785
        },
        {
            "mae": 35.693375701571995,
            "rmse": 42.878623182142945,
            "nete": 0.3,
            "precision": 0.546730647857006,
            "recall": 0.6098752709866967,
            "f1": 0.5783029594218514
        },
        {
            "mae": 34.2104492299636,
            "rmse": 42.226119501362206,
            "nete": 0.3,
            "precision": 0.5708686597575744,
            "recall": 0.6809179635151615,
            "f1": 0.6258933116363679
        },
        {
            "mae": 33.34230191569498,
            "rmse": 39.03787693128951,
            "nete": 0.3,
            "precision": 0.5913751407095907,
            "recall": 0.6479304156396842,
            "f1": 0.6196527781746375
        },
        {
            "mae": 33.6433090406225,
            "rmse": 39.29832787656279,
            "nete": 0.3,
            "precision": 0.6071086355928366,
            "recall": 0.6649139240022149,
            "f1": 0.6360112797975258
        },
        {
            "mae": 31.377687327846655,
            "rmse": 35.368935809362135,
            "nete": 0.3,
            "precision": 0.5949345178720343,
            "recall": 0.7031980726359275,