{
    "train_loss": [
        0.04636932211987707,
        0.04523928345024324,
        0.04190871146027749,
        0.039600529131447966,
        0.038888367188122816,
        0.03669912017189104,
        0.03499212949819746,
        0.03324160818793691,
        0.033579992001795504,
        0.03259434918291834,
        0.03021122717902727,
        0.03159616141498094,
        0.030586936532894526,
        0.03119367884368728,
        0.03016521302516127,
        0.02880965838941215,
        0.029204244157563092,
        0.027691552155638125,
        0.024626830307167228,
        0.023657257471657492,
        0.02197189469115311,
        0.02047654844062199,
        0.020071654041342327,
        0.019085431332541137,
        0.020955615671835924,
        0.02005515009511476,
        0.01802621734139345,
        0.016128011512045452,
        0.016142062403136204,
        0.0168707513553519,
        0.015255479156330676,
        0.013229920781258366,
        0.011527865191290168,
        0.009521500192314044,
        0.009166528278793145,
        0.00958191855304273,
        0.009122166327943089,
        0.008870186538384868,
        0.00839618325585615,
        0.007731478590888312,
        0.007701932625325744,
        0.0068207826503123145,
        0.005523950642306371,
        0.005938956547114542,
        0.005971493936293057,
        0.003938511865511226,
        0.003425732886351094,
        0.0014858153697590987,
        0.00262790772829034,
        0.011124116490501691
    ],
    "val_loss": [
        0.05068778822587093,
        0.0495012476227554,
        0.04694064799855121,
        0.04358055558802037,
        0.04283278554752896,
        0.040534076180485594,
        0.03940566915533246,
        0.036903688597333756,
        0.03725899160188528,
        0.039295009692063315,
        0.03603119293508801,
        0.03517596948572999,
        0.034544386849312346,
        0.03475336278587165,
        0.034233238919275655,
        0.03252722654871033,
        0.03266445636544125,
        0.03141183766392868,
        0.0305838950925527,
        0.029065913083568935,
        0.02647632411675073,
        0.024751348623955522,
        0.024704353337432684,
        0.025013873311792254,
        0.02400339645542772,
        0.023057907599870503,
        0.02217948065262843,
        0.021650144235895355,
        0.018949165523293017,
        0.019714288923119494,
        0.01828302154914059,
        0.01710044410865583,
        0.019391741899485393,
        0.019583436841817577,
        0.017914983748749107,
        0.01729375137930618,
        0.017965334108487333,
        0.017373654398834006,
        0.01637271724090063,
        0.01498354376345521,
        0.012511524814305813,
        0.010855558910803689,
        0.009540599460521495,
        0.008778934818623454,
        0.00827006863310771,
        0.008283263515272922,
        0.006379403825485743,
        0.004573805762865351,
        0.007347960533324257,
        0.015676027437226955
    ],
    "val_metrics": [
        {
            "mae": 51.41591078105918,
            "rmse": 60.47772682038453,
            "nete": 0.3,
            "precision": 0.5,
            "recall": 0.5,
            "f1": 0.41113776655501244
        },
        {
            "mae": 49.682854478649695,
            "rmse": 60.86675838225592,
            "nete": 0.3,
            "precision": 0.5,
            "recall": 0.5,
            "f1": 0.4083611382936137
        },
        {
            "mae": 48.48528535529225,
            "rmse": 59.475669041667004,
            "nete": 0.3,
            "precision": 0.5,
            "recall": 0.5,
            "f1": 0.4508401847440529
        },
        {
            "mae": 47.6377003985839,
            "rmse": 54.355104283348304,
            "nete": 0.3,
            "precision": 0.5,
            "recall": 0.5,
            "f1": 0.44918334015662137
        },
        {
            "mae": 45.26254490729938,
            "rmse": 53.977302542504944,
            "nete": 0.3,
            "precision": 0.5,
            "recall": 0.5,
            "f1": 0.4829430777726771
        },
        {
            "mae": 44.85952102854867,
            "rmse": 51.59611609691668,
            "nete": 0.3,
            "precision": 0.5,
            "recall": 0.5239678819965026,
            "f1": 0.4934945081346661
        },
        {
            "mae": 44.41316562921764,
            "rmse": 48.40633988022508,
            "nete": 0.3,
            "precision": 0.5,
            "recall": 0.552980816310843,
            "f1": 0.5077889232150232
        },
        {
            "mae": 42.43160343006781,
            "rmse": 51.853890997357574,
            "nete": 0.3,
            "precision": 0.5,
            "recall": 0.5420791976510361,
            "f1": 0.5168537854334724
        },
        {
            "mae": 41.32096202308449,
            "rmse": 48.99673500876077,
            "nete": 0.3,
            "precision": 0.5,
            "recall": 0.5750682298626747,
            "f1": 0.5307405736086305
        },
        {
            "mae": 40.75183901010241,
            "rmse": 48.4476836308974,
            "nete": 0.3,
            "precision": 0.5201253302044079,
            "recall": 0.5497359699388658,
            "f1": 0.5349306500716368
        },
        {
            "mae": 38.635868104395236,
            "rmse": 45.29186962299276,
            "nete": 0.3,
            "precision": 0.5430468473587868,
            "recall": 0.5655090422246452,
            "f1": 0.554277944791716
        },
        {
            "mae": 38.09533220238853,
            "rmse": 45.48766653409425,
            "nete": 0.3,
            "precision": 0.5832613638543801,
            "recall": 0.5849096832712312,
            "f1": 0.5840855235628056
        },
        {
            "mae": 36.45722429052779,
            "rmse": 42.451780823404064,
            "nete": 0.3,
            "precision": 0.5737222669549836,
            "recall": 0.6177301722216368,
            "f1": 0.5957262195883102
        },
        {
            "mae": 34.9209944399147,
            "rmse": 43.55633347766951,
            "nete": 0.3,
            "precision": 0.5913485167063752,
            "recall": 0.6132420376827095,
            "f1": 0.6022952771945423
        },
        {
            "mae": 34.9076401971256,
            "rmse": 41.61475773834343,
            "nete": 0.3,
            "precision": 0.5612585132158902,
            "recall": 0.6638972312620359,
            "f1": 0.6125778722389631
        },
        {
            "mae": 33.96628042774695,
            "rmse": 39.47448951685515,
            "nete": 0.3,
            "precision": 0.5709485953998952,
            "recall": 0.6247716186525164,
            "f1": 0.5978601070262057
        },
        {
            "mae": 33.275283162533576,
            "rmse": 41.3937863917408,
            "nete": 0.3,
            "precision": 0.6145187752364026,
            "recall": 0.669775332456821,
            "f1": 0.6421470538466119
        },
        {
            "mae": 31.92729610248456,
            "rmse": 37.110241526330654,
            "nete": 0.3,
            "precision": 0.6074699727446062,
            "recall": 0.6787187399075699,
            "f1": 0.6430943563260881
        },
        {
            "mae": 29.736815442732723,
            "rmse": 35.27321503644528,
            "nete": 0.29922358455149006,
            "precision": 0.6483768496729649,
            "recall": 0.6691443083468007,
            "f1": 0.6587605790098828
        },
        {
            "mae": 29.89560726467803,
            "rmse": 37.27742331886784,
            "nete": 0.29763521651019287,
            "precision": 0.6380582582565513,
            "recall": 0.6826820156685076,
            "f1": 0.6603701369625294
        },
        {
            "mae": 29.510891016166134,
            "rmse": 34.11202277773567,
            "nete": 0.29424452735415785,
            "precision": 0.6391950608674278,