{
    "train_loss": [
        0.0529872400335851,
        0.05112067606961139,
        0.050380439907117845,
        0.04871584219302023,
        0.04644250978064581,
        0.04358744598775602,
        0.04171683264145723,
        0.0397065582744137,
        0.040100284618627975,
        0.03864181666579517,
        0.03724262390905793,
        0.03423681257225043,
        0.03310666900729352,
        0.03341432217558363,
        0.03333760688531742,
        0.031095065590045722,
        0.029379288898752014,
        0.027425616928965207,
        0.027086321356619793,
        0.025577143501645343,
        0.02611194032142325,
        0.026565863540877595,
        0.02570114748264371,
        0.024440145813522236,
        0.023992538127081055,
        0.022970845015082883,
        0.02237822773739913,
        0.020122654415863965,
        0.018969849969689163,
        0.017076488067010943,
        0.01577199398970243,
        0.01384306340829237,
        0.012093909916081709,
        0.011793217095192116,
        0.011383460295035185,
        0.011028470889416357,
        0.010981000244124284,
        0.010990570000687807,
        0.010930604358483332,
        0.010609844896251358,
        0.010411221798806878,
        0.010760900426725128,
        0.010986937167547449,
        0.010519703348488329,
        0.010378686411908814,
        0.008430798028686263,
        0.00912858973756079,
        0.01016134705761862,
        0.009487768285243905,
        0.015322525753284449
    ],
    "val_loss": [
        0.06053046101910602,
        0.05946353117750909,
        0.057475167941302585,
        0.05507808421768009,
        0.05076463526967811,
        0.047766818287143825,
        0.045802674273530096,
        0.046577115080130516,
        0.04620051091289215,
        0.042573907499084934,
        0.04110475510451083,
        0.03794865320086296,
        0.0367620024576582,
        0.03708503828436281,
        0.0370044872295833,
        0.03607852789224393,
        0.035395654617553375,
        0.03479448049217416,
        0.03259959912453114,
        0.02960801743922943,
        0.029417537337494415,
        0.029894156717921477,
        0.028986204856775895,
        0.028129558462663656,
        0.028875328323403084,
        0.029130941017266054,
        0.028945289764190904,
        0.028826201506938445,
        0.029725205675904906,
        0.03140760257535109,
        0.03160111881241307,
        0.029073486730023353,
        0.027955584938124837,
        0.02725607310383347,
        0.026778356377250675,
        0.02651647212576783,
        0.026573870842062825,
        0.024329552633646175,
        0.02318811252116519,
        0.024057403178705524,
        0.023968863134349195,
        0.02428121102728014,
        0.020570894358457922,
        0.016984905889966286,
        0.016223216531682065,
        0.01747350096168996,
        0.01465649096383353,
        0.015098312541356447,
        0.01359670620607976,
        0.01944363401781236
    ],
    "val_metrics": [
        {
            "mae": 69.77640498144679,
            "rmse": 78.57469921804125,
            "nete": 0.3,
            "precision": 0.5,
            "recall": 0.5,
            "f1": 0.4105662350526435
        },
        {
            "mae": 68.26614321513479,
            "rmse": 81.23297179092448,
            "nete": 0.3,
            "precision": 0.5,
            "recall": 0.5,
            "f1": 0.43944433897384333
        },
        {
            "mae": 66.53952041455875,
            "rmse": 83.79709853111825,
            "nete": 0.3,
            "precision": 0.5,
            "recall": 0.5,
            "f1": 0.45735704802993943
        },
        {
            "mae": 65.01085373625922,
            "rmse": 75.45456575271614,
            "nete": 0.3,
            "precision": 0.5,
            "recall": 0.5,
            "f1": 0.4545761938136144
        },
        {
            "mae": 61.07348512670215,
            "rmse": 74.77810333087831,
            "nete": 0.3,
            "precision": 0.5,
            "recall": 0.5205037353337064,
            "f1": 0.48579177716971716
        },
        {
            "mae": 60.366195454180506,
            "rmse": 74.73207791007124,
            "nete": 0.3,
            "precision": 0.5,
            "recall": 0.5088523849287204,
            "f1": 0.48474598845604217
        },
        {
            "mae": 58.69908049513734,
            "rmse": 69.71617641958548,
            "nete": 0.3,
            "precision": 0.5,
            "recall": 0.5188337890513887,
            "f1": 0.505156962469454
        },
        {
            "mae": 57.06453702019769,
            "rmse": 68.61029855020374,
            "nete": 0.3,
            "precision": 0.5009979289218449,
            "recall": 0.599945744225336,
            "f1": 0.5504718365735903
        },
        {
            "mae": 55.981702433454274,
            "rmse": 68.33912532607951,
            "nete": 0.3,
            "precision": 0.5255994963324561,
            "recall": 0.5719465641412443,
            "f1": 0.5487730302368502
        },
        {
            "mae": 54.50287362642484,
            "rmse": 63.47944472647795,
            "nete": 0.3,
            "precision": 0.5349280688872776,
            "recall": 0.577478182338969,
            "f1": 0.5562031256131232
        },
        {
            "mae": 51.96821655289987,
            "rmse": 64.429913404837,
            "nete": 0.3,
            "precision": 0.5589900328085735,
            "recall": 0.5734226378467504,
            "f1": 0.566206335327662
        },
        {
            "mae": 51.96551400497074,
            "rmse": 59.99384361895461,
            "nete": 0.3,
            "precision": 0.5321068546234062,
            "recall": 0.6505457674674803,
            "f1": 0.5913263110454433
        },
        {
            "mae": 50.722792937702145,
            "rmse": 62.838597664988264,
            "nete": 0.3,
            "precision": 0.5828864695694059,
            "recall": 0.6316592416463555,
            "f1": 0.6072728556078807
        },
        {
            "mae": 48.269790114874354,
            "rmse": 57.22139041378802,
            "nete": 0.3,
            "precision": 0.5513013236057753,
            "recall": 0.6574596982572106,
            "f1": 0.604380510931493
        },
        {
            "mae": 47.24701600481056,
            "rmse": 58.70940175778404,
            "nete": 0.3,
            "precision": 0.6110658527535522,
            "recall": 0.6438236407095663,
            "f1": 0.6274447467315591
        },
        {
            "mae": 46.27840387636722,
            "rmse": 58.414031338095846,
            "nete": 0.3,
            "precision": 0.6139705472949103,
            "recall": 0.6764793596888089,
            "f1": 0.6452249534918596
        },
        {
            "mae": 43.522973249735266,
            "rmse": 52.569476471346775,
            "nete": 0.3,
            "precision": 0.6136084006632747,
            "recall": 0.6988863647726664,
            "f1": 0.6562473827179706
        },
        {
            "mae": 41.74387523892456,
            "rmse": 48.615050321070164,
            "nete": 0.3,
            "precision": 0.6554232623354591,
            "recall": 0.6715883107330234,
            "f1": 0.6635057865342413
        },
        {
            "mae": 42.258525372208474,
            "rmse": 52.9769390939653,
            "nete": 0.3,
            "precision": 0.6316107367771854,
            "recall": 0.7097302202174489,
            "f1": 0.6706704784973171
        },
        {
            "mae": 41.062916820083714,
            "rmse": 48.9331827990796,
            "nete": 0.3,
            "precision": 0.6983906589234613,
            "recall": 0.682351560446746,
            "f1": 0.6903711096851036
        },
        {
            "mae": 39.6676645785265,
            "rmse": 47.19619153566138,
            "nete": 0.3,
            "precision": 0.6518402828856907,