{
    "timestamp": "20250322_185319",
    "house_number": 1,
    "results": {
        "Fridge": {
            "model_path": "models/tcn/house1_20250322_185319\\Fridge\\tcn_model_best.pth",
            "final_metrics": {
                "mae": 19.8075798472458,
                "rmse": 23.957066104481772,
                "nete": 0.18714196911565886,
                "precision": 0.7932410462375794,
                "recall": 0.891184803478631,
                "f1": 0.8422129248581052
            }
        },
        "Dishwasher": {
            "model_path": "models/tcn/house1_20250322_185319\\Dishwasher\\tcn_model_best.pth",
            "final_metrics": {
                "mae": 22.44987355020978,
                "rmse": 25.05132579805938,
                "nete": 0.22303266857175413,
                "precision": 0.8349809664907035,
                "recall": 0.8961069925847085,
                "f1": 0.865543979537706
            }
        },
        "Microwave": {
            "model_path": "models/tcn/house1_20250322_185319\\Microwave\\tcn_model_best.pth",
            "final_metrics": {
                "mae": 24.216173729772823,
                "rmse": 29.21955725501759,
                "nete": 0.24124874879466648,
                "precision": 0.8854797159516854,
                "recall": 0.9362581959539321,
                "f1": 0.9108689559528087
            }
        },
        "Washer_Dryer": {
            "model_path": "models/tcn/house1_20250322_185319\\Washer_Dryer\\tcn_model_best.pth",
            "final_metrics": {
                "mae": 26.14365712099799,
                "rmse": 32.06214490890533,
                "nete": 0.25458609558139017,
                "precision": 0.8924107496001884,
                "recall": 1.0,
                "f1": 0.9591339599424943
            }
        },
        "Kettle": {
            "model_path": "models/tcn/house1_20250322_185319\\Kettle\\tcn_model_best.pth",
            "final_metrics": {
                "mae": 17.267108515291422,
                "rmse": 22.810746168675703,
                "nete": 0.17395518793104267,
                "precision": 0.7543159633076844,
                "recall": 0.8116692034703471,
                "f1": 0.7829925833890158
            }
        }
    }
}