{
    "building_number": 1,
    "meter_number": 10,
    "meter_name": "Meter_10",
    "window_size": 100,
    "model_params": {
        "input_size": 1,
        "hidden_size": 128,
        "num_layers": 2,
        "output_size": 1,
        "bidirectional": true
    },
    "train_params": {
        "lr": 0.001,
        "epochs": 10,
        "patience": 3
    },
    "final_metrics": {
        "train_loss": 0.09909465795880787,
        "val_loss": 0.108269796089184,
        "test_loss": 0.5144487935128875,
        "test_metrics": {
            "mae": 0.08593614399433136,
            "rmse": 0.7176674008369446,
            "nete": 0.6447919011116028,
            "precision": 0.6661341853035144,
            "recall": 0.9788732394366197,
            "f1": 0.7927756653992395
        }
    }
}