{
    "train_loss": [
        0.05463412537483237,
        0.051485881240678384,
        0.04894249632980663,
        0.048010447176357704,
        0.0467922035093363,
        0.04487608879261728,
        0.04202446961532241,
        0.04199594731384826,
        0.03911692845053537,
        0.03877007526992074,
        0.03644877458946451,
        0.034368573369364955,
        0.031534564002436836,
        0.031122024633089426,
        0.02900340238302423,
        0.028075490213531628,
        0.02537262639025231,
        0.023300208654066644,
        0.021994000097104397,
        0.021246048785880028,
        0.020092109271168623,
        0.0194029737571842,
        0.017226377417887948,
        0.017920620174795374,
        0.01722172266050984,
        0.015471746099254505,
        0.014707071996000184,
        0.013644519932790963,
        0.013711275691522078,
        0.012924889905831129,
        0.012022251999896543,
        0.011672014181769974,
        0.010637594938582755,
        0.010422976231167632,
        0.009914112717278826,
        0.010428615875787601,
        0.01201074352016649,
        0.010883446797285265,
        0.011821284408032056,
        0.01075049354789553,
        0.009286509135444437,
        0.00894029879836096,
        0.009470359789395045,
        0.009564208421178267,
        0.008838176773249802,
        0.007970251939657606,
        0.006588994175018784,
        0.00600110904969195,
        0.004544115146803459,
        0.009694437454480703
    ],
    "val_loss": [
        0.06109739595372497,
        0.05818851860170745,
        0.055308078154223506,
        0.052593348803297024,
        0.05233478345484712,
        0.04911989323224815,
        0.04748023968868363,
        0.046095744679540675,
        0.04307277487306214,
        0.04270857903341678,
        0.04164565019165927,
        0.04072902448893318,
        0.041449489995650034,
        0.0381828686171404,
        0.03750001450456919,
        0.03584365360173783,
        0.03318604488659279,
        0.032928003177889034,
        0.03391412823204133,
        0.03400255391620065,
        0.03100299301415475,
        0.026843243102450603,
        0.02434395956462503,
        0.025192330475633372,
        0.023113592439354836,
        0.01928785500372751,
        0.019422361829430114,
        0.018670217472509427,
        0.01756755450652915,
        0.017327059419435586,
        0.01807741327333762,
        0.016087376308093922,
        0.01566532435949397,
        0.017278497583137275,
        0.017773704385317515,
        0.016950540635953054,
        0.014913008013463439,
        0.014475434340702191,
        0.01441234862843366,
        0.013288018225290306,
        0.012730379897111087,
        0.011988028905343116,
        0.011943877778864798,
        0.013455407529681789,
        0.011280085611912292,
        0.010368764536640486,
        0.010114655388387444,
        0.008301164502176548,
        0.007959776470575436,
        0.010706879141198758
    ],
    "val_metrics": [
        {
            "mae": 64.76471907361272,
            "rmse": 79.86026032955361,
            "nete": 0.3,
            "precision": 0.5,
            "recall": 0.5,
            "f1": 0.4672043662267794
        },
        {
            "mae": 63.45348102827759,
            "rmse": 72.53658377251062,
            "nete": 0.3,
            "precision": 0.5,
            "recall": 0.5242310037876307,
            "f1": 0.5014368292000231
        },
        {
            "mae": 60.677967173461006,
            "rmse": 79.1118930032089,
            "nete": 0.3,
            "precision": 0.5,
            "recall": 0.5411960327876306,
            "f1": 0.5123236029830718
        },
        {
            "mae": 58.45804340659846,
            "rmse": 66.66589755897937,
            "nete": 0.3,
            "precision": 0.5,
            "recall": 0.5486280871659992,
            "f1": 0.5227318391362771
        },
        {
            "mae": 59.51276652694177,
            "rmse": 70.32199464470354,
            "nete": 0.3,
            "precision": 0.5333342278256198,
            "recall": 0.569435896639305,
            "f1": 0.5513850622324624
        },
        {
            "mae": 57.67470147864596,
            "rmse": 71.59729949742686,
            "nete": 0.3,
            "precision": 0.5417092030612889,
            "recall": 0.6150205537677704,
            "f1": 0.5783648784145297
        },
        {
            "mae": 55.25760252546779,
            "rmse": 66.204282262607,
            "nete": 0.3,
            "precision": 0.5853657777991389,
            "recall": 0.6236665780716424,
            "f1": 0.6045161779353906
        },
        {
            "mae": 53.6650586624003,
            "rmse": 65.00139100783734,
            "nete": 0.3,
            "precision": 0.5717170141055054,
            "recall": 0.6626516793996167,
            "f1": 0.617184346752561
        },
        {
            "mae": 52.246649420440136,
            "rmse": 62.69955182447483,
            "nete": 0.3,
            "precision": 0.6019597451863006,
            "recall": 0.6446679654431211,
            "f1": 0.6233138553147108
        },
        {
            "mae": 50.02659656976726,
            "rmse": 60.00336321357182,
            "nete": 0.3,
            "precision": 0.6154048447867705,
            "recall": 0.7037020171126684,
            "f1": 0.6595534309497194
        },
        {
            "mae": 48.67818897937928,
            "rmse": 58.78693723887969,
            "nete": 0.3,
            "precision": 0.6267398328500121,
            "recall": 0.6988665758362751,
            "f1": 0.6628032043431435
        },
        {
            "mae": 47.33208089016845,
            "rmse": 54.909839002499744,
            "nete": 0.3,
            "precision": 0.668639543743661,
            "recall": 0.7103582463146796,
            "f1": 0.6894988950291703
        },
        {
            "mae": 46.40182194521867,
            "rmse": 57.05894538992151,
            "nete": 0.3,
            "precision": 0.6700643599420818,
            "recall": 0.727381838141854,
            "f1": 0.6987230990419679
        },
        {
            "mae": 46.49149700873914,
            "rmse": 55.43567110979827,
            "nete": 0.3,
            "precision": 0.682377425884048,
            "recall": 0.7352469049876603,
            "f1": 0.7088121654358541
        },
        {
            "mae": 43.95390468786123,
            "rmse": 52.587280858076916,
            "nete": 0.3,
            "precision": 0.6856853259602205,
            "recall": 0.7507836423985328,
            "f1": 0.7182344841793766
        },
        {
            "mae": 42.51906386757295,
            "rmse": 50.257196500610696,
            "nete": 0.3,
            "precision": 0.7145529923592767,
            "recall": 0.7750330733140902,
            "f1": 0.7447930328366834
        },
        {
            "mae": 41.617526231012356,
            "rmse": 50.81611837470694,
            "nete": 0.3,
            "precision": 0.7011065553020251,
            "recall": 0.7851776675796839,
            "f1": 0.7431421114408545
        },
        {
            "mae": 39.671059880293555,
            "rmse": 46.49003502163442,
            "nete": 0.3,
            "precision": 0.7102549423256089,
            "recall": 0.8111831092247747,
            "f1": 0.7607190257751919
        },
        {
            "mae": 38.008486365038266,
            "rmse": 42.92625424670177,
            "nete": 0.3,
            "precision": 0.7491571778407586,
            "recall": 0.7940759901309784,
            "f1": 0.7716165839858685
        },
        {
            "mae": 38.167746165422905,
            "rmse": 45.79754198710938,
            "nete": 0.3,
            "precision": 0.7202618496640825,
            "recall": 0.8313303341477425,
            "f1": 0.7757960919059125
        },
        {
            "mae": 37.14923537215577,
            "rmse": 46.30952675124787,