{
    "timestamp": "20250322_190924",
    "house_number": 2,
    "results": {
        "Fridge": {
            "model_path": "models/transformer/house2_20250322_190924\\Fridge\\transformer_model_best.pth",
            "final_metrics": {
                "mae": 18.640235957840176,
                "rmse": 23.22670209466549,
                "nete": 0.17974008801628172,
                "precision": 0.815537207473103,
                "recall": 0.9082283769266705,
                "f1": 0.8618827921998867
            }
        },
        "Dishwasher": {
            "model_path": "models/transformer/house2_20250322_190924\\Dishwasher\\transformer_model_best.pth",
            "final_metrics": {
                "mae": 22.25971900358188,
                "rmse": 26.535481354386548,
                "nete": 0.2178896877224509,
                "precision": 0.8290660814605783,
                "recall": 0.9471546616820223,
                "f1": 0.8881103715713002
            }
        },
        "Microwave": {
            "model_path": "models/transformer/house2_20250322_190924\\Microwave\\transformer_model_best.pth",
            "final_metrics": {
                "mae": 22.721483794123326,
                "rmse": 26.312245922842905,
                "nete": 0.22311865362272656,
                "precision": 0.9086985313737765,
                "recall": 1.0,
                "f1": 0.9609991587376884
            }
        },
        "Washer_Dryer": {
            "model_path": "models/transformer/house2_20250322_190924\\Washer_Dryer\\transformer_model_best.pth",
            "final_metrics": {
                "mae": 25.319918723952302,
                "rmse": 32.344082949450126,
                "nete": 0.24828578100861742,
                "precision": 0.9339223194868038,
                "recall": 1.0,
                "f1": 0.9674419419733529
            }
        },
        "Kettle": {
            "model_path": "models/transformer/house2_20250322_190924\\Kettle\\transformer_model_best.pth",
            "final_metrics": {
                "mae": 17.421970266127232,
                "rmse": 20.083232872029633,
                "nete": 0.17092234490378078,
                "precision": 0.7865328739020769,
                "recall": 0.8628760278177006,
                "f1": 0.8247044508598889
            }
        }
    }
}