{
    "timestamp": "20250322_185851",
    "house_number": 1,
    "results": {
        "Fridge": {
            "model_path": "models/resnet/house1_20250322_185851\\Fridge\\resnet_model_best.pth",
            "final_metrics": {
                "mae": 19.905199542202993,
                "rmse": 22.86058304135855,
                "nete": 0.19901665337999264,
                "precision": 0.7616959848984934,
                "recall": 0.849542791702024,
                "f1": 0.8056193883002587
            }
        },
        "Dishwasher": {
            "model_path": "models/resnet/house1_20250322_185851\\Dishwasher\\resnet_model_best.pth",
            "final_metrics": {
                "mae": 24.43061684795388,
                "rmse": 27.882612396351263,
                "nete": 0.24051827162268125,
                "precision": 0.8108504833212965,
                "recall": 0.8980247641958473,
                "f1": 0.8544376237585719
            }
        },
        "Microwave": {
            "model_path": "models/resnet/house1_20250322_185851\\Microwave\\resnet_model_best.pth",
            "final_metrics": {
                "mae": 25.839156506242485,
                "rmse": 33.30716230521888,
                "nete": 0.27048389138242745,
                "precision": 0.8650314993711292,
                "recall": 0.9432717434565244,
                "f1": 0.9041516214138269
            }
        },
        "Washer_Dryer": {
            "model_path": "models/resnet/house1_20250322_185851\\Washer_Dryer\\resnet_model_best.pth",
            "final_metrics": {
                "mae": 27.73815768286814,
                "rmse": 31.083401627363678,
                "nete": 0.27790394157295734,
                "precision": 0.8898981469716881,
                "recall": 1.0,
                "f1": 0.9543495376037275
            }
        },
        "Kettle": {
            "model_path": "models/resnet/house1_20250322_185851\\Kettle\\resnet_model_best.pth",
            "final_metrics": {
                "mae": 19.03207890442414,
                "rmse": 22.755965860075907,
                "nete": 0.18391170321898437,
                "precision": 0.733793225756699,
                "recall": 0.8356767719610969,
                "f1": 0.784734998858898
            }
        }
    }
}