{
    "train_loss": [
        0.044396116760916406,
        0.043151884557025566,
        0.041229772196427504,
        0.038735352744808,
        0.03655449177595362,
        0.03393403548078167,
        0.03086858246886687,
        0.029059983429646344,
        0.028306070437736836,
        0.025329126139613252,
        0.02494531294900212,
        0.023931322335121526,
        0.0225503225351776,
        0.024133510609064192,
        0.021556823826063,
        0.021637233461593013,
        0.019986919263181663,
        0.01844675335979744,
        0.015292794460507237,
        0.012718458444755422,
        0.01189104841155108,
        0.011471537620261995,
        0.011862911975252874,
        0.010531785668702779,
        0.011886693032745458,
        0.011435669863255065,
        0.010861201916745751,
        0.009893799351860551,
        0.00866315808377843,
        0.008724868689368365,
        0.008127762110967766,
        0.00768844527987797,
        0.006992227267617711,
        0.006672706855606926,
        0.005721218137830406,
        0.005624851437153303,
        0.005483882604887323,
        0.006613522808492665,
        0.005689522340246284,
        0.004853822006540782,
        0.0033706236192651293,
        0.001,
        0.001,
        0.001,
        0.001,
        0.001,
        0.001,
        0.001,
        0.001,
        0.00793572510371413
    ],
    "val_loss": [
        0.04861592259896223,
        0.047309478784876846,
        0.049049209033087245,
        0.045172805707676754,
        0.04161989930614179,
        0.039248617889859665,
        0.038067827680700876,
        0.03889133556563644,
        0.035634817954587984,
        0.037250105452706885,
        0.035289906101869606,
        0.034834969868447724,
        0.034164521410689326,
        0.03392604486601241,
        0.03162848700783455,
        0.026873412577487047,
        0.0251367769240319,
        0.023667055296986452,
        0.02132544779742385,
        0.020234239265635282,
        0.015892260894166885,
        0.015734795497098022,
        0.014456057574015517,
        0.014724399263329595,
        0.014481027684382732,
        0.0159208797139283,
        0.014399689861665198,
        0.012900931370785771,
        0.014921822372654601,
        0.011161112123836784,
        0.010534150216516155,
        0.010072867543871869,
        0.009341838630998597,
        0.009006342198387272,
        0.009728551307261787,
        0.00997754231199749,
        0.0096242457623102,
        0.009504313841875793,
        0.007973998457258599,
        0.009869306973430587,
        0.007693323619056383,
        0.007114094258233073,
        0.010225279575159466,
        0.011565548727673378,
        0.012565451609388503,
        0.010440161170326808,
        0.008175786277659478,
        0.005447615787156564,
        0.007661247144714789,
        0.010356995255835439
    ],
    "val_metrics": [
        {
            "mae": 49.033779103855494,
            "rmse": 56.65838399069626,
            "nete": 0.3,
            "precision": 0.5,
            "recall": 0.5,
            "f1": 0.4253698060301754
        },
        {
            "mae": 46.92980711572865,
            "rmse": 53.940196845577546,
            "nete": 0.3,
            "precision": 0.5,
            "recall": 0.5007507182596383,
            "f1": 0.46103511336680425
        },
        {
            "mae": 46.53154159841097,
            "rmse": 55.54492456046502,
            "nete": 0.3,
            "precision": 0.5,
            "recall": 0.5,
            "f1": 0.4722606713624298
        },
        {
            "mae": 44.77042037457581,
            "rmse": 53.11819578858796,
            "nete": 0.3,
            "precision": 0.5,
            "recall": 0.5182603850336807,
            "f1": 0.47786166171352756
        },
        {
            "mae": 43.98873271962322,
            "rmse": 50.89458652855359,
            "nete": 0.3,
            "precision": 0.5,
            "recall": 0.519977879743033,
            "f1": 0.5065716461105438
        },
        {
            "mae": 42.25332294972178,
            "rmse": 49.28856260159911,
            "nete": 0.3,
            "precision": 0.5,
            "recall": 0.5361604232314403,
            "f1": 0.514033086759889
        },
        {
            "mae": 40.613307362174,
            "rmse": 48.965934968072325,
            "nete": 0.3,
            "precision": 0.5232697778226914,
            "recall": 0.5543277508149328,
            "f1": 0.538798764318812
        },
        {
            "mae": 39.91444252430742,
            "rmse": 46.569977197850335,
            "nete": 0.3,
            "precision": 0.5335343293890492,
            "recall": 0.5600111841847093,
            "f1": 0.5467727567868792
        },
        {
            "mae": 39.44382809539588,
            "rmse": 45.04237507915499,
            "nete": 0.3,
            "precision": 0.5107270348053689,
            "recall": 0.5980953168437181,
            "f1": 0.5544111758245435
        },
        {
            "mae": 36.5875830545383,
            "rmse": 44.60949945040638,
            "nete": 0.3,
            "precision": 0.5430552879015537,
            "recall": 0.6006841343777335,
            "f1": 0.5718697111396436
        },
        {
            "mae": 37.13773819738479,
            "rmse": 47.22922326833267,
            "nete": 0.3,
            "precision": 0.5510259391697672,
            "recall": 0.6041426100991342,
            "f1": 0.5775842746344506
        },
        {
            "mae": 35.07783374398139,
            "rmse": 42.56564521395906,
            "nete": 0.3,
            "precision": 0.580820694422638,
            "recall": 0.6643897402503333,
            "f1": 0.6226052173364856
        },
        {
            "mae": 34.961004889873564,
            "rmse": 46.22249902849938,
            "nete": 0.3,
            "precision": 0.5900683043304548,
            "recall": 0.6657290552076541,
            "f1": 0.6278986797690544
        },
        {
            "mae": 33.04879696514375,
            "rmse": 36.65922092198761,
            "nete": 0.3,
            "precision": 0.5834832740946249,
            "recall": 0.6886515050512723,
            "f1": 0.6360673895729485
        },
        {
            "mae": 32.531130244025306,
            "rmse": 37.39653617047242,
            "nete": 0.3,
            "precision": 0.621924807844616,
            "recall": 0.6634461827518978,
            "f1": 0.6426854952982569
        },
        {
            "mae": 32.21324027884693,
            "rmse": 38.981351598294424,
            "nete": 0.3,
            "precision": 0.6190479795041541,
            "recall": 0.675215278644388,
            "f1": 0.6471316290742711
        },
        {
            "mae": 31.801097355727,
            "rmse": 38.965123419277845,
            "nete": 0.3,
            "precision": 0.6487819693056125,
            "recall": 0.689267671757691,
            "f1": 0.6690248205316517
        },
        {
            "mae": 30.064785076185927,
            "rmse": 35.88951756864957,
            "nete": 0.29895405172627165,
            "precision": 0.6350020243224616,
            "recall": 0.7132612572710199,
            "f1": 0.6741316407967407
        },
        {
            "mae": 29.358515548047365,
            "rmse": 34.98211051279476,
            "nete": 0.292856991892772,
            "precision": 0.6817390180561443,
            "recall": 0.7608179821127663,
            "f1": 0.7212785000844554
        },
        {
            "mae": 27.384894421827564,
            "rmse": 31.578631696153508,
            "nete": 0.26899573616292205,
            "precision": 0.6568350463375078,
            "recall": 0.7512845352474112,
            "f1": 0.7040597907924595
        },
        {
            "mae": 27.8838958876238,
            "rmse": 34.52119477224492,
            "nete": 0.27698943655336017,
            "precision": 0.6510443497965759,