{
    "train_loss": [
        0.058251668386960234,
        0.05694595417665203,
        0.051801890614565534,
        0.04994545785984947,
        0.0479182939942269,
        0.04571157093688371,
        0.04378679517861425,
        0.04440513878988657,
        0.043695214205965095,
        0.042223046945455464,
        0.04010560145777662,
        0.03779842577078098,
        0.03640092939181191,
        0.03634553822237037,
        0.033625502046491514,
        0.03295434869082885,
        0.03339774855890932,
        0.0321469600964066,
        0.030528045576959324,
        0.029505018469055386,
        0.02886015058161561,
        0.027168263193273843,
        0.024947669372214817,
        0.023641676416302895,
        0.02271762776721454,
        0.02125610418669676,
        0.02200766154262662,
        0.020932020810523696,
        0.019078383805368804,
        0.01859462869782943,
        0.018421827898169138,
        0.01773028315307138,
        0.017746554539571757,
        0.016575996457019782,
        0.01611434076507664,
        0.015567808284955654,
        0.014726551960572572,
        0.014033712099257635,
        0.014554034128728096,
        0.014519553728124536,
        0.013425326228679809,
        0.010704082914995198,
        0.009201014095589974,
        0.0113949666146919,
        0.011073117162903599,
        0.010154684333872852,
        0.01085203747742842,
        0.009534080211047236,
        0.007522354557470324,
        0.014360923177545766
    ],
    "val_loss": [
        0.06316425180630825,
        0.06179325188548464,
        0.05950215895215359,
        0.05467569650475406,
        0.052314208693938255,
        0.049997149483727896,
        0.05057174298574603,
        0.04894853326501031,
        0.047879974916263356,
        0.046334199292728244,
        0.04423739673957384,
        0.04168834705932003,
        0.04230795791025594,
        0.042044535159944836,
        0.040218677333607115,
        0.03826735244652293,
        0.03706763598685479,
        0.0359461562633767,
        0.034320153181379695,
        0.03568276872368793,
        0.03612032925591736,
        0.034736786372313075,
        0.03175656953077159,
        0.03341394179163613,
        0.03392537663340702,
        0.029460369815074446,
        0.028665081999641802,
        0.028782892754225093,
        0.02713446167557403,
        0.02528054158328355,
        0.022990271287764093,
        0.021045903042660796,
        0.020859027984077887,
        0.02220175561106103,
        0.02145332580703711,
        0.021746306038999935,
        0.0198876553429412,
        0.018074245982555057,
        0.0172817358351645,
        0.017266400982884105,
        0.0160965925401138,
        0.0158855642662894,
        0.014555516885723185,
        0.014390387748573628,
        0.01601814418892691,
        0.016066853620416124,
        0.020780560039404303,
        0.02197239395095085,
        0.021908766723825995,
        0.02025547181741578
    ],
    "val_metrics": [
        {
            "mae": 73.27662310512447,
            "rmse": 85.29662648519002,
            "nete": 0.3,
            "precision": 0.5,
            "recall": 0.5,
            "f1": 0.44489026461448733
        },
        {
            "mae": 71.98895904590442,
            "rmse": 85.39415883003878,
            "nete": 0.3,
            "precision": 0.5,
            "recall": 0.5,
            "f1": 0.47200300205824863
        },
        {
            "mae": 68.68711687422011,
            "rmse": 78.93375046284123,
            "nete": 0.3,
            "precision": 0.5,
            "recall": 0.5067129988534814,
            "f1": 0.46973501091099695
        },
        {
            "mae": 68.07802100924499,
            "rmse": 79.74083755658609,
            "nete": 0.3,
            "precision": 0.5,
            "recall": 0.5281441616694961,
            "f1": 0.500863273455463
        },
        {
            "mae": 67.0163284124053,
            "rmse": 77.89696929655506,
            "nete": 0.3,
            "precision": 0.5,
            "recall": 0.5323180476727549,
            "f1": 0.49575884409227866
        },
        {
            "mae": 64.00679777088689,
            "rmse": 77.63362966351322,
            "nete": 0.3,
            "precision": 0.5,
            "recall": 0.5431099800724922,
            "f1": 0.5120663043080345
        },
        {
            "mae": 62.24159326950637,
            "rmse": 72.86447461250157,
            "nete": 0.3,
            "precision": 0.517047217400079,
            "recall": 0.597965738068064,
            "f1": 0.5575064777340715
        },
        {
            "mae": 60.19194238560533,
            "rmse": 71.34061497634958,
            "nete": 0.3,
            "precision": 0.5185296002026923,
            "recall": 0.555184965003152,
            "f1": 0.5368572826029221
        },
        {
            "mae": 60.567420265112716,
            "rmse": 75.2559949025447,
            "nete": 0.3,
            "precision": 0.5496568682548908,
            "recall": 0.6199242427747682,
            "f1": 0.5847905555148295
        },
        {
            "mae": 57.50596233106912,
            "rmse": 68.31228076787097,
            "nete": 0.3,
            "precision": 0.5830388823883784,
            "recall": 0.6136264277520425,
            "f1": 0.5983326550702105
        },
        {
            "mae": 56.12115372097268,
            "rmse": 68.58237694611257,
            "nete": 0.3,
            "precision": 0.5336287793274218,
            "recall": 0.6510963183163888,
            "f1": 0.5923625488219053
        },
        {
            "mae": 54.453188487051825,
            "rmse": 64.62903055927852,
            "nete": 0.3,
            "precision": 0.6107280653359368,
            "recall": 0.6295948189871639,
            "f1": 0.6201614421615504
        },
        {
            "mae": 51.68300475581739,
            "rmse": 62.712731367578165,
            "nete": 0.3,
            "precision": 0.5999320183174535,
            "recall": 0.6439392173919736,
            "f1": 0.6219356178547136
        },
        {
            "mae": 51.52497326379472,
            "rmse": 59.24182799194353,
            "nete": 0.3,
            "precision": 0.628167754184926,
            "recall": 0.6811780524505651,
            "f1": 0.6546729033177455
        },
        {
            "mae": 48.72614383794322,
            "rmse": 54.728450537328335,
            "nete": 0.3,
            "precision": 0.6421784182656357,
            "recall": 0.7229338059794506,
            "f1": 0.6825561121225432
        },
        {
            "mae": 48.172622027276184,
            "rmse": 57.95164411705341,
            "nete": 0.3,
            "precision": 0.6149120324656394,
            "recall": 0.7117443302578219,
            "f1": 0.6633281813617307
        },
        {
            "mae": 45.532520679653096,
            "rmse": 51.018803048280894,
            "nete": 0.3,
            "precision": 0.6204097911997962,
            "recall": 0.7733910377069312,
            "f1": 0.6969004144533637
        },
        {
            "mae": 44.541380264654926,
            "rmse": 57.31494941534763,
            "nete": 0.3,
            "precision": 0.6596033526070825,
            "recall": 0.7564348566760579,
            "f1": 0.7080191046415701
        },
        {
            "mae": 44.16473700214001,
            "rmse": 49.36135578534374,
            "nete": 0.3,
            "precision": 0.687277227933852,
            "recall": 0.7377250033300079,
            "f1": 0.71250111563193
        },
        {
            "mae": 42.893168248813765,
            "rmse": 51.664157115124134,
            "nete": 0.3,
            "precision": 0.6563866538226086,
            "recall": 0.7622618153656017,
            "f1": 0.7093242345941051
        },
        {
            "mae": 42.1857455224936,
            "rmse": 52.6672136294131,
            "nete": 0.3,
            "precision": 0.6745784996462141,