{
    "train_loss": [
        0.043006370382097155,
        0.03946134256773567,
        0.03737757192864064,
        0.03519814636741529,
        0.032282317271877956,
        0.030402772275424192,
        0.029052235767435496,
        0.027794924849905176,
        0.02527025905073912,
        0.024642409880441567,
        0.024321031165292578,
        0.022610325149377844,
        0.022300824543820413,
        0.01955178461449468,
        0.019078718789012523,
        0.017283203758932993,
        0.013918404954542957,
        0.014383902208081029,
        0.013581457247416608,
        0.013643768912481744,
        0.012039794113331866,
        0.011564229670403818,
        0.01253281965968023,
        0.012118481313880604,
        0.011062661844160396,
        0.011045256959314569,
        0.011057247657439264,
        0.010960259407488038,
        0.008887158754074965,
        0.008551224896589722,
        0.00834339959622885,
        0.007964540489700358,
        0.007771595126254669,
        0.008821825139726637,
        0.008101558619209012,
        0.00787422455699797,
        0.00695328146915836,
        0.0066667219234414505,
        0.007278833241964822,
        0.0070565579297687826,
        0.006809962644030876,
        0.007344020785572119,
        0.005183995628202606,
        0.003899292756828502,
        0.003281227529147397,
        0.0034737618388744743,
        0.004004000580610495,
        0.004456640283610746,
        0.004897701270181053,
        0.006541992377140362
    ],
    "val_loss": [
        0.048442766059813784,
        0.04806867258805391,
        0.04368205600929519,
        0.03999568030257856,
        0.03792872739815935,
        0.03672542104068045,
        0.03680691647855662,
        0.03563132574992607,
        0.03345691228266771,
        0.02928690056405637,
        0.027852211085318074,
        0.025740841406846737,
        0.025540911933026968,
        0.025166257359410096,
        0.02593230413333696,
        0.025745026547075958,
        0.022490367865433274,
        0.021873680008276965,
        0.019481895710144453,
        0.01796076608930049,
        0.017512047589075742,
        0.01820522642082258,
        0.016069312715780774,
        0.014724405379574635,
        0.013615794936368416,
        0.013597519807280297,
        0.013610110040311228,
        0.013511336050103814,
        0.012429922413044418,
        0.012237891175641882,
        0.01122169385643559,
        0.010431320431213587,
        0.010160174882567402,
        0.01126291639671297,
        0.010506636550169464,
        0.010267935784847868,
        0.01031462523464674,
        0.010507515552199202,
        0.011576954645286772,
        0.011851615146249151,
        0.009878612132617298,
        0.009711221824850725,
        0.008715069297244011,
        0.008552877819579795,
        0.008900674086898609,
        0.006486770710290685,
        0.00757608751911465,
        0.006679472297791284,
        0.007142586333690106,
        0.010149512895109548
    ],
    "val_metrics": [
        {
            "mae": 46.93136524867418,
            "rmse": 54.87434689099197,
            "nete": 0.3,
            "precision": 0.5,
            "recall": 0.5,
            "f1": 0.44598339369461654
        },
        {
            "mae": 45.53330671024653,
            "rmse": 56.26513461338995,
            "nete": 0.3,
            "precision": 0.5,
            "recall": 0.5151554769259545,
            "f1": 0.48182078766263375
        },
        {
            "mae": 44.503129968837285,
            "rmse": 51.54736018143557,
            "nete": 0.3,
            "precision": 0.5,
            "recall": 0.5,
            "f1": 0.477133324593736
        },
        {
            "mae": 43.193888359620466,
            "rmse": 50.354380367407884,
            "nete": 0.3,
            "precision": 0.5,
            "recall": 0.5336256938501626,
            "f1": 0.5058614183747355
        },
        {
            "mae": 42.36594669990983,
            "rmse": 48.475535393408975,
            "nete": 0.3,
            "precision": 0.5,
            "recall": 0.530406485739093,
            "f1": 0.5105996554397781
        },
        {
            "mae": 41.08361709756581,
            "rmse": 49.90022995937717,
            "nete": 0.3,
            "precision": 0.5105420808310651,
            "recall": 0.5820663082309799,
            "f1": 0.5463041945310225
        },
        {
            "mae": 39.59350495289773,
            "rmse": 50.70265868524661,
            "nete": 0.3,
            "precision": 0.5064497084682527,
            "recall": 0.5858831808818313,
            "f1": 0.5461664446750419
        },
        {
            "mae": 39.04311178643165,
            "rmse": 44.522057097934145,
            "nete": 0.3,
            "precision": 0.5471489867981858,
            "recall": 0.6203094967852477,
            "f1": 0.5837292417917167
        },
        {
            "mae": 37.30605622517157,
            "rmse": 48.019960400604184,
            "nete": 0.3,
            "precision": 0.5763643606180264,
            "recall": 0.5987429591204311,
            "f1": 0.5875536598692288
        },
        {
            "mae": 36.08593321205248,
            "rmse": 43.49199518020472,
            "nete": 0.3,
            "precision": 0.57637935264634,
            "recall": 0.6513754369634422,
            "f1": 0.6138773948048912
        },
        {
            "mae": 35.23139418166231,
            "rmse": 42.98979245388172,
            "nete": 0.3,
            "precision": 0.5759323462733015,
            "recall": 0.662592106918851,
            "f1": 0.6192622265960762
        },
        {
            "mae": 34.13659411434631,
            "rmse": 39.15214521749459,
            "nete": 0.3,
            "precision": 0.5997481314876112,
            "recall": 0.6691565968315729,
            "f1": 0.634452364159592
        },
        {
            "mae": 33.596521499995575,
            "rmse": 41.62574713831423,
            "nete": 0.3,
            "precision": 0.6638307801003476,
            "recall": 0.6683537898524115,
            "f1": 0.6660922849763795
        },
        {
            "mae": 31.8994283272196,
            "rmse": 38.90448492532749,
            "nete": 0.3,
            "precision": 0.6438442832198363,
            "recall": 0.7059143116219306,
            "f1": 0.6748792974208835
        },
        {
            "mae": 31.546706064859375,
            "rmse": 36.58872463765935,
            "nete": 0.3,
            "precision": 0.6338214348313425,
            "recall": 0.7088340562161562,
            "f1": 0.6713277455237493
        },
        {
            "mae": 30.31636611753185,
            "rmse": 36.472989686448365,
            "nete": 0.3,
            "precision": 0.6606035825547736,
            "recall": 0.7052174133287733,
            "f1": 0.6829104979417734
        },
        {
            "mae": 29.51965113899743,
            "rmse": 36.87356949368992,
            "nete": 0.2912630309187521,
            "precision": 0.6730563847076456,
            "recall": 0.7535087423348659,
            "f1": 0.7132825635212559
        },
        {
            "mae": 28.66596679416479,
            "rmse": 34.22359701943073,
            "nete": 0.2854722771580199,
            "precision": 0.6798477955999888,
            "recall": 0.7488156651453788,
            "f1": 0.7143317303726838
        },
        {
            "mae": 28.231993070494006,
            "rmse": 34.34258066263275,
            "nete": 0.2854982450930088,
            "precision": 0.7020875931117542,
            "recall": 0.7683517056770917,
            "f1": 0.7352196493944229
        },
        {
            "mae": 27.037094593944417,
            "rmse": 35.08616020334644,
            "nete": 0.2767312437545557,
            "precision": 0.7067783603724014,
            "recall": 0.7844588199930196,
            "f1": 0.7456185901827105
        },
        {
            "mae": 26.27266167279699,