{
    "train_loss": [
        0.06379497040205066,
        0.06209505235057537,
        0.06010887768984893,
        0.055946880744611814,
        0.05286452342543321,
        0.051080220966894345,
        0.05102194055495258,
        0.04773000615827248,
        0.045779023036692006,
        0.046844036964558196,
        0.04499232196664089,
        0.04151440771137646,
        0.039710852024607966,
        0.03808055145540976,
        0.037092172981093005,
        0.03751702943966698,
        0.03610277904497738,
        0.03375874493725696,
        0.0321196736438781,
        0.029544910358321852,
        0.028595476080645613,
        0.027480101282251323,
        0.026487837964750342,
        0.02513227730933133,
        0.02576776999851739,
        0.024619950392837743,
        0.02349760254841673,
        0.023173850724293496,
        0.020654410896872973,
        0.020982245355860088,
        0.02170607968799649,
        0.02166992138556526,
        0.021426532068723383,
        0.021340312118118356,
        0.020353785107974903,
        0.019678138518443137,
        0.019113080378807323,
        0.017846012434079687,
        0.01810898959684379,
        0.01719318660925947,
        0.01671811329690671,
        0.015903037531949785,
        0.015537714098321085,
        0.016556135484223557,
        0.01797883779776841,
        0.015664916633356916,
        0.014307223141985815,
        0.013861520152031726,
        0.012661623743056608,
        0.018026561274162273
    ],
    "val_loss": [
        0.07108574255801117,
        0.06843128195275462,
        0.06703544065986763,
        0.0660825624103131,
        0.06262556122982071,
        0.05923583337325397,
        0.05557303758270021,
        0.05291040471558231,
        0.05021117535816468,
        0.05118623881278611,
        0.049241938064972936,
        0.0475638232259984,
        0.04426714671164061,
        0.04198457902818025,
        0.04105051575467969,
        0.04139288091165033,
        0.041208465288449576,
        0.040363107209002005,
        0.040044296797736384,
        0.03844960907714077,
        0.03860934874719504,
        0.037200695887452014,
        0.036159548837055654,
        0.03808500451298354,
        0.03641133452128889,
        0.034501700732319604,
        0.032770951072910864,
        0.03247342551897774,
        0.02891850167261965,
        0.02880668888427753,
        0.02847100852629572,
        0.027747113481584148,
        0.024758757419333373,
        0.024407327724024278,
        0.023371474363373647,
        0.023293265148688014,
        0.023821004222045354,
        0.02372370278151421,
        0.023609085388067077,
        0.02294566393144323,
        0.023739212802694566,
        0.02265715945972076,
        0.02235548155031825,
        0.019699382950325597,
        0.020877779687656833,
        0.021187898041429176,
        0.02169095128329472,
        0.020665208845826705,
        0.020578441071675578,
        0.02244384505147074
    ],
    "val_metrics": [
        {
            "mae": 88.66568754205308,
            "rmse": 108.62747004668414,
            "nete": 0.3,
            "precision": 0.5,
            "recall": 0.5,
            "f1": 0.46056747106573753
        },
        {
            "mae": 86.86760797278411,
            "rmse": 104.49572583266274,
            "nete": 0.3,
            "precision": 0.5,
            "recall": 0.5523066939597905,
            "f1": 0.5056841106162104
        },
        {
            "mae": 83.99273369499623,
            "rmse": 108.65442296250437,
            "nete": 0.3,
            "precision": 0.5118868172219675,
            "recall": 0.5341034439048034,
            "f1": 0.5229951305633853
        },
        {
            "mae": 81.2955362627384,
            "rmse": 94.41963609470203,
            "nete": 0.3,
            "precision": 0.5203198037795995,
            "recall": 0.5778814194411909,
            "f1": 0.5491006116103953
        },
        {
            "mae": 79.85150489504608,
            "rmse": 96.79187760311697,
            "nete": 0.3,
            "precision": 0.534045021589232,
            "recall": 0.5633318488720387,
            "f1": 0.5486884352306354
        },
        {
            "mae": 77.0621343365431,
            "rmse": 89.86623910415535,
            "nete": 0.3,
            "precision": 0.5423828657053305,
            "recall": 0.597329812625239,
            "f1": 0.5698563391652847
        },
        {
            "mae": 74.31828577533788,
            "rmse": 91.19400959804257,
            "nete": 0.3,
            "precision": 0.5468810018588849,
            "recall": 0.6141678169075822,
            "f1": 0.5805244093832335
        },
        {
            "mae": 71.5240863534973,
            "rmse": 90.9426813388728,
            "nete": 0.3,
            "precision": 0.5527216652103368,
            "recall": 0.6471250591877623,
            "f1": 0.5999233621990495
        },
        {
            "mae": 70.15311892105122,
            "rmse": 81.20973246670918,
            "nete": 0.3,
            "precision": 0.585068247224249,
            "recall": 0.6489325140385137,
            "f1": 0.6170003806313813
        },
        {
            "mae": 68.40615477857418,
            "rmse": 83.83056234086459,
            "nete": 0.3,
            "precision": 0.5731276440750946,
            "recall": 0.6596912710593326,
            "f1": 0.6164094575672137
        },
        {
            "mae": 66.98474777998605,
            "rmse": 81.09418220187027,
            "nete": 0.3,
            "precision": 0.6376002226132145,
            "recall": 0.6771047723895864,
            "f1": 0.6573524975014005
        },
        {
            "mae": 65.83292496239066,
            "rmse": 77.17614149493971,
            "nete": 0.3,
            "precision": 0.6626397480600117,
            "recall": 0.6996504045933912,
            "f1": 0.6811450763267015
        },
        {
            "mae": 62.66659062689228,
            "rmse": 70.5779060009043,
            "nete": 0.3,
            "precision": 0.6414525154677179,
            "recall": 0.7152835899635646,
            "f1": 0.6783680527156412
        },
        {
            "mae": 61.03643926899235,
            "rmse": 71.85342134527589,
            "nete": 0.3,
            "precision": 0.6639816172197942,
            "recall": 0.7141566998955314,
            "f1": 0.6890691585576627
        },
        {
            "mae": 61.01960033485658,
            "rmse": 76.24341673943056,
            "nete": 0.3,
            "precision": 0.6613177257330862,
            "recall": 0.730299488869095,
            "f1": 0.6958086073010907
        },
        {
            "mae": 58.06322928430746,
            "rmse": 71.99298567662251,
            "nete": 0.3,
            "precision": 0.6942474496821647,
            "recall": 0.7370390004626189,
            "f1": 0.7156432250723918
        },
        {
            "mae": 57.37682477510958,
            "rmse": 64.1309019696934,
            "nete": 0.3,
            "precision": 0.7115906627193337,
            "recall": 0.7431273077931333,
            "f1": 0.7273589852562334
        },
        {
            "mae": 53.13839887769543,
            "rmse": 63.176883548236155,
            "nete": 0.3,
            "precision": 0.6927763105304694,
            "recall": 0.7774544348690695,
            "f1": 0.7351153726997695
        },
        {
            "mae": 53.57909985244413,
            "rmse": 65.50234169871865,
            "nete": 0.3,
            "precision": 0.7248225926449958,
            "recall": 0.8116352321318594,
            "f1": 0.7682289123884276
        },
        {
            "mae": 52.23544358000124,
            "rmse": 65.33631591147565,
            "nete": 0.3,
            "precision": 0.7011248960103136,
            "recall": 0.7983692923026512,
            "f1": 0.7497470941564824
        },
        {
            "mae": 49.19850947716888,
            "rmse": 57.752610400213776,