{
    "train_loss": [
        0.05332744693566041,
        0.05117824610475131,
        0.04844236482087346,
        0.04901011099464734,
        0.04689817808196818,
        0.046807729539226156,
        0.04452664221625782,
        0.04302712542509987,
        0.03957806041755044,
        0.03752975480191475,
        0.03599253543322733,
        0.03379292344330668,
        0.032266873686936155,
        0.03232303720199688,
        0.03176776159458877,
        0.02919034978068527,
        0.025606273314921643,
        0.025097855658896755,
        0.0236588769141241,
        0.023023263917625155,
        0.021204398796686695,
        0.021059480690186275,
        0.018626679024642052,
        0.01813376202267931,
        0.018955943509534362,
        0.018182108529540202,
        0.01771618027967286,
        0.017346498149317408,
        0.014946508138890036,
        0.015525671090524126,
        0.014812865437819032,
        0.01481572594918396,
        0.01455631647397169,
        0.01591093845006246,
        0.016818786834001603,
        0.016648472505562673,
        0.013911258910025166,
        0.013398222783439613,
        0.012955347650452542,
        0.01332811436433955,
        0.012024280449134093,
        0.011116018882164716,
        0.010317283134730713,
        0.009931825098691735,
        0.009329313999786032,
        0.00942312604143877,
        0.007230950235048011,
        0.008460468461936174,
        0.007696598269685835,
        0.015441302200707713
    ],
    "val_loss": [
        0.059235077994105816,
        0.0571877212862634,
        0.053946124014699864,
        0.053652374489876406,
        0.0512430869860666,
        0.05114811601618747,
        0.04878733626758585,
        0.047987460876902546,
        0.04361184185828233,
        0.04140624254201049,
        0.039792162204888695,
        0.037482569615472014,
        0.037532167778033365,
        0.03640764457898417,
        0.035356149674318216,
        0.03705846770682237,
        0.03409841234574852,
        0.03311129590492103,
        0.032290629092536445,
        0.029303201571997832,
        0.028475332019178772,
        0.029163247569210002,
        0.029452126496887988,
        0.02633127843819527,
        0.025984265683723275,
        0.02424460255793345,
        0.024150936096665014,
        0.02485511524283998,
        0.025932813709562498,
        0.02334211423538003,
        0.020561790545028765,
        0.020453209896816354,
        0.020247307179698408,
        0.020187470384735375,
        0.019659726175701685,
        0.019480896130840808,
        0.020001860974427764,
        0.018947533501651532,
        0.01866694414393765,
        0.017578489504036766,
        0.014625494471590799,
        0.01625544683750424,
        0.014452235836800085,
        0.014290758101454207,
        0.014470756979025206,
        0.015267412073223428,
        0.013206469183558207,
        0.01435696950961789,
        0.012039077188156985,
        0.017656664127230316
    ],
    "val_metrics": [
        {
            "mae": 69.76573508975748,
            "rmse": 82.49436003199565,
            "nete": 0.3,
            "precision": 0.5,
            "recall": 0.5,
            "f1": 0.42233970870517684
        },
        {
            "mae": 68.20892699397893,
            "rmse": 81.24004306750368,
            "nete": 0.3,
            "precision": 0.5,
            "recall": 0.5,
            "f1": 0.4593843344409834
        },
        {
            "mae": 66.24276807837781,
            "rmse": 79.61807901314351,
            "nete": 0.3,
            "precision": 0.5,
            "recall": 0.5,
            "f1": 0.45378676582926913
        },
        {
            "mae": 63.8140649520347,
            "rmse": 70.80318154357283,
            "nete": 0.3,
            "precision": 0.5,
            "recall": 0.5,
            "f1": 0.45781598425508896
        },
        {
            "mae": 62.6740307880663,
            "rmse": 71.30455451933176,
            "nete": 0.3,
            "precision": 0.5,
            "recall": 0.5,
            "f1": 0.4910567163239937
        },
        {
            "mae": 60.75843735745228,
            "rmse": 75.21147596351216,
            "nete": 0.3,
            "precision": 0.5,
            "recall": 0.5311694516067271,
            "f1": 0.4904292160090262
        },
        {
            "mae": 59.88499193163039,
            "rmse": 74.64138942391548,
            "nete": 0.3,
            "precision": 0.5269706437886301,
            "recall": 0.5249058670449984,
            "f1": 0.5259382554168143
        },
        {
            "mae": 57.96036513273767,
            "rmse": 68.88425568649693,
            "nete": 0.3,
            "precision": 0.5141936831641555,
            "recall": 0.5535015701528535,
            "f1": 0.5338476266585045
        },
        {
            "mae": 56.44617445677672,
            "rmse": 65.6728973731615,
            "nete": 0.3,
            "precision": 0.5290545194792513,
            "recall": 0.5684323281379081,
            "f1": 0.5487434238085798
        },
        {
            "mae": 54.1855548636373,
            "rmse": 65.58738607594526,
            "nete": 0.3,
            "precision": 0.5,
            "recall": 0.596431672565733,
            "f1": 0.5454874577252176
        },
        {
            "mae": 52.61732841541243,
            "rmse": 60.23165917162743,
            "nete": 0.3,
            "precision": 0.533484300236632,
            "recall": 0.6009991362112721,
            "f1": 0.567241718223952
        },
        {
            "mae": 51.690304003523885,
            "rmse": 62.54360371872268,
            "nete": 0.3,
            "precision": 0.5531720065276458,
            "recall": 0.619124613007845,
            "f1": 0.5861483097677455
        },
        {
            "mae": 50.57970475068695,
            "rmse": 57.01296998545678,
            "nete": 0.3,
            "precision": 0.5797009577363943,
            "recall": 0.6084971879457073,
            "f1": 0.5940990728410508
        },
        {
            "mae": 48.318928546273206,
            "rmse": 58.90906457004022,
            "nete": 0.3,
            "precision": 0.5707928846390528,
            "recall": 0.6324842687494747,
            "f1": 0.6016385766942637
        },
        {
            "mae": 46.78813204631336,
            "rmse": 55.837712054510725,
            "nete": 0.3,
            "precision": 0.5914869401134576,
            "recall": 0.6696007750148303,
            "f1": 0.6305438575641439
        },
        {
            "mae": 45.61414597549389,
            "rmse": 57.12240743249189,
            "nete": 0.3,
            "precision": 0.6015326073656866,
            "recall": 0.6834985215868039,
            "f1": 0.6425155644762454
        },
        {
            "mae": 44.82897691173999,
            "rmse": 57.27331453991212,
            "nete": 0.3,
            "precision": 0.6274031915340523,
            "recall": 0.6749665090983292,
            "f1": 0.6511848503161908
        },
        {
            "mae": 42.353817613109634,
            "rmse": 52.01418277428622,
            "nete": 0.3,
            "precision": 0.6103311562892892,
            "recall": 0.7040589896163576,
            "f1": 0.6571950729528233
        },
        {
            "mae": 41.458626915468045,
            "rmse": 47.42832615704409,
            "nete": 0.3,
            "precision": 0.6635447868792881,
            "recall": 0.6979118673764588,
            "f1": 0.6807283271278733
        },
        {
            "mae": 41.24698499295102,
            "rmse": 50.1472100410842,
            "nete": 0.3,
            "precision": 0.6633081207140532,
            "recall": 0.7064626829112312,
            "f1": 0.6848854018126421
        },
        {
            "mae": 40.03312209024689,
            "rmse": 46.669351571378506,
            "nete": 0.3,
            "precision": 0.662495323487041,
            "recall": 0.7093330681411975,