{
    "train_loss": [
        0.04334182980849784,
        0.04290032081006313,
        0.042117695216076126,
        0.03944208569805208,
        0.03807862034953062,
        0.03688040270506886,
        0.03528858215473085,
        0.03216521983314097,
        0.03203676066106334,
        0.02892667536715531,
        0.028188198648100144,
        0.02533187626151709,
        0.024022788830459475,
        0.020572814712238905,
        0.020540675226104102,
        0.01911825862433902,
        0.016360950946145338,
        0.014655778583429546,
        0.015665124003489194,
        0.017302552122700474,
        0.017672961221276862,
        0.0158308467221045,
        0.014447292612801987,
        0.01448669054495991,
        0.015328771234500552,
        0.011614893199593725,
        0.011602075238569199,
        0.012656732039743386,
        0.012139054326469612,
        0.012256609493830088,
        0.012140716428424299,
        0.01254378231825474,
        0.012546696467253789,
        0.012058332436022232,
        0.01088773500762513,
        0.012080584141155783,
        0.011862024625663981,
        0.010857693280287059,
        0.009019077592991462,
        0.00897516338215043,
        0.0076460470546553146,
        0.007780654599446542,
        0.007143331589221328,
        0.008989725607844532,
        0.00832853290729632,
        0.007107210276474915,
        0.007394106520405075,
        0.006622359687503692,
        0.006957017984241332,
        0.011449223541332421
    ],
    "val_loss": [
        0.047508921298922736,
        0.04704533685056629,
        0.04622357997687994,
        0.04513877154139441,
        0.043354048252202994,
        0.041813401427627246,
        0.04064400478403619,
        0.039200925824320276,
        0.03809069198989808,
        0.03525843783562586,
        0.03159760858050515,
        0.029896344952242946,
        0.02948773680409233,
        0.026921218034102405,
        0.025351057325530245,
        0.024941953524569474,
        0.024294180066598156,
        0.021854901789503528,
        0.01869816966960556,
        0.0201676797288355,
        0.020556609282340703,
        0.01999926981825806,
        0.018371303106811853,
        0.017211025072207904,
        0.01809520979622558,
        0.017355879013949325,
        0.01681003485225452,
        0.016663638018674543,
        0.01493794616874356,
        0.014869439968521593,
        0.014747752249845515,
        0.015170971434167478,
        0.01517403129061648,
        0.014736961804109843,
        0.014332031986331982,
        0.014684613348213573,
        0.01445512585694718,
        0.013400577944301412,
        0.013016428476723104,
        0.012023376058514836,
        0.011732446070176436,
        0.011392508818458536,
        0.010349299380194505,
        0.01143921188823676,
        0.010744959552661136,
        0.010324620003702234,
        0.01262617649753307,
        0.013438718497857945,
        0.01141563523046684,
        0.013235640491144306
    ],
    "val_metrics": [
        {
            "mae": 54.95347832112736,
            "rmse": 71.03627081385612,
            "nete": 0.3,
            "precision": 0.5,
            "recall": 0.5,
            "f1": 0.40415375465014286
        },
        {
            "mae": 53.35300335830304,
            "rmse": 68.00906874571358,
            "nete": 0.3,
            "precision": 0.5,
            "recall": 0.5,
            "f1": 0.4132723821129048
        },
        {
            "mae": 51.785710077052514,
            "rmse": 63.92638422006192,
            "nete": 0.3,
            "precision": 0.5,
            "recall": 0.5,
            "f1": 0.4368153282540133
        },
        {
            "mae": 50.25732807868026,
            "rmse": 58.64230841736226,
            "nete": 0.3,
            "precision": 0.5,
            "recall": 0.5,
            "f1": 0.45265429352272374
        },
        {
            "mae": 49.2720126824608,
            "rmse": 59.49358155845587,
            "nete": 0.3,
            "precision": 0.5,
            "recall": 0.5,
            "f1": 0.4661996981378473
        },
        {
            "mae": 47.70714922320623,
            "rmse": 58.217105447311106,
            "nete": 0.3,
            "precision": 0.5,
            "recall": 0.5233955295486427,
            "f1": 0.5016145106886977
        },
        {
            "mae": 47.382173622284554,
            "rmse": 58.947374024755995,
            "nete": 0.3,
            "precision": 0.5012497204727315,
            "recall": 0.5158504449140164,
            "f1": 0.5085500826933739
        },
        {
            "mae": 45.34212142631357,
            "rmse": 54.19658039569868,
            "nete": 0.3,
            "precision": 0.5,
            "recall": 0.559702519850172,
            "f1": 0.503850690080346
        },
        {
            "mae": 43.53011178106158,
            "rmse": 51.58193312894878,
            "nete": 0.3,
            "precision": 0.5058503495278188,
            "recall": 0.5606886522820008,
            "f1": 0.5332695009049099
        },
        {
            "mae": 42.60605383889139,
            "rmse": 53.672090458314806,
            "nete": 0.3,
            "precision": 0.5302910491797694,
            "recall": 0.5525195589924684,
            "f1": 0.5414053040861189
        },
        {
            "mae": 42.15300650827026,
            "rmse": 52.087784307974054,
            "nete": 0.3,
            "precision": 0.5,
            "recall": 0.5684887954402058,
            "f1": 0.5313156133414269
        },
        {
            "mae": 41.01594829872716,
            "rmse": 48.827521728611096,
            "nete": 0.3,
            "precision": 0.5636818931399152,
            "recall": 0.5775909353417664,
            "f1": 0.5706364142408408
        },
        {
            "mae": 39.94138867770561,
            "rmse": 47.234090592178,
            "nete": 0.3,
            "precision": 0.5504013254405516,
            "recall": 0.6261870843693947,
            "f1": 0.5882942049049732
        },
        {
            "mae": 38.025197599179506,
            "rmse": 44.625841433660305,
            "nete": 0.3,
            "precision": 0.5648912018521054,
            "recall": 0.6036898448032492,
            "f1": 0.5842905233276773
        },
        {
            "mae": 37.53569406830925,
            "rmse": 45.192721134566796,
            "nete": 0.3,
            "precision": 0.580057712322475,
            "recall": 0.5952797207913173,
            "f1": 0.5876687165568961
        },
        {
            "mae": 36.60784839319127,
            "rmse": 42.02876451785222,
            "nete": 0.3,
            "precision": 0.5514484942969267,
            "recall": 0.6138636139140431,
            "f1": 0.5826560541054849
        },
        {
            "mae": 35.217877339876715,
            "rmse": 39.16709286697734,
            "nete": 0.3,
            "precision": 0.6032340362169633,
            "recall": 0.6181304490490783,
            "f1": 0.6106822426330207
        },
        {
            "mae": 33.55648567463029,
            "rmse": 41.82492361989472,
            "nete": 0.3,
            "precision": 0.5815530155257925,
            "recall": 0.6371126149921579,
            "f1": 0.6093328152589752
        },
        {
            "mae": 32.04476383513659,
            "rmse": 39.19885130763084,
            "nete": 0.3,
            "precision": 0.5905399182698179,
            "recall": 0.6849126193962122,
            "f1": 0.6377262688330151
        },
        {
            "mae": 32.613437152917875,
            "rmse": 38.17038950236403,
            "nete": 0.3,
            "precision": 0.6560704572087616,
            "recall": 0.6741850037069301,
            "f1": 0.6651277304578458
        },
        {
            "mae": 31.085373906054286,
            "rmse": 36.73932768858616,
            "nete": 0.3,
            "precision": 0.6510941120904501,
            "recall": 0.697737571693652,