{
    "train_loss": [
        0.06309868184286291,
        0.05993135774212075,
        0.057749649641654445,
        0.05415309761988007,
        0.051489242803430604,
        0.04877130675803911,
        0.04546947658611221,
        0.04500663315834505,
        0.04352432969750954,
        0.04194615397867838,
        0.04138748152104918,
        0.04079416825355498,
        0.0393901161034621,
        0.03772552571037235,
        0.036785815714016595,
        0.03484696283458021,
        0.0335945929100677,
        0.030041241071351137,
        0.02908040298115691,
        0.027432094233152512,
        0.025482249101638536,
        0.024285187999109573,
        0.023941231201711703,
        0.023171084908951336,
        0.022428347244874972,
        0.021102868339581256,
        0.01953287882340855,
        0.018567866825601808,
        0.017299163970830665,
        0.015275259262769196,
        0.014994330861212496,
        0.015247421461184182,
        0.01499088664124688,
        0.014742473142811909,
        0.01416391471728301,
        0.013545451668598836,
        0.013969149586547288,
        0.011986245394972428,
        0.011511208442394415,
        0.010256432457679966,
        0.010557315260017791,
        0.007680451963534027,
        0.007582569225541876,
        0.006574293333974686,
        0.0074842005583829465,
        0.00805225886557339,
        0.00676813522970137,
        0.00637666318000769,
        0.004871163578955048,
        0.01476908051329658
    ],
    "val_loss": [
        0.06825361593500606,
        0.0649279256292268,
        0.06388162757668396,
        0.058860752500874074,
        0.05606370494360214,
        0.05435949441111824,
        0.05293052287186413,
        0.05192898898812336,
        0.05269419075248342,
        0.05103568587001049,
        0.04918948336554985,
        0.04594598065271544,
        0.04582166906633734,
        0.043362969631075644,
        0.04112844710136115,
        0.04150371059336223,
        0.04160840475050088,
        0.03995772849284854,
        0.04167861825904733,
        0.03699161831807979,
        0.03668420416398269,
        0.03485133823049311,
        0.03330063879026209,
        0.03102982874953001,
        0.029291991551341816,
        0.029680929955869854,
        0.027255573152168415,
        0.026808536597928374,
        0.02392450451083202,
        0.024066968678801634,
        0.022971388268912343,
        0.023224504846431092,
        0.023116125643546263,
        0.021792413867866543,
        0.022111137784311098,
        0.021449275874894057,
        0.02278373999027488,
        0.020827204448826585,
        0.01978124605485949,
        0.01823978679675326,
        0.015545146711021508,
        0.014260477721308515,
        0.014560090002427943,
        0.01717236092124041,
        0.019499945523029402,
        0.017361786811904333,
        0.01723712809223643,
        0.017283301799680607,
        0.01907859777409745,
        0.019096307007950463
    ],
    "val_metrics": [
        {
            "mae": 76.10531605577624,
            "rmse": 84.2550560563878,
            "nete": 0.3,
            "precision": 0.5,
            "recall": 0.5023322448539321,
            "f1": 0.48629427659768215
        },
        {
            "mae": 76.15730615937566,
            "rmse": 90.56542333517112,
            "nete": 0.3,
            "precision": 0.5067524061125248,
            "recall": 0.5203786398846011,
            "f1": 0.513565522998563
        },
        {
            "mae": 73.21322469032155,
            "rmse": 87.48125970252373,
            "nete": 0.3,
            "precision": 0.5,
            "recall": 0.5152641017242525,
            "f1": 0.5006716137549031
        },
        {
            "mae": 70.9405436158221,
            "rmse": 87.77200804153551,
            "nete": 0.3,
            "precision": 0.5326735618931006,
            "recall": 0.5716759086081155,
            "f1": 0.552174735250608
        },
        {
            "mae": 68.97551723528684,
            "rmse": 81.13465531068952,
            "nete": 0.3,
            "precision": 0.5373189261303858,
            "recall": 0.5839488739234566,
            "f1": 0.5606339000269212
        },
        {
            "mae": 66.88761615577782,
            "rmse": 85.36741216632824,
            "nete": 0.3,
            "precision": 0.5438309063898706,
            "recall": 0.6211960835196806,
            "f1": 0.5825134949547756
        },
        {
            "mae": 65.39236146717974,
            "rmse": 77.84947386324787,
            "nete": 0.3,
            "precision": 0.5559431123527164,
            "recall": 0.6224420904354684,
            "f1": 0.5891926013940924
        },
        {
            "mae": 62.06964519982233,
            "rmse": 76.3819961857891,
            "nete": 0.3,
            "precision": 0.5802921935943443,
            "recall": 0.6401993934986207,
            "f1": 0.6102457935464825
        },
        {
            "mae": 61.347080592223044,
            "rmse": 70.55637924795687,
            "nete": 0.3,
            "precision": 0.6179167254373886,
            "recall": 0.6830973609399077,
            "f1": 0.6505070431886483
        },
        {
            "mae": 60.549010510618295,
            "rmse": 72.47567581313963,
            "nete": 0.3,
            "precision": 0.6173320118260771,
            "recall": 0.67716653365589,
            "f1": 0.6472492727409835
        },
        {
            "mae": 59.70554815761598,
            "rmse": 70.66665460804283,
            "nete": 0.3,
            "precision": 0.6504259483432212,
            "recall": 0.6603099801574753,
            "f1": 0.6553679642503483
        },
        {
            "mae": 56.38495330191698,
            "rmse": 65.10434371371502,
            "nete": 0.3,
            "precision": 0.6436227606861085,
            "recall": 0.7102667045974742,
            "f1": 0.6769447326417913
        },
        {
            "mae": 54.237159755022894,
            "rmse": 64.67442984537936,
            "nete": 0.3,
            "precision": 0.6518567722286945,
            "recall": 0.7435985779553542,
            "f1": 0.6977276750920244
        },
        {
            "mae": 53.9031645635959,
            "rmse": 65.85056417576413,
            "nete": 0.3,
            "precision": 0.6510224697411272,
            "recall": 0.7665964315642924,
            "f1": 0.7088094506527098
        },
        {
            "mae": 51.51013993715848,
            "rmse": 65.28922785277086,
            "nete": 0.3,
            "precision": 0.6785571203801023,
            "recall": 0.7793470000032705,
            "f1": 0.7289520601916863
        },
        {
            "mae": 50.24891686411017,
            "rmse": 60.731553798849546,
            "nete": 0.3,
            "precision": 0.7096985441426851,
            "recall": 0.7567268114357067,
            "f1": 0.733212677789196
        },
        {
            "mae": 49.311642389839285,
            "rmse": 59.52002105547753,
            "nete": 0.3,
            "precision": 0.7195068224636324,
            "recall": 0.7918802957081632,
            "f1": 0.7556935590858979
        },
        {
            "mae": 48.07635999428634,
            "rmse": 58.65275556083536,
            "nete": 0.3,
            "precision": 0.6986276134322893,
            "recall": 0.8340135865088568,
            "f1": 0.766320599970573
        },
        {
            "mae": 46.77442159024832,
            "rmse": 56.261418656390056,
            "nete": 0.3,
            "precision": 0.7327060515921912,
            "recall": 0.8233022810204819,
            "f1": 0.7780041663063365
        },
        {
            "mae": 45.34007421212082,
            "rmse": 55.074114394811666,
            "nete": 0.3,
            "precision": 0.7409630366991754,
            "recall": 0.8244202655978378,
            "f1": 0.7826916511485066
        },
        {
            "mae": 44.465053077724264,