{
    "train_loss": [
        0.0504849591257544,
        0.047663896106825,
        0.043684952206219554,
        0.040202924673101166,
        0.04017566361080917,
        0.035761623613775675,
        0.033639724138392675,
        0.034189319050426145,
        0.032311914956824374,
        0.03024083396791611,
        0.029157971676770075,
        0.02610790959858303,
        0.025148520566398474,
        0.024900054455293443,
        0.024648962807238984,
        0.02282587873658246,
        0.021758851921123794,
        0.0203381817678991,
        0.01968715268251082,
        0.01723175813727466,
        0.01555153162387217,
        0.015354535375259982,
        0.013181013708006098,
        0.011859438542365316,
        0.012874453486061248,
        0.010385698669557715,
        0.010271090278745764,
        0.010840881527043846,
        0.010191384647531533,
        0.008802132126718622,
        0.0062906671829828145,
        0.004612595063177236,
        0.0030446247445929664,
        0.0038430651860859076,
        0.0033959099574934247,
        0.0036043708833666233,
        0.003919502767276954,
        0.004410987040088143,
        0.003341917029628965,
        0.0032585047343266986,
        0.003429361424040538,
        0.004371702561993742,
        0.0036235059824035075,
        0.003092792033820606,
        0.0026739104932035455,
        0.0018137985027785837,
        0.0010812420713588694,
        0.001,
        0.001,
        0.0069512521388809916
    ],
    "val_loss": [
        0.05500920708204213,
        0.05284702131333536,
        0.049380921287181086,
        0.04506543687232536,
        0.04418444679134963,
        0.04324190865536641,
        0.04156978858908974,
        0.038895906118773686,
        0.03592751070466559,
        0.033873714845754535,
        0.03261587026060858,
        0.032093416261075244,
        0.0284059465947184,
        0.028145057178058118,
        0.027881410947600938,
        0.026206740009747903,
        0.024846794517179985,
        0.02335509085629405,
        0.022671510316636362,
        0.021967115063710012,
        0.02001219148231315,
        0.018794643050341987,
        0.021396510326255783,
        0.021018888418070106,
        0.018944900006287676,
        0.017901188187680425,
        0.018361385600024323,
        0.0155431250780721,
        0.013116386286607235,
        0.012883712147486922,
        0.012036274785815308,
        0.010792180573783127,
        0.011291053710533853,
        0.009800838439625344,
        0.008448826759957334,
        0.008036478567998525,
        0.008459666668943357,
        0.008871688500677788,
        0.009236808233556059,
        0.008054000759143982,
        0.007775303349624311,
        0.007203697605315423,
        0.006148096969292629,
        0.005247431635511637,
        0.004807606017863723,
        0.0053407049647423155,
        0.003135304174926813,
        0.0021242666364819896,
        0.0027233965240119943,
        0.009864007721631308
    ],
    "val_metrics": [
        {
            "mae": 58.107947972870846,
            "rmse": 66.54526268201488,
            "nete": 0.3,
            "precision": 0.5,
            "recall": 0.5050806502035176,
            "f1": 0.47333202836310284
        },
        {
            "mae": 56.00859163982587,
            "rmse": 75.16567575937503,
            "nete": 0.3,
            "precision": 0.5,
            "recall": 0.5689634948641328,
            "f1": 0.52814002293458
        },
        {
            "mae": 55.10746544303476,
            "rmse": 68.8593721231005,
            "nete": 0.3,
            "precision": 0.5,
            "recall": 0.5584637031741811,
            "f1": 0.5197636489408698
        },
        {
            "mae": 52.86535179003299,
            "rmse": 65.84206690816768,
            "nete": 0.3,
            "precision": 0.5186609911161147,
            "recall": 0.5954699006824907,
            "f1": 0.5570654458993027
        },
        {
            "mae": 52.061390059917244,
            "rmse": 63.78394269856892,
            "nete": 0.3,
            "precision": 0.5266717212807207,
            "recall": 0.5900070775565737,
            "f1": 0.5583393994186472
        },
        {
            "mae": 49.77927270815871,
            "rmse": 62.195251798135125,
            "nete": 0.3,
            "precision": 0.5466603579946504,
            "recall": 0.6164812781265547,
            "f1": 0.5815708180606026
        },
        {
            "mae": 48.248185902503316,
            "rmse": 60.225354960886165,
            "nete": 0.3,
            "precision": 0.5458019844228753,
            "recall": 0.6291873587389654,
            "f1": 0.5874946715809203
        },
        {
            "mae": 46.647700678808135,
            "rmse": 57.17859692555675,
            "nete": 0.3,
            "precision": 0.5770216025278924,
            "recall": 0.6664318932718378,
            "f1": 0.621726747899865
        },
        {
            "mae": 46.18627014268054,
            "rmse": 58.23654731883286,
            "nete": 0.3,
            "precision": 0.5783940248598113,
            "recall": 0.6884384010732328,
            "f1": 0.633416212966522
        },
        {
            "mae": 44.47579533216151,
            "rmse": 56.440658252290255,
            "nete": 0.3,
            "precision": 0.5953544175455896,
            "recall": 0.6620673049766546,
            "f1": 0.6287108612611221
        },
        {
            "mae": 44.02678296572746,
            "rmse": 52.3307276047514,
            "nete": 0.3,
            "precision": 0.6209628011150355,
            "recall": 0.7119100023313276,
            "f1": 0.6664364017231815
        },
        {
            "mae": 41.57317644912904,
            "rmse": 46.92493951433361,
            "nete": 0.3,
            "precision": 0.6613903169273159,
            "recall": 0.7292879811197491,
            "f1": 0.6953391490235326
        },
        {
            "mae": 40.77805951825857,
            "rmse": 48.75495907822234,
            "nete": 0.3,
            "precision": 0.6281405405019649,
            "recall": 0.7384440459956225,
            "f1": 0.6832922932487937
        },
        {
            "mae": 38.307681669661996,
            "rmse": 46.019752535815186,
            "nete": 0.3,
            "precision": 0.6742918635310081,
            "recall": 0.7080847922860293,
            "f1": 0.6911883279085187
        },
        {
            "mae": 38.0508625463745,
            "rmse": 45.89534553509717,
            "nete": 0.3,
            "precision": 0.6686718723206692,
            "recall": 0.7549558951270003,
            "f1": 0.7118138837238348
        },
        {
            "mae": 37.332317378674986,
            "rmse": 46.06175678935107,
            "nete": 0.3,
            "precision": 0.6881978039208669,
            "recall": 0.754214775765726,
            "f1": 0.7212062898432966
        },
        {
            "mae": 36.62736186693648,
            "rmse": 45.66442663233774,
            "nete": 0.3,
            "precision": 0.7088891520461013,
            "recall": 0.7683917780630573,
            "f1": 0.7386404650545793
        },
        {
            "mae": 35.710333463439085,
            "rmse": 43.231283396601306,
            "nete": 0.3,
            "precision": 0.6707676082726572,
            "recall": 0.8061998661350965,
            "f1": 0.7384837372038768
        },
        {
            "mae": 34.281565436500735,
            "rmse": 46.93062633103234,
            "nete": 0.3,
            "precision": 0.7497190441685593,
            "recall": 0.8375943822231621,
            "f1": 0.7936567131958607
        },
        {
            "mae": 33.24590735194246,
            "rmse": 42.17354406738691,
            "nete": 0.3,
            "precision": 0.7531531682224288,
            "recall": 0.8279810610678701,
            "f1": 0.7905671146451495
        },
        {
            "mae": 31.3128525243734,