{
    "train_loss": [
        0.06692093499065385,
        0.06511940129008692,
        0.06204312325266755,
        0.06050551515132565,
        0.059103169817780285,
        0.05525306222095791,
        0.05208367043770177,
        0.049587020021209925,
        0.048646399525675,
        0.04657093958284408,
        0.04455578693023381,
        0.04101358147131984,
        0.041516977957336214,
        0.03919222222099804,
        0.03742666950448929,
        0.03672416138646203,
        0.0355718701641212,
        0.03468431872038676,
        0.03195569367188648,
        0.029828578775849508,
        0.028484328051977162,
        0.026725107306883523,
        0.023952508219384834,
        0.024390060368629438,
        0.02333648508977371,
        0.021554481101905963,
        0.019429373493252983,
        0.018689749258632704,
        0.018651200942941783,
        0.016630243335322575,
        0.01702581286118499,
        0.015735795634721002,
        0.01485580951257654,
        0.011459317682904301,
        0.010662653982021403,
        0.009010524604700592,
        0.008071869787659012,
        0.009089994491286075,
        0.009767131214605995,
        0.0078812809263777,
        0.008420572047309153,
        0.006983874376688991,
        0.008552697507045261,
        0.009129353218135072,
        0.00917417793090017,
        0.008647742266472013,
        0.007793290304476525,
        0.007333345336129285,
        0.005025795772033758,
        0.01924782792014431
    ],
    "val_loss": [
        0.07568524820582186,
        0.07601816081747317,
        0.07406883507247013,
        0.06859841767881705,
        0.06753541481370762,
        0.06357827629288462,
        0.05942417181696817,
        0.05682372859165461,
        0.054619315174015456,
        0.0541373016531958,
        0.05253099296599775,
        0.050486133204758046,
        0.049198421912842745,
        0.04919562082541943,
        0.04793194396506584,
        0.043844259228049264,
        0.042385609861197694,
        0.04088904092525292,
        0.037525461744001974,
        0.039757056482086814,
        0.040436225304652525,
        0.038376023178792,
        0.035097603158332207,
        0.033288603811892165,
        0.031507545976052154,
        0.031653647069338625,
        0.03212145726016934,
        0.030376196109221217,
        0.029821880391502378,
        0.029018257604192476,
        0.025335097389210897,
        0.024059866212872014,
        0.023063340223615936,
        0.020996427485949848,
        0.0202754509027412,
        0.020103297448424075,
        0.019055477918063515,
        0.019211867493206837,
        0.019752698335637902,
        0.018389737371745898,
        0.02074017138270477,
        0.02203717746840354,
        0.02371413788352338,
        0.020738429559358614,
        0.023381000770762182,
        0.024084819152272608,
        0.021953962458596994,
        0.022588021642474736,
        0.020508597750927476,
        0.0251498318079117
    ],
    "val_metrics": [
        {
            "mae": 92.27893127715723,
            "rmse": 110.18830550198851,
            "nete": 0.3,
            "precision": 0.5,
            "recall": 0.5,
            "f1": 0.48318304120689104
        },
        {
            "mae": 92.84589346498339,
            "rmse": 114.4019662212622,
            "nete": 0.3,
            "precision": 0.5,
            "recall": 0.5289208608683267,
            "f1": 0.5058875346660853
        },
        {
            "mae": 88.38676717443327,
            "rmse": 104.93999444896092,
            "nete": 0.3,
            "precision": 0.5132021201443426,
            "recall": 0.539031043638553,
            "f1": 0.5261165818914478
        },
        {
            "mae": 86.40661127674063,
            "rmse": 102.02607828873714,
            "nete": 0.3,
            "precision": 0.5012190712623968,
            "recall": 0.5710708913728482,
            "f1": 0.5361449813176224
        },
        {
            "mae": 83.03862031828618,
            "rmse": 92.48377078628602,
            "nete": 0.3,
            "precision": 0.5195268479208275,
            "recall": 0.5846524682116631,
            "f1": 0.5520896580662452
        },
        {
            "mae": 82.65063881396914,
            "rmse": 98.72175570868593,
            "nete": 0.3,
            "precision": 0.5429858084117835,
            "recall": 0.6095289751868336,
            "f1": 0.5762573917993086
        },
        {
            "mae": 81.17334534166135,
            "rmse": 97.61005720684514,
            "nete": 0.3,
            "precision": 0.5705905483063936,
            "recall": 0.6597999625180963,
            "f1": 0.6151952554122448
        },
        {
            "mae": 77.07806619246915,
            "rmse": 97.6589612423294,
            "nete": 0.3,
            "precision": 0.5273460421621735,
            "recall": 0.658624665494418,
            "f1": 0.5929853538282958
        },
        {
            "mae": 73.20437725023848,
            "rmse": 93.90428049981634,
            "nete": 0.3,
            "precision": 0.6096894110967855,
            "recall": 0.6417271756536351,
            "f1": 0.6257082933752103
        },
        {
            "mae": 73.3883545773379,
            "rmse": 87.70116154825814,
            "nete": 0.3,
            "precision": 0.6177486107776249,
            "recall": 0.670035174088738,
            "f1": 0.6438918924331815
        },
        {
            "mae": 70.56860139680599,
            "rmse": 80.84102106294915,
            "nete": 0.3,
            "precision": 0.6607984288619231,
            "recall": 0.6955209485712928,
            "f1": 0.6781596887166079
        },
        {
            "mae": 68.23792014673079,
            "rmse": 81.21815326747064,
            "nete": 0.3,
            "precision": 0.6571787934557823,
            "recall": 0.7311870005751161,
            "f1": 0.6941828970154491
        },
        {
            "mae": 64.46143180371725,
            "rmse": 78.87627117079991,
            "nete": 0.3,
            "precision": 0.6394420520793909,
            "recall": 0.7518567196667076,
            "f1": 0.6956493858730494
        },
        {
            "mae": 63.38347209090899,
            "rmse": 76.92171795760166,
            "nete": 0.3,
            "precision": 0.6559664286172536,
            "recall": 0.759566654875212,
            "f1": 0.7077665417462328
        },
        {
            "mae": 60.18907332509389,
            "rmse": 74.87877669694132,
            "nete": 0.3,
            "precision": 0.674062967768887,
            "recall": 0.7679005553970902,
            "f1": 0.7209817615829887
        },
        {
            "mae": 61.10838410041434,
            "rmse": 75.18539642082371,
            "nete": 0.3,
            "precision": 0.7170761838184989,
            "recall": 0.7855685304909781,
            "f1": 0.7513223571547385
        },
        {
            "mae": 57.909038480355456,
            "rmse": 71.55739954987793,
            "nete": 0.3,
            "precision": 0.731095759747561,
            "recall": 0.8143827659290129,
            "f1": 0.772739262838287
        },
        {
            "mae": 58.71590364281716,
            "rmse": 72.3562615413797,
            "nete": 0.3,
            "precision": 0.7075060535829266,
            "recall": 0.8001913538432499,
            "f1": 0.7538487037130883
        },
        {
            "mae": 56.082283788988505,
            "rmse": 70.29768001549846,
            "nete": 0.3,
            "precision": 0.7132462617817971,
            "recall": 0.8124450370768982,
            "f1": 0.7628456494293476
        },
        {
            "mae": 54.06793604586035,
            "rmse": 60.17342873309288,
            "nete": 0.3,
            "precision": 0.762289914203205,
            "recall": 0.8368888848679732,
            "f1": 0.799589399535589
        },
        {
            "mae": 52.83634567621661,
            "rmse": 68.81332404144626,