{
    "train_loss": [
        0.05075991738637963,
        0.047477346576218736,
        0.046602238403244726,
        0.04466151132474758,
        0.0426115469131641,
        0.04063184554869362,
        0.03858445212149829,
        0.03639916249716248,
        0.034936913966478245,
        0.033969747030920094,
        0.03382795931290136,
        0.03180592573011652,
        0.030961341757294803,
        0.031450299942900106,
        0.030630621710767185,
        0.028393123167890177,
        0.0267680912075379,
        0.023378206821365564,
        0.02127980669686024,
        0.020357868775439446,
        0.018852747232340913,
        0.01811458926682521,
        0.01683999941046669,
        0.018198904775742118,
        0.017393774167408307,
        0.016741951514437234,
        0.015784764932084375,
        0.014772845010383805,
        0.01406351249527004,
        0.012492546005038536,
        0.01200049795079896,
        0.011670709628464943,
        0.011953537692968934,
        0.010670060771114456,
        0.011793902770411183,
        0.012268157007770569,
        0.01134359610633162,
        0.011779082216973269,
        0.012181339821738022,
        0.01218770348850257,
        0.011516730262782847,
        0.010147463616843823,
        0.009878332332884586,
        0.008834493304088697,
        0.007346713779793078,
        0.0037584235770503106,
        0.002283829136301367,
        0.002626419363910209,
        0.00184808430439509,
        0.011613857974275874
    ],
    "val_loss": [
        0.05529791325569862,
        0.051851213905029676,
        0.05093235032340697,
        0.048894586890984956,
        0.046862257804925395,
        0.045934001589500895,
        0.04381328290531861,
        0.041870780127128054,
        0.040345306866194725,
        0.03845007089128146,
        0.03751935727854643,
        0.037789124323388795,
        0.03677288925106627,
        0.03502281494004512,
        0.03416215279630555,
        0.032148533969685526,
        0.030106495767914798,
        0.028686148508113966,
        0.02839221236886925,
        0.02393935839656535,
        0.02339088582996899,
        0.021269725940162767,
        0.021025201557457338,
        0.021108850014529223,
        0.020263462875778723,
        0.02210867961731937,
        0.019423825313423546,
        0.017631568979090885,
        0.017370140419610672,
        0.018266202496540377,
        0.015859198783663618,
        0.018366547484367456,
        0.01679240222336353,
        0.018086681786123927,
        0.018190318857664596,
        0.01698321313511623,
        0.014949645508796561,
        0.014368036327821933,
        0.014790406812824924,
        0.014797088662927699,
        0.016143722374782385,
        0.014895071422974804,
        0.013681081377349831,
        0.012791679564668194,
        0.01114622880132565,
        0.011146750910017635,
        0.010599385241105189,
        0.00872640103176309,
        0.009065958691750942,
        0.0165258488838846
    ],
    "val_metrics": [
        {
            "mae": 68.04394971105724,
            "rmse": 86.32052197672174,
            "nete": 0.3,
            "precision": 0.5,
            "recall": 0.5,
            "f1": 0.4431464257933926
        },
        {
            "mae": 67.05037656153098,
            "rmse": 79.04597698755649,
            "nete": 0.3,
            "precision": 0.5,
            "recall": 0.5114890329531463,
            "f1": 0.46349440539623693
        },
        {
            "mae": 65.40287678008885,
            "rmse": 79.32890697340957,
            "nete": 0.3,
            "precision": 0.5,
            "recall": 0.5187236873614481,
            "f1": 0.4887905083461005
        },
        {
            "mae": 62.90589323185127,
            "rmse": 75.52214645397936,
            "nete": 0.3,
            "precision": 0.5,
            "recall": 0.5070133741460373,
            "f1": 0.502654852477849
        },
        {
            "mae": 59.903820435093984,
            "rmse": 72.42872859550269,
            "nete": 0.3,
            "precision": 0.5,
            "recall": 0.5698437367404908,
            "f1": 0.5314390624724613
        },
        {
            "mae": 60.20454561834762,
            "rmse": 74.74617091780839,
            "nete": 0.3,
            "precision": 0.5,
            "recall": 0.5605180153147643,
            "f1": 0.5280593981323315
        },
        {
            "mae": 56.75009088872466,
            "rmse": 64.5428604142729,
            "nete": 0.3,
            "precision": 0.5012288691790249,
            "recall": 0.5888935701584094,
            "f1": 0.5450612196687171
        },
        {
            "mae": 56.38562187337832,
            "rmse": 70.2025045021323,
            "nete": 0.3,
            "precision": 0.5535771107138118,
            "recall": 0.5893168413515298,
            "f1": 0.5714469760326708
        },
        {
            "mae": 56.430274339636654,
            "rmse": 63.18246015145491,
            "nete": 0.3,
            "precision": 0.5250164457975727,
            "recall": 0.6216328761446106,
            "f1": 0.5733246609710917
        },
        {
            "mae": 53.1109639990958,
            "rmse": 64.8611729295421,
            "nete": 0.3,
            "precision": 0.6065035955207597,
            "recall": 0.6209935047562932,
            "f1": 0.6137485501385265
        },
        {
            "mae": 52.09286349566023,
            "rmse": 64.85208573968559,
            "nete": 0.3,
            "precision": 0.5751398282328687,
            "recall": 0.6266489370406277,
            "f1": 0.6008943826367482
        },
        {
            "mae": 50.06855591798763,
            "rmse": 58.917531511977835,
            "nete": 0.3,
            "precision": 0.6059166361567078,
            "recall": 0.663471784653952,
            "f1": 0.6346942104053299
        },
        {
            "mae": 49.93186761968997,
            "rmse": 62.56143534460464,
            "nete": 0.3,
            "precision": 0.6056560064521685,
            "recall": 0.659079745190333,
            "f1": 0.6323678758212509
        },
        {
            "mae": 48.63441574535138,
            "rmse": 60.431269923332025,
            "nete": 0.3,
            "precision": 0.602451678399433,
            "recall": 0.6762887803715437,
            "f1": 0.6393702293854883
        },
        {
            "mae": 46.15953959811915,
            "rmse": 50.08442529642416,
            "nete": 0.3,
            "precision": 0.6577815836325431,
            "recall": 0.6884072531083364,
            "f1": 0.6730944183704397
        },
        {
            "mae": 44.079744011310716,
            "rmse": 51.409044317431544,
            "nete": 0.3,
            "precision": 0.6346923801817734,
            "recall": 0.7154427069855135,
            "f1": 0.6750675435836434
        },
        {
            "mae": 44.52504338498643,
            "rmse": 52.27899492167773,
            "nete": 0.3,
            "precision": 0.6472198682227699,
            "recall": 0.6907066074857601,
            "f1": 0.6689632378542649
        },
        {
            "mae": 41.950193269025576,
            "rmse": 49.372528952791484,
            "nete": 0.3,
            "precision": 0.6623398044381137,
            "recall": 0.7205267763864202,
            "f1": 0.691433290412267
        },
        {
            "mae": 42.13580383322382,
            "rmse": 51.77989601651999,
            "nete": 0.3,
            "precision": 0.6700068739816922,
            "recall": 0.7221601649579455,
            "f1": 0.696083519469819
        },
        {
            "mae": 40.079788820099594,
            "rmse": 49.55860609981671,
            "nete": 0.3,
            "precision": 0.6842162569840667,
            "recall": 0.7461027724789462,
            "f1": 0.7151595147315065
        },
        {
            "mae": 38.24689223365689,
            "rmse": 48.29175059557372,
            "nete": 0.3,