{
    "train_loss": [
        0.053115193741767534,
        0.04850364339387724,
        0.04702591107289507,
        0.04664346192196589,
        0.044001481640010186,
        0.04208044903114284,
        0.03910550422209812,
        0.03755083066746224,
        0.034972730993920426,
        0.03364770942762663,
        0.03286824108542285,
        0.03178592628973654,
        0.03047911192110256,
        0.029866870878406365,
        0.02789640856858994,
        0.028968967455713722,
        0.026942213565124978,
        0.02577052934515028,
        0.023300284303247626,
        0.020599630425394512,
        0.02115342465662497,
        0.019307548186378757,
        0.019730535195696387,
        0.018273843171702785,
        0.016848977981348674,
        0.01699395497762252,
        0.016781472456806546,
        0.017219208635883894,
        0.017352410075815655,
        0.017806635797851467,
        0.01722854437424975,
        0.016230313779566057,
        0.016064994341102323,
        0.015066507034130393,
        0.01235879856338214,
        0.011495751723043667,
        0.010898495970537225,
        0.009903744251337759,
        0.01088479826716198,
        0.008754367636253054,
        0.010031637326457007,
        0.009599532753838933,
        0.009439557665367627,
        0.00908517106521922,
        0.009189006979866833,
        0.008507552980846026,
        0.006842116364255855,
        0.006846631682226335,
        0.006911971706646298,
        0.015467156631511934
    ],
    "val_loss": [
        0.060592061745585374,
        0.05621066936175687,
        0.053353919816460066,
        0.05097563501806419,
        0.04916346134688818,
        0.04618447148269998,
        0.04306077943320303,
        0.04225551869008214,
        0.04141544663274164,
        0.04136697632351623,
        0.04271409411494403,
        0.041733361257443945,
        0.0394485127648214,
        0.039805223015972224,
        0.038915148103299664,
        0.0356172029936553,
        0.031144906702394917,
        0.032108601667192115,
        0.03362482844991812,
        0.0335331498986492,
        0.0351257525641945,
        0.03414963246950951,
        0.032014329088251525,
        0.03117290790552847,
        0.030571765404128773,
        0.028147606559832943,
        0.030270180820455822,
        0.029425969319036776,
        0.028473415341713902,
        0.026598927530092156,
        0.02742016602520523,
        0.02585851956849042,
        0.026596226494056203,
        0.02745142026390777,
        0.029471310706358327,
        0.027243151374799334,
        0.026941319872204553,
        0.027364219337650746,
        0.025863980603011448,
        0.02505970866282467,
        0.02436506151337334,
        0.024996071851397725,
        0.024320560710962197,
        0.019514226596072992,
        0.020895009621207425,
        0.019079317119507493,
        0.01830011760439435,
        0.017966224647797978,
        0.018715318174422776,
        0.018271674775259632
    ],
    "val_metrics": [
        {
            "mae": 63.775689630266086,
            "rmse": 80.32406821223778,
            "nete": 0.3,
            "precision": 0.5,
            "recall": 0.5,
            "f1": 0.3859869999275559
        },
        {
            "mae": 62.02327704300075,
            "rmse": 79.36355322112978,
            "nete": 0.3,
            "precision": 0.5,
            "recall": 0.5,
            "f1": 0.39550732008890005
        },
        {
            "mae": 60.935600525057616,
            "rmse": 72.02847652504819,
            "nete": 0.3,
            "precision": 0.5,
            "recall": 0.5,
            "f1": 0.422626994945292
        },
        {
            "mae": 58.253668059272066,
            "rmse": 65.6658815857148,
            "nete": 0.3,
            "precision": 0.5,
            "recall": 0.5,
            "f1": 0.43084965808023884
        },
        {
            "mae": 57.81504023355272,
            "rmse": 65.43395673531946,
            "nete": 0.3,
            "precision": 0.5,
            "recall": 0.5,
            "f1": 0.43022203036451195
        },
        {
            "mae": 55.01251705855996,
            "rmse": 65.47445964406772,
            "nete": 0.3,
            "precision": 0.5,
            "recall": 0.5065639988760029,
            "f1": 0.48263929735422584
        },
        {
            "mae": 54.13716655629476,
            "rmse": 66.73735812715314,
            "nete": 0.3,
            "precision": 0.5,
            "recall": 0.5262550871136261,
            "f1": 0.4941461460926008
        },
        {
            "mae": 50.86929656944076,
            "rmse": 57.625811394211134,
            "nete": 0.3,
            "precision": 0.5,
            "recall": 0.5560573919970742,
            "f1": 0.49951482846252593
        },
        {
            "mae": 49.9307000727902,
            "rmse": 64.00714662639243,
            "nete": 0.3,
            "precision": 0.5,
            "recall": 0.5435640413915788,
            "f1": 0.5030766020467663
        },
        {
            "mae": 49.55979437507303,
            "rmse": 60.768631692771315,
            "nete": 0.3,
            "precision": 0.5,
            "recall": 0.5278790449571928,
            "f1": 0.5073847669814593
        },
        {
            "mae": 47.808130762329725,
            "rmse": 55.98547840262565,
            "nete": 0.3,
            "precision": 0.5,
            "recall": 0.562434978297954,
            "f1": 0.514507723250263
        },
        {
            "mae": 46.26581893990228,
            "rmse": 56.45305033062567,
            "nete": 0.3,
            "precision": 0.5178465686063856,
            "recall": 0.579993548420974,
            "f1": 0.5489200585136796
        },
        {
            "mae": 44.6182972181093,
            "rmse": 57.36488832923226,
            "nete": 0.3,
            "precision": 0.546310993023256,
            "recall": 0.5629964749611862,
            "f1": 0.5546537339922211
        },
        {
            "mae": 43.77775589645041,
            "rmse": 54.117329655428115,
            "nete": 0.3,
            "precision": 0.5478699966391519,
            "recall": 0.626000814992169,
            "f1": 0.5869354058156604
        },
        {
            "mae": 42.90708405596671,
            "rmse": 51.79925482942118,
            "nete": 0.3,
            "precision": 0.5430538540328624,
            "recall": 0.6030093727213041,
            "f1": 0.5730316133770833
        },
        {
            "mae": 41.07768561719618,
            "rmse": 47.86400955801508,
            "nete": 0.3,
            "precision": 0.5361518784686853,
            "recall": 0.6022788225283325,
            "f1": 0.5692153504985089
        },
        {
            "mae": 39.942937230679576,
            "rmse": 49.177790488778044,
            "nete": 0.3,
            "precision": 0.5573493667043282,
            "recall": 0.6253486208798843,
            "f1": 0.5913489937921063
        },
        {
            "mae": 39.52821339921641,
            "rmse": 49.80748909023313,
            "nete": 0.3,
            "precision": 0.5831827657800098,
            "recall": 0.6638689791789173,
            "f1": 0.6235258724794634
        },
        {
            "mae": 38.96225746705123,
            "rmse": 45.5253521447211,
            "nete": 0.3,
            "precision": 0.5795140217869746,
            "recall": 0.647451682059233,
            "f1": 0.6134828519231038
        },
        {
            "mae": 36.662462294026504,
            "rmse": 42.74195955899078,
            "nete": 0.3,
            "precision": 0.6077844914237067,
            "recall": 0.6437744566141272,
            "f1": 0.625779474018917
        },
        {
            "mae": 37.16748151592137,
            "rmse": 47.27926589282708,
            "nete": 0.3,
            "precision": 0.5900468250736606,
            "recall": 0.6885835560578569,