{
    "train_loss": [
        0.04638487474029099,
        0.04450228247260383,
        0.043439624745701184,
        0.042805416220611056,
        0.040329189246898295,
        0.03703414629006829,
        0.03442905451892209,
        0.032987168883059616,
        0.03113048344543791,
        0.029213326866304432,
        0.027629978369644346,
        0.027704460979300204,
        0.025125709106328727,
        0.02359041413661228,
        0.021675808479277237,
        0.02144152928634109,
        0.018721454602089783,
        0.01742013458196616,
        0.015241639044370939,
        0.013050313806344438,
        0.012350539847903397,
        0.01082845318893697,
        0.00920588112425895,
        0.009129172513959598,
        0.0076350951861890145,
        0.006329597899522399,
        0.007698520928580298,
        0.010586561622613058,
        0.010662989948339368,
        0.009256683881654348,
        0.00977857056616667,
        0.007290975131744438,
        0.006758558552116777,
        0.008294372506804242,
        0.007596156216729414,
        0.008832195304237084,
        0.007987928802758717,
        0.007942973387713156,
        0.008593711659788962,
        0.008590341629220078,
        0.006263446759982399,
        0.00645926671218731,
        0.006329695087061632,
        0.006301070161437796,
        0.006836532897388878,
        0.006320563336690752,
        0.005914424755325033,
        0.0038496815378199632,
        0.0036970946612227733,
        0.006158428753015084
    ],
    "val_loss": [
        0.05070411847730554,
        0.04872739659623403,
        0.04761160598298625,
        0.04694568703164161,
        0.04813541367139686,
        0.04553661088968644,
        0.04123789219189047,
        0.037414676755542754,
        0.03764091726368706,
        0.03425824208221544,
        0.033452932495546144,
        0.03317946173259475,
        0.030598034189392807,
        0.02950471797515215,
        0.028701878563928078,
        0.0259468023939369,
        0.025819248900366045,
        0.026656104457413943,
        0.02293371812688664,
        0.021414493787599218,
        0.022388640397426413,
        0.01914400918791436,
        0.018198408441147274,
        0.020538634291864158,
        0.01726714624334412,
        0.015365421227028464,
        0.01363997958831055,
        0.013161152046438482,
        0.014095951533001161,
        0.011719518075737066,
        0.012267499094475004,
        0.014770570727244324,
        0.013406776085176441,
        0.011355969144647935,
        0.011189565823606317,
        0.013555260353454982,
        0.010387325242896654,
        0.010340122057098814,
        0.011023397242778411,
        0.011019858710681082,
        0.01512501175237127,
        0.01162023800902248,
        0.00921594808400154,
        0.008616123669509687,
        0.009178359542258322,
        0.009912800110848854,
        0.009715653399993446,
        0.0090685834098678,
        0.00861196314070695,
        0.009503337023659348
    ],
    "val_metrics": [
        {
            "mae": 52.830344535108594,
            "rmse": 65.35998800840359,
            "nete": 0.3,
            "precision": 0.5,
            "recall": 0.5,
            "f1": 0.4567539218110198
        },
        {
            "mae": 51.30590490776637,
            "rmse": 66.14340367533883,
            "nete": 0.3,
            "precision": 0.5,
            "recall": 0.5522927278995243,
            "f1": 0.5073401719362519
        },
        {
            "mae": 48.67225438346274,
            "rmse": 54.711631522338564,
            "nete": 0.3,
            "precision": 0.5,
            "recall": 0.5522115856889575,
            "f1": 0.5205998003099535
        },
        {
            "mae": 47.281351257261925,
            "rmse": 57.918534942388995,
            "nete": 0.3,
            "precision": 0.5,
            "recall": 0.5792924987662471,
            "f1": 0.5352032111108664
        },
        {
            "mae": 46.43640771195356,
            "rmse": 54.500235784151094,
            "nete": 0.3,
            "precision": 0.5298121387816257,
            "recall": 0.5848448885583546,
            "f1": 0.5573285136699901
        },
        {
            "mae": 45.49358911434902,
            "rmse": 55.75595172976464,
            "nete": 0.3,
            "precision": 0.54044095142792,
            "recall": 0.5923428216902252,
            "f1": 0.5663918865590726
        },
        {
            "mae": 43.99206163935795,
            "rmse": 56.038665925428646,
            "nete": 0.3,
            "precision": 0.5613951388932967,
            "recall": 0.6484255808202376,
            "f1": 0.6049103598567672
        },
        {
            "mae": 43.22525728743828,
            "rmse": 50.33661852465308,
            "nete": 0.3,
            "precision": 0.5670869334989018,
            "recall": 0.6333578023948523,
            "f1": 0.6002223679468771
        },
        {
            "mae": 41.622244317234866,
            "rmse": 49.20401138171891,
            "nete": 0.3,
            "precision": 0.5611086880778323,
            "recall": 0.6776928091737898,
            "f1": 0.6194007486258111
        },
        {
            "mae": 40.26171599757228,
            "rmse": 48.3503536977891,
            "nete": 0.3,
            "precision": 0.6271585140317703,
            "recall": 0.6590589852924434,
            "f1": 0.643108749662107
        },
        {
            "mae": 39.68090135950763,
            "rmse": 50.972905639945765,
            "nete": 0.3,
            "precision": 0.6137257528302782,
            "recall": 0.6853365574225654,
            "f1": 0.6495311551264218
        },
        {
            "mae": 38.64802480521617,
            "rmse": 45.44390893720728,
            "nete": 0.3,
            "precision": 0.6373246262822183,
            "recall": 0.7246540295089087,
            "f1": 0.6809893278955634
        },
        {
            "mae": 38.38520177066186,
            "rmse": 46.11522255578935,
            "nete": 0.3,
            "precision": 0.6443684801016775,
            "recall": 0.7292452248159442,
            "f1": 0.6868068524588109
        },
        {
            "mae": 36.32360736348015,
            "rmse": 42.89499804209206,
            "nete": 0.3,
            "precision": 0.6877404741960759,
            "recall": 0.7138008454121287,
            "f1": 0.7007706598041022
        },
        {
            "mae": 34.67175021983197,
            "rmse": 39.48145471156155,
            "nete": 0.3,
            "precision": 0.6772098525542103,
            "recall": 0.7447402697367923,
            "f1": 0.7109750611455012
        },
        {
            "mae": 34.32681666512147,
            "rmse": 39.20971450996355,
            "nete": 0.3,
            "precision": 0.6926365411088999,
            "recall": 0.7768713105682917,
            "f1": 0.7347539258385958
        },
        {
            "mae": 32.51181162793439,
            "rmse": 40.29593377763914,
            "nete": 0.3,
            "precision": 0.6958042335734808,
            "recall": 0.7632951389889212,
            "f1": 0.729549686281201
        },
        {
            "mae": 31.96764536761117,
            "rmse": 38.792647771421116,
            "nete": 0.3,
            "precision": 0.6969444467925826,
            "recall": 0.7870778487910939,
            "f1": 0.7420111477918382
        },
        {
            "mae": 31.499614302142806,
            "rmse": 36.85012900443186,
            "nete": 0.3,
            "precision": 0.7133966802864284,
            "recall": 0.8111651841178261,
            "f1": 0.7622809322021273
        },
        {
            "mae": 30.554092478921305,
            "rmse": 38.27590187811597,
            "nete": 0.3,
            "precision": 0.7432447541382473,
            "recall": 0.7978036497310518,
            "f1": 0.7705242019346497
        },
        {
            "mae": 29.553344284018046,
            "rmse": 35.66049193251001,