{
    "appliance": "microwave",
    "window_size": 100,
    "model_params": {
        "input_size": 1,
        "hidden_size": 128,
        "num_layers": 2,
        "output_size": 1,
        "bidirectional": true
    },
    "train_params": {
        "lr": 0.001,
        "epochs": 10,
        "patience": 3
    },
    "final_metrics": {
        "train_loss": 13730.524353578356,
        "val_loss": 28948.870378281175,
        "test_loss": 32141.724617645265,
        "test_metrics": {
            "mae": 32.118324279785156,
            "rmse": 179.3688507080078,
            "nete": 0.5015618801116943,
            "sae": 0.43155655655655656,
            "precision": 0.035934868051656375,
            "recall": 0.8951048951048951,
            "f1": 0.06909581646423751
        }
    }
}