{
    "train_loss": [
        0.03882259020455692,
        0.03724997049548604,
        0.03592108048641212,
        0.03412042282683047,
        0.03261536092820613,
        0.03049668214669127,
        0.030259195970709276,
        0.028833348732134344,
        0.02624558141185431,
        0.024239302518203644,
        0.022786901376329428,
        0.02121543910113839,
        0.01890804831946999,
        0.017919428587517713,
        0.018301247909630423,
        0.017019098697730207,
        0.01666107461095905,
        0.015328458468368673,
        0.01453098700643857,
        0.01372035163087671,
        0.012887963282878383,
        0.011665612803266697,
        0.010380285513667905,
        0.00897108267139878,
        0.009144411190133305,
        0.00948660324016289,
        0.008308338704693184,
        0.007858121553269872,
        0.007434181887983225,
        0.007012395219169525,
        0.006396813381292983,
        0.0060403272741047665,
        0.005741922962177998,
        0.003825430365241725,
        0.0033487267839615686,
        0.0025007933972409913,
        0.0034188376185633573,
        0.0032323309330222947,
        0.002441233830853964,
        0.0017978201988344098,
        0.001734986201108903,
        0.001,
        0.001,
        0.001,
        0.0012863964384057956,
        0.0010059893924726923,
        0.001,
        0.001,
        0.001,
        0.004666055797490572
    ],
    "val_loss": [
        0.043308319056226896,
        0.04111246902026035,
        0.04006330662327827,
        0.037826443968171995,
        0.036246128974616446,
        0.03488934161933541,
        0.03547768789826776,
        0.032304867923538955,
        0.029779468670528858,
        0.027451267644113826,
        0.026120161400901173,
        0.02427621105619531,
        0.025277272347363516,
        0.02216674488098798,
        0.021216310305111945,
        0.021007934339603043,
        0.019494128341507003,
        0.020956729158497344,
        0.01921938759351373,
        0.019330990657957976,
        0.020019180420034314,
        0.01954630161694409,
        0.019418431405364173,
        0.02055722005395644,
        0.020143660752696763,
        0.02193747426634713,
        0.019800012768248883,
        0.018919093110912104,
        0.01973614377226251,
        0.020721722640338173,
        0.018817515792408743,
        0.016668007797704703,
        0.01670783408259751,
        0.017717836887539945,
        0.015415959710091378,
        0.01616975457025664,
        0.015061173671687614,
        0.011921821218289202,
        0.010347290750738142,
        0.010449349789198911,
        0.009446485750676152,
        0.009796230502300088,
        0.007732932978944989,
        0.00889855324803207,
        0.006231705319969185,
        0.004333851082935752,
        0.003420072306566728,
        0.001768334407285283,
        0.002177549018485149,
        0.007753973595345686
    ],
    "val_metrics": [
        {
            "mae": 39.27816686506699,
            "rmse": 48.465610364820286,
            "nete": 0.3,
            "precision": 0.5,
            "recall": 0.5,
            "f1": 0.43827803236109125
        },
        {
            "mae": 38.76892859517239,
            "rmse": 44.4721545906969,
            "nete": 0.3,
            "precision": 0.5,
            "recall": 0.5,
            "f1": 0.43376854358298356
        },
        {
            "mae": 37.91488830978097,
            "rmse": 43.27768774762823,
            "nete": 0.3,
            "precision": 0.5,
            "recall": 0.5,
            "f1": 0.4604902676518914
        },
        {
            "mae": 36.88465891767821,
            "rmse": 44.391944465556534,
            "nete": 0.3,
            "precision": 0.5,
            "recall": 0.5,
            "f1": 0.4666114270562599
        },
        {
            "mae": 35.10356610559692,
            "rmse": 43.257554972255186,
            "nete": 0.3,
            "precision": 0.5,
            "recall": 0.5,
            "f1": 0.4780056469691841
        },
        {
            "mae": 35.28687817887237,
            "rmse": 40.805482338783946,
            "nete": 0.3,
            "precision": 0.5005117113167384,
            "recall": 0.5299630167856245,
            "f1": 0.5152373640511815
        },
        {
            "mae": 33.76779990991533,
            "rmse": 37.26541291153608,
            "nete": 0.3,
            "precision": 0.5,
            "recall": 0.5320867175943728,
            "f1": 0.5051070682131343
        },
        {
            "mae": 32.934151695464145,
            "rmse": 40.07482110542628,
            "nete": 0.3,
            "precision": 0.5304593989480609,
            "recall": 0.5445782376702816,
            "f1": 0.5375188183091713
        },
        {
            "mae": 32.52168307352201,
            "rmse": 37.27747297244519,
            "nete": 0.3,
            "precision": 0.512746342220772,
            "recall": 0.59571190851345,
            "f1": 0.554229125367111
        },
        {
            "mae": 30.151633339908486,
            "rmse": 37.24566381103429,
            "nete": 0.29713986173272183,
            "precision": 0.5502626037427939,
            "recall": 0.5805028956478593,
            "f1": 0.5653827496953265
        },
        {
            "mae": 30.31407764917547,
            "rmse": 38.71853888159269,
            "nete": 0.29864302450938546,
            "precision": 0.5077984858377348,
            "recall": 0.6317430965774032,
            "f1": 0.569770791207569
        },
        {
            "mae": 28.184245528338334,
            "rmse": 35.510150751233915,
            "nete": 0.2791214224219673,
            "precision": 0.5429141173078265,
            "recall": 0.6009805234125964,
            "f1": 0.5719473203602115
        },
        {
            "mae": 28.1527861382909,
            "rmse": 32.59141522982327,
            "nete": 0.27855757577989376,
            "precision": 0.5515408330147324,
            "recall": 0.6209423835112596,
            "f1": 0.586241608262996
        },
        {
            "mae": 27.46135869320245,
            "rmse": 32.286286646464156,
            "nete": 0.2749396602286622,
            "precision": 0.5958704806549159,
            "recall": 0.6448690304249858,
            "f1": 0.6203697555399508
        },
        {
            "mae": 27.55304393029274,
            "rmse": 32.287665320743336,
            "nete": 0.27437353653351965,
            "precision": 0.6246634411302285,
            "recall": 0.6281414146997114,
            "f1": 0.62640242791497
        },
        {
            "mae": 26.19675269117879,
            "rmse": 31.415946695879825,
            "nete": 0.26192720293654054,
            "precision": 0.6028225862049191,
            "recall": 0.6941446348725229,
            "f1": 0.648483610538721
        },
        {
            "mae": 25.17659762480939,
            "rmse": 29.323978555653355,
            "nete": 0.2568439509503973,
            "precision": 0.5892636917335707,
            "recall": 0.6876227013971292,
            "f1": 0.6384431965653499
        },
        {
            "mae": 24.532127721141382,
            "rmse": 30.911480405361775,
            "nete": 0.2409583294304323,
            "precision": 0.6232929386540514,
            "recall": 0.6945995182026821,
            "f1": 0.6589462284283668
        },
        {
            "mae": 23.483280299877293,
            "rmse": 27.856330024144828,
            "nete": 0.23213516376566817,
            "precision": 0.6070964593652196,
            "recall": 0.6990123313997855,
            "f1": 0.6530543953825024
        },
        {
            "mae": 23.44459502032109,
            "rmse": 27.526180563946976,
            "nete": 0.23017839455543168,
            "precision": 0.6056056075602335,
            "recall": 0.7261275029837826,
            "f1": 0.665866555272008
        },
        {
            "mae": 22.323458748270887,