{
    "appliance": "dish washer",
    "window_size": 100,
    "model_params": {
        "input_size": 1,
        "output_size": 1,
        "hidden_size": 128,
        "num_layers": 1,
        "dt": 0.1,
        "advanced": false
    },
    "train_params": {
        "lr": 0.001,
        "epochs": 20,
        "patience": 10
    },
    "final_metrics": {
        "train_loss": 13468.926049804688,
        "val_loss": 12419.123340474234,
        "test_loss": 29763.536436381753,
        "test_metrics": {
            "mae": 39.23100280761719,
            "rmse": 172.60353088378906,
            "nete": 0.7551003098487854,
            "sae": 38.49605178833008,
            "traditional_sae": 0.12262262262262258,
            "precision": 0.29345372460496616,
            "recall": 0.9048723897911833,
            "f1": 0.4431818181818182
        },
        "aggregates": {
            "train_loss_mean": 13913.272553588948,
            "train_loss_var": 260274.13933969202,
            "val_loss_mean": 12924.034069688374,
            "val_loss_var": 247120.68212414294,
            "train_mae_mean": 38.52200698852539,
            "train_mae_var": 6.696786403656006,
            "val_mae_mean": 41.15721893310547,
            "val_mae_var": 4.877982139587402,
            "train_sae_mean": 9.756288528442383,
            "train_sae_var": 3.3001914024353027,
            "val_sae_mean": 39.49223709106445,
            "val_sae_var": 3.912431001663208,
            "train_f1_mean": 0.16936287955714427,
            "train_f1_var": 0.0034697994272410394,
            "val_f1_mean": 0.1466762885397695,
            "val_f1_var": 0.001727678528771421,
            "test_mae": 39.23100280761719,
            "test_sae": 38.49605178833008,
            "test_f1": 0.4431818181818182,
            "test_loss": 29763.536436381753
        }
    }
}