{
    "appliance": "dish washer",
    "window_size": 100,
    "model_params": {
        "input_size": 1,
        "output_size": 1,
        "hidden_size": 128,
        "num_layers": 3,
        "num_heads": 4,
        "dropout": 0.1
    },
    "train_params": {
        "lr": 0.001,
        "epochs": 10,
        "patience": 3
    },
    "final_metrics": {
        "train_loss": 12537.4618882921,
        "val_loss": 11030.104891994264,
        "test_loss": 29175.93581871414,
        "test_metrics": {
            "mae": 50.438720703125,
            "rmse": 170.8932342529297,
            "nete": 0.9876264333724976,
            "sae": 0.35010010010010006,
            "precision": 0.10589410589410589,
            "recall": 0.7378190255220418,
            "f1": 0.18520675596971461
        }
    }
}