{
    "train_loss": [
        0.05100645128700255,
        0.04991162926765622,
        0.04670486672322373,
        0.04363740477526193,
        0.040804646048327446,
        0.03954058693983713,
        0.03861222672077382,
        0.035851915706698656,
        0.034103343629018616,
        0.031407927822067576,
        0.030797780057178814,
        0.029920902836289075,
        0.030171698026479215,
        0.031136940722567195,
        0.02959700345729016,
        0.026597397607986878,
        0.02465006024452104,
        0.022774886676980532,
        0.02188400935828554,
        0.021561528367994645,
        0.01976629719165111,
        0.01770285660084767,
        0.016091680605281423,
        0.016604007837005077,
        0.015289125435697475,
        0.011775512945537433,
        0.01109688956475825,
        0.01073286309437916,
        0.011553604558842754,
        0.011259293002715597,
        0.012689661769095487,
        0.013610859616481528,
        0.012051011441539338,
        0.011983858465796369,
        0.011516309720950264,
        0.010981152371495405,
        0.009538216697828271,
        0.007814240349692365,
        0.005468729077397269,
        0.00463513890644347,
        0.00470878893744268,
        0.005725688756451321,
        0.007325356976471851,
        0.006786168939948978,
        0.006856311229688206,
        0.007974001705472746,
        0.0073030581122669426,
        0.006306115283625309,
        0.007339712422680947,
        0.012641750005369169
    ],
    "val_loss": [
        0.05917322402231957,
        0.05978652966166718,
        0.053559504148191064,
        0.052294394482636695,
        0.05250341211914072,
        0.04667620008538545,
        0.04357371187227465,
        0.04417554313396644,
        0.043369119749924884,
        0.04254971725193359,
        0.041372556778835765,
        0.03762731564820056,
        0.037908687760108285,
        0.0390453307359689,
        0.03504599885336982,
        0.03292707424269695,
        0.03139441285526225,
        0.031723489245778176,
        0.03155056314491183,
        0.0304435821575506,
        0.0270254148624818,
        0.02664323860237201,
        0.024564194231667866,
        0.025189727289615743,
        0.020655502676578483,
        0.02006141801250114,
        0.020488662213558564,
        0.019929546798211954,
        0.020653153435537093,
        0.015979466810047863,
        0.01938018014384323,
        0.020022656741354953,
        0.01934145221753241,
        0.017302522371141188,
        0.015628819240738483,
        0.013530209990070175,
        0.014573711308109584,
        0.012832933312672773,
        0.016200820087213796,
        0.017968790092281018,
        0.019849490511282042,
        0.018067547172954918,
        0.016219038089814404,
        0.01439057904790911,
        0.012222960798839392,
        0.013352161936160352,
        0.014031775232908137,
        0.015556906721375387,
        0.014523784661503435,
        0.015753743969747564
    ],
    "val_metrics": [
        {
            "mae": 57.78066139583546,
            "rmse": 73.34529782035632,
            "nete": 0.3,
            "precision": 0.5,
            "recall": 0.5,
            "f1": 0.40077846791643784
        },
        {
            "mae": 57.77948167066365,
            "rmse": 69.26639016202105,
            "nete": 0.3,
            "precision": 0.5,
            "recall": 0.5,
            "f1": 0.4240721095056286
        },
        {
            "mae": 56.6533408410895,
            "rmse": 68.42189226406016,
            "nete": 0.3,
            "precision": 0.5,
            "recall": 0.5,
            "f1": 0.43650835385679976
        },
        {
            "mae": 54.62124443300334,
            "rmse": 63.64862983990245,
            "nete": 0.3,
            "precision": 0.5,
            "recall": 0.5,
            "f1": 0.44411311565443623
        },
        {
            "mae": 53.806218263236374,
            "rmse": 65.77094133648995,
            "nete": 0.3,
            "precision": 0.5,
            "recall": 0.5,
            "f1": 0.45482492943886643
        },
        {
            "mae": 51.75994750186746,
            "rmse": 65.18611226959308,
            "nete": 0.3,
            "precision": 0.5,
            "recall": 0.5073254691437818,
            "f1": 0.4767335508047413
        },
        {
            "mae": 50.099370587347394,
            "rmse": 60.5108269498541,
            "nete": 0.3,
            "precision": 0.5,
            "recall": 0.5,
            "f1": 0.4834975314406555
        },
        {
            "mae": 49.605107382710386,
            "rmse": 60.634681694811505,
            "nete": 0.3,
            "precision": 0.5,
            "recall": 0.5192500596482356,
            "f1": 0.4898216162569366
        },
        {
            "mae": 46.896279681646945,
            "rmse": 55.14365470583397,
            "nete": 0.3,
            "precision": 0.5,
            "recall": 0.5353887056027621,
            "f1": 0.5135752273002687
        },
        {
            "mae": 45.604885019499136,
            "rmse": 55.84813556952572,
            "nete": 0.3,
            "precision": 0.5095143109807649,
            "recall": 0.5681551961537736,
            "f1": 0.5388347535672693
        },
        {
            "mae": 44.04634835788635,
            "rmse": 50.98289415424586,
            "nete": 0.3,
            "precision": 0.5400909955431887,
            "recall": 0.5704383986411654,
            "f1": 0.5552646970921771
        },
        {
            "mae": 42.93999093969318,
            "rmse": 52.991862453130636,
            "nete": 0.3,
            "precision": 0.5393773254531814,
            "recall": 0.6153574519795911,
            "f1": 0.5773673887163863
        },
        {
            "mae": 41.404708759062146,
            "rmse": 47.45247374269704,
            "nete": 0.3,
            "precision": 0.5204649612808819,
            "recall": 0.6195716345624872,
            "f1": 0.5700182979216846
        },
        {
            "mae": 41.07360421675536,
            "rmse": 49.29088864314669,
            "nete": 0.3,
            "precision": 0.5425630841965338,
            "recall": 0.6248252752652181,
            "f1": 0.583694179730876
        },
        {
            "mae": 40.31946864379975,
            "rmse": 48.36637148294607,
            "nete": 0.3,
            "precision": 0.5680045056321541,
            "recall": 0.624371561435295,
            "f1": 0.5961880335337245
        },
        {
            "mae": 39.63710035590228,
            "rmse": 48.306655678992364,
            "nete": 0.3,
            "precision": 0.5361469064523356,
            "recall": 0.6608689232180254,
            "f1": 0.5985079148351805
        },
        {
            "mae": 37.797436029318085,
            "rmse": 41.53239829779058,
            "nete": 0.3,
            "precision": 0.5966663475111227,
            "recall": 0.6577664350644719,
            "f1": 0.6272163912877973
        },
        {
            "mae": 35.80438372602299,
            "rmse": 44.706517660590364,
            "nete": 0.3,
            "precision": 0.5892526473779715,
            "recall": 0.644894200460751,
            "f1": 0.6170734239193612
        },
        {
            "mae": 35.32077531624412,
            "rmse": 40.00476276425209,
            "nete": 0.3,
            "precision": 0.5841535059129689,
            "recall": 0.6697969268081497,
            "f1": 0.6269752163605593
        },
        {
            "mae": 33.8526211995373,
            "rmse": 43.42422632606048,
            "nete": 0.3,
            "precision": 0.6438130529462897,
            "recall": 0.6629304312948985,
            "f1": 0.6533717421205941
        },
        {
            "mae": 33.63570177316995,
            "rmse": 42.78451741852503,
            "nete": 0.3,
            "precision": 0.5727012433923123,
            "recall": 0.7050997872943809,