{
    "train_loss": [
        0.059073698168317784,
        0.05682380216639671,
        0.05435124189969346,
        0.05202132749022883,
        0.05035054001353364,
        0.04843032974762713,
        0.046039575284774016,
        0.04410759978404122,
        0.04243585780075488,
        0.03904826552263107,
        0.03578228936048708,
        0.033049037742901965,
        0.03220350480143777,
        0.02848222374622121,
        0.028060166473109473,
        0.026395677119994916,
        0.02576086080610524,
        0.024059384358151997,
        0.022997778056289556,
        0.021045103248852618,
        0.020141806821983143,
        0.020000618887057762,
        0.019120046610245908,
        0.018933014914440334,
        0.017727708370222695,
        0.016354839468784525,
        0.015710123264213838,
        0.015511158051307367,
        0.013725499056879564,
        0.01200636964981657,
        0.012072944729600087,
        0.011319291138591153,
        0.009626062663127053,
        0.009816516064009496,
        0.009450746050435131,
        0.009486236174987882,
        0.009132957062920687,
        0.009293325990192924,
        0.005804183611122834,
        0.0050612688165757105,
        0.004005500742666618,
        0.0023541715482195765,
        0.0016480007426331264,
        0.0010946224139102036,
        0.001,
        0.001,
        0.001,
        0.001,
        0.001,
        0.009783704071470129
    ],
    "val_loss": [
        0.06402738307673367,
        0.06166499227471655,
        0.059068803994678135,
        0.05662239386474027,
        0.05486806701421033,
        0.05349781725689222,
        0.05038380550068615,
        0.04831297977324328,
        0.04655765069079263,
        0.04356734010662071,
        0.04344677028813003,
        0.039969099818551235,
        0.03604502159945109,
        0.03230312187801144,
        0.03146317479676495,
        0.03236789704101009,
        0.03162951465522532,
        0.0272623535760596,
        0.026147666959104032,
        0.024373743421088445,
        0.024414917201246736,
        0.023000649831410654,
        0.0220760489407582,
        0.022897678368112143,
        0.0243531725531425,
        0.02236576138521391,
        0.02387655828311496,
        0.02286416850263104,
        0.02071829764658565,
        0.02183602731453841,
        0.02403491167767251,
        0.023862847578059055,
        0.018809375757137897,
        0.01667236998537752,
        0.015836873261906446,
        0.015590548751564565,
        0.01398298166018152,
        0.014650146046540066,
        0.014577785135362351,
        0.013516482776995301,
        0.013489009679341324,
        0.011693928560633676,
        0.008829501422193214,
        0.009925407131876327,
        0.006943750217026883,
        0.004641070449672503,
        0.003047167834918924,
        0.006534454808548548,
        0.0050670921556175644,
        0.011967789876649166
    ],
    "val_metrics": [
        {
            "mae": 68.93794073038205,
            "rmse": 83.60580448830866,
            "nete": 0.3,
            "precision": 0.5,
            "recall": 0.543500523935254,
            "f1": 0.5053752003826691
        },
        {
            "mae": 65.71513402726052,
            "rmse": 82.81127437397616,
            "nete": 0.3,
            "precision": 0.5,
            "recall": 0.5444233043756473,
            "f1": 0.5097762493458775
        },
        {
            "mae": 63.91448774833682,
            "rmse": 81.61379716142,
            "nete": 0.3,
            "precision": 0.5114950669223092,
            "recall": 0.537881427493095,
            "f1": 0.524688247207702
        },
        {
            "mae": 61.8558694865998,
            "rmse": 74.38149010643237,
            "nete": 0.3,
            "precision": 0.5446850220622221,
            "recall": 0.5716092070120126,
            "f1": 0.5581471145371173
        },
        {
            "mae": 60.809478066495316,
            "rmse": 74.56552520856918,
            "nete": 0.3,
            "precision": 0.553736201320746,
            "recall": 0.5910717554388525,
            "f1": 0.5724039783797993
        },
        {
            "mae": 59.48794183761436,
            "rmse": 72.22458930796496,
            "nete": 0.3,
            "precision": 0.541475094580526,
            "recall": 0.6011258245568148,
            "f1": 0.5713004595686705
        },
        {
            "mae": 57.150792802219286,
            "rmse": 69.62166510140868,
            "nete": 0.3,
            "precision": 0.5710378072380131,
            "recall": 0.6174762436399097,
            "f1": 0.5942570254389614
        },
        {
            "mae": 55.8460612603633,
            "rmse": 67.9432968134502,
            "nete": 0.3,
            "precision": 0.587555451550387,
            "recall": 0.6272911313569326,
            "f1": 0.6074232914536598
        },
        {
            "mae": 53.64529934107722,
            "rmse": 67.03403873389938,
            "nete": 0.3,
            "precision": 0.6131621573500263,
            "recall": 0.6676669161777775,
            "f1": 0.6404145367639019
        },
        {
            "mae": 52.215794151264255,
            "rmse": 61.399237593966966,
            "nete": 0.3,
            "precision": 0.5961459936209118,
            "recall": 0.6603006648500818,
            "f1": 0.6282233292354967
        },
        {
            "mae": 50.982775972632766,
            "rmse": 62.44192171240052,
            "nete": 0.3,
            "precision": 0.6223345488644295,
            "recall": 0.6676920729490008,
            "f1": 0.6450133109067152
        },
        {
            "mae": 50.01857976325147,
            "rmse": 61.684348655404484,
            "nete": 0.3,
            "precision": 0.6448927351123125,
            "recall": 0.7059971653512584,
            "f1": 0.6754449502317855
        },
        {
            "mae": 47.810256195928744,
            "rmse": 58.47893688099361,
            "nete": 0.3,
            "precision": 0.6826807053709947,
            "recall": 0.7194450477276833,
            "f1": 0.701062876549339
        },
        {
            "mae": 45.85010321588391,
            "rmse": 53.375427871390315,
            "nete": 0.3,
            "precision": 0.6690599930762973,
            "recall": 0.7353481477425395,
            "f1": 0.7022040704094185
        },
        {
            "mae": 45.59564016914184,
            "rmse": 56.726105792060025,
            "nete": 0.3,
            "precision": 0.6861366025156923,
            "recall": 0.8027518439007978,
            "f1": 0.7444442232082451
        },
        {
            "mae": 43.45500468075428,
            "rmse": 48.488922864488224,
            "nete": 0.3,
            "precision": 0.7243637804016331,
            "recall": 0.7384426688120638,
            "f1": 0.7314032246068485
        },
        {
            "mae": 43.30952887277634,
            "rmse": 50.920189813591485,
            "nete": 0.3,
            "precision": 0.6916367049377206,
            "recall": 0.8100205245849289,
            "f1": 0.7508286147613248
        },
        {
            "mae": 41.781853659778236,
            "rmse": 52.27943502271034,
            "nete": 0.3,
            "precision": 0.7527732024863445,
            "recall": 0.8103082341371582,
            "f1": 0.7815407183117514
        },
        {
            "mae": 41.58428380377293,
            "rmse": 48.437976739107945,
            "nete": 0.3,
            "precision": 0.710129682683126,
            "recall": 0.8412574580990131,
            "f1": 0.7756935703910695
        },
        {
            "mae": 38.614498939578745,
            "rmse": 50.254233015512746,
            "nete": 0.3,
            "precision": 0.7574890963293297,
            "recall": 0.8390153434321163,
            "f1": 0.7982522198807229
        },
        {
            "mae": 39.50014084924753,
            "rmse": 50.96664247135045,
            "nete": 0.3,