{
    "train_loss": [
        0.058404148523533754,
        0.05478557062537947,
        0.05416630645758028,
        0.05142303181085509,
        0.050476224908867766,
        0.0482464581283182,
        0.04783061918236789,
        0.04423211499084093,
        0.042367844052122655,
        0.04031585561273355,
        0.0384904041572108,
        0.0376716036937231,
        0.03472937916627941,
        0.035319887075560476,
        0.03451160602112994,
        0.032613065631554555,
        0.030600594366441063,
        0.02836455601706182,
        0.02761945952915574,
        0.025390291545989742,
        0.02399935766292081,
        0.022566755676459355,
        0.022526004310016473,
        0.021949145994778433,
        0.021735806309434044,
        0.02068409339518605,
        0.020133819495806754,
        0.019026678122719697,
        0.017677075774844606,
        0.016455443923686475,
        0.015662387281709253,
        0.014712789174198024,
        0.013788616346636506,
        0.012731302131986534,
        0.012532447898035638,
        0.012000857226188232,
        0.01166175852223562,
        0.009650439696934934,
        0.009863488686375828,
        0.00936648348392671,
        0.009231547117047404,
        0.009766816117029743,
        0.009671153550183987,
        0.010113464262369335,
        0.008943702975848379,
        0.008343414435014773,
        0.007563804738522972,
        0.006242651995025009,
        0.003950351528309089,
        0.016426267009709734
    ],
    "val_loss": [
        0.06485003618011963,
        0.06409314207369717,
        0.06041568432522288,
        0.05599418340139785,
        0.055000036154311156,
        0.05265878103473411,
        0.05239878141406492,
        0.05293724415467762,
        0.05384061660827304,
        0.050471198951966334,
        0.04858680451842862,
        0.04738374859309921,
        0.04319503615739488,
        0.04133341022478766,
        0.03823718632218644,
        0.036243718913132286,
        0.03413062408476312,
        0.03268097844455735,
        0.031059136757404026,
        0.03176489823313597,
        0.027199325546066855,
        0.028204247953501845,
        0.025652304525517297,
        0.025046603294517356,
        0.024948160958122387,
        0.0247954375570204,
        0.023529730086939222,
        0.022071289875342074,
        0.023862195222182435,
        0.024587968071928836,
        0.02005803647945295,
        0.020927662382110697,
        0.01844680828539114,
        0.018525416245224535,
        0.019219459192581844,
        0.019262090762410828,
        0.02087071846574276,
        0.01984552244136012,
        0.019600352119614764,
        0.019427845364056638,
        0.018721160559559327,
        0.017819097798381308,
        0.019368750593434014,
        0.02124955583118586,
        0.019602499273845393,
        0.019624144771047434,
        0.01743092623791344,
        0.014326116610044853,
        0.013236828085980437,
        0.01983628228511285
    ],
    "val_metrics": [
        {
            "mae": 76.46525017564068,
            "rmse": 92.32022384687883,
            "nete": 0.3,
            "precision": 0.5,
            "recall": 0.5,
            "f1": 0.45103403211780924
        },
        {
            "mae": 75.99715449026544,
            "rmse": 92.19482828323915,
            "nete": 0.3,
            "precision": 0.5,
            "recall": 0.5,
            "f1": 0.43245948599848705
        },
        {
            "mae": 72.82011127892827,
            "rmse": 85.18591276364799,
            "nete": 0.3,
            "precision": 0.5,
            "recall": 0.5,
            "f1": 0.4718860469287197
        },
        {
            "mae": 71.63206175222605,
            "rmse": 84.85148447291961,
            "nete": 0.3,
            "precision": 0.5,
            "recall": 0.5620564062639614,
            "f1": 0.5034428363843728
        },
        {
            "mae": 67.92735826058686,
            "rmse": 80.69424321638527,
            "nete": 0.3,
            "precision": 0.5,
            "recall": 0.5361778249721104,
            "f1": 0.5123359358265827
        },
        {
            "mae": 68.99304895698998,
            "rmse": 80.4783075506653,
            "nete": 0.3,
            "precision": 0.5111917089589553,
            "recall": 0.5709064937916396,
            "f1": 0.5410491013752975
        },
        {
            "mae": 67.58802555017947,
            "rmse": 84.16875498598269,
            "nete": 0.3,
            "precision": 0.512639677760949,
            "recall": 0.5635535872176873,
            "f1": 0.5380966324893182
        },
        {
            "mae": 64.62919514164824,
            "rmse": 80.02907138436905,
            "nete": 0.3,
            "precision": 0.5345962003109072,
            "recall": 0.6114437080779224,
            "f1": 0.5730199541944148
        },
        {
            "mae": 62.8906286646249,
            "rmse": 81.42515774228633,
            "nete": 0.3,
            "precision": 0.5308647290260164,
            "recall": 0.5983347935894864,
            "f1": 0.5645997613077515
        },
        {
            "mae": 60.32743053530887,
            "rmse": 72.66255839568166,
            "nete": 0.3,
            "precision": 0.5808337343062937,
            "recall": 0.6219422033389247,
            "f1": 0.6013879688226091
        },
        {
            "mae": 57.7559096002997,
            "rmse": 68.397131141796,
            "nete": 0.3,
            "precision": 0.5866379649913127,
            "recall": 0.6139886237723298,
            "f1": 0.6003132943818211
        },
        {
            "mae": 56.89483593128907,
            "rmse": 75.95173473842505,
            "nete": 0.3,
            "precision": 0.5553615685047364,
            "recall": 0.6853616629723879,
            "f1": 0.6203616157385622
        },
        {
            "mae": 55.55484942818621,
            "rmse": 66.56236770414594,
            "nete": 0.3,
            "precision": 0.5866574497669783,
            "recall": 0.670325362064758,
            "f1": 0.6284914059158683
        },
        {
            "mae": 54.751427922951784,
            "rmse": 63.25646040759317,
            "nete": 0.3,
            "precision": 0.5837883893953497,
            "recall": 0.6870342895061475,
            "f1": 0.6354113394507487
        },
        {
            "mae": 51.63686747029817,
            "rmse": 60.81186966913398,
            "nete": 0.3,
            "precision": 0.6400063979730263,
            "recall": 0.6962848457168376,
            "f1": 0.6681456218449319
        },
        {
            "mae": 50.807739000956296,
            "rmse": 62.62277429486597,
            "nete": 0.3,
            "precision": 0.6427806459738864,
            "recall": 0.7065827384292939,
            "f1": 0.6746816922015901
        },
        {
            "mae": 49.99425646531328,
            "rmse": 64.92034805086439,
            "nete": 0.3,
            "precision": 0.6541416383432781,
            "recall": 0.695885701092624,
            "f1": 0.6750136697179511
        },
        {
            "mae": 47.0836513525298,
            "rmse": 55.256197625564425,
            "nete": 0.3,
            "precision": 0.6641867178257246,
            "recall": 0.7703072087573164,
            "f1": 0.7172469632915205
        },
        {
            "mae": 47.015037266790074,
            "rmse": 54.565949560866024,
            "nete": 0.3,
            "precision": 0.690691798236809,
            "recall": 0.7438615410666339,
            "f1": 0.7172766696517215
        },
        {
            "mae": 46.559072658037465,
            "rmse": 51.316285512192906,
            "nete": 0.3,
            "precision": 0.6954366961412295,
            "recall": 0.7357063139334004,
            "f1": 0.7155715050373148
        },
        {
            "mae": 43.489650334841414,
            "rmse": 54.068979835032195,
            "nete": 0.3,