{
    "train_loss": [
        0.06509964282785567,
        0.06049166576495317,
        0.05840153790973974,
        0.056534496912722165,
        0.054506699379030306,
        0.05285138823488048,
        0.050257627988510765,
        0.0486458168750031,
        0.04483223843562281,
        0.042522562218608,
        0.040841771886811346,
        0.04042482639991533,
        0.03684824174653491,
        0.03542675383777567,
        0.034479178401200364,
        0.03228013643126661,
        0.031344511994620884,
        0.03082276282652106,
        0.03075911429397898,
        0.02967771320424603,
        0.028865616435704993,
        0.028136661152998867,
        0.02666931323713069,
        0.023853825638494,
        0.022095866361301317,
        0.022678051743240994,
        0.021137037056540218,
        0.019181173661322142,
        0.019565623985573516,
        0.01931155910140936,
        0.01884286483255573,
        0.017607688055595844,
        0.017170479842535013,
        0.01732932855430002,
        0.017315093679105206,
        0.018316303265489733,
        0.017927217595179422,
        0.01747986192711318,
        0.017482355282515502,
        0.01823073350263953,
        0.018131931679706132,
        0.01684376014489171,
        0.01636730029410119,
        0.015546812451393815,
        0.013845291612583742,
        0.013200582193668802,
        0.011281694331647331,
        0.01158767362328254,
        0.009495043266992227,
        0.01617743516898006
    ],
    "val_loss": [
        0.0711509940206661,
        0.06681590339244808,
        0.0652401685940601,
        0.0646488663029778,
        0.06178067510080257,
        0.05926420305849223,
        0.05738028048212766,
        0.057142740199035605,
        0.05524506977420001,
        0.05427145474205408,
        0.05143988754493803,
        0.04664209090024659,
        0.04553875478363354,
        0.042801504754197216,
        0.04065907311702451,
        0.03884983626739645,
        0.03492939705336174,
        0.03436390096784712,
        0.03429707000867793,
        0.03477406622803828,
        0.034364824977626295,
        0.03574121221689116,
        0.034799857484456014,
        0.03348568854568039,
        0.03393605127588326,
        0.033732714129013415,
        0.03318426322366335,
        0.03148327013922116,
        0.02976539419903467,
        0.028302338050192347,
        0.027286115003026416,
        0.026534175500056656,
        0.025979853339528524,
        0.029467202004791623,
        0.029433257553118344,
        0.026953693820976118,
        0.028716017082302286,
        0.028165173170198173,
        0.029405969697700787,
        0.029968995601317158,
        0.028373526077427092,
        0.026906148865865506,
        0.025682125947624146,
        0.024769023896845564,
        0.02328385120595485,
        0.021275027405540454,
        0.021348084408895303,
        0.02255532880053797,
        0.021656231725777787,
        0.021558454118764645
    ],
    "val_metrics": [
        {
            "mae": 81.01379556315781,
            "rmse": 100.50149008781403,
            "nete": 0.3,
            "precision": 0.5,
            "recall": 0.5,
            "f1": 0.4575711581784378
        },
        {
            "mae": 80.30796450182636,
            "rmse": 99.25022700099068,
            "nete": 0.3,
            "precision": 0.5,
            "recall": 0.5,
            "f1": 0.4798738943158788
        },
        {
            "mae": 75.82815658265974,
            "rmse": 89.5686118795467,
            "nete": 0.3,
            "precision": 0.5,
            "recall": 0.5079672928138872,
            "f1": 0.48909655197489166
        },
        {
            "mae": 72.86659680253095,
            "rmse": 97.52949652162557,
            "nete": 0.3,
            "precision": 0.5,
            "recall": 0.5485644415990123,
            "f1": 0.5074698185027606
        },
        {
            "mae": 73.53312377401376,
            "rmse": 92.80488319451966,
            "nete": 0.3,
            "precision": 0.5021291053286127,
            "recall": 0.528762402254632,
            "f1": 0.5154457537916223
        },
        {
            "mae": 69.82597913481224,
            "rmse": 88.91578499033336,
            "nete": 0.3,
            "precision": 0.522626207408994,
            "recall": 0.5816532908957464,
            "f1": 0.5521397491523702
        },
        {
            "mae": 69.38499544645465,
            "rmse": 78.70347951674295,
            "nete": 0.3,
            "precision": 0.5453642989323615,
            "recall": 0.614756369405884,
            "f1": 0.5800603341691226
        },
        {
            "mae": 67.57843341236118,
            "rmse": 78.529683433461,
            "nete": 0.3,
            "precision": 0.5542165950348888,
            "recall": 0.6048941430200891,
            "f1": 0.579555369027489
        },
        {
            "mae": 65.5845757630213,
            "rmse": 76.83118407054796,
            "nete": 0.3,
            "precision": 0.569362851290103,
            "recall": 0.6229331329429058,
            "f1": 0.5961479921165044
        },
        {
            "mae": 61.43656966356797,
            "rmse": 69.07690898162245,
            "nete": 0.3,
            "precision": 0.5410454449855564,
            "recall": 0.6676773598185246,
            "f1": 0.6043614024020405
        },
        {
            "mae": 62.76135614444269,
            "rmse": 72.62193610590268,
            "nete": 0.3,
            "precision": 0.6214889789672786,
            "recall": 0.6434166073443889,
            "f1": 0.6324527931558337
        },
        {
            "mae": 59.69519033438681,
            "rmse": 70.27098296694979,
            "nete": 0.3,
            "precision": 0.599486558699308,
            "recall": 0.69832621160269,
            "f1": 0.6489063851509991
        },
        {
            "mae": 56.02864228911338,
            "rmse": 70.13621323036989,
            "nete": 0.3,
            "precision": 0.6313652634745184,
            "recall": 0.6765969338395721,
            "f1": 0.6539810986570451
        },
        {
            "mae": 55.6253958137588,
            "rmse": 65.60967423841497,
            "nete": 0.3,
            "precision": 0.6218132857602233,
            "recall": 0.7026038095746947,
            "f1": 0.6622085476674591
        },
        {
            "mae": 56.22534516361144,
            "rmse": 64.53642373800191,
            "nete": 0.3,
            "precision": 0.6301762702791078,
            "recall": 0.7362183360823767,
            "f1": 0.6831973031807423
        },
        {
            "mae": 53.04441527931056,
            "rmse": 61.60892026463602,
            "nete": 0.3,
            "precision": 0.6842626271936519,
            "recall": 0.7537122875058296,
            "f1": 0.7189874573497408
        },
        {
            "mae": 52.191692470961456,
            "rmse": 62.649275951617604,
            "nete": 0.3,
            "precision": 0.7063637370964149,
            "recall": 0.7365283352594999,
            "f1": 0.7214460361779573
        },
        {
            "mae": 51.347135869933,
            "rmse": 63.30128180891764,
            "nete": 0.3,
            "precision": 0.7024753403844856,
            "recall": 0.7538180111844219,
            "f1": 0.7281466757844538
        },
        {
            "mae": 48.695779787818516,
            "rmse": 59.22970229858867,
            "nete": 0.3,
            "precision": 0.6772027637906767,
            "recall": 0.7874265853406617,
            "f1": 0.7323146745656692
        },
        {
            "mae": 46.59739251445544,
            "rmse": 60.210720437774,
            "nete": 0.3,
            "precision": 0.7248656094576282,
            "recall": 0.7920797555278791,
            "f1": 0.7584726824927538
        },
        {
            "mae": 45.406829939401966,
            "rmse": 52.88279204163721,
            "nete": 0.3,