{
    "appliance": "dish washer",
    "window_size": 100,
    "model_params": {
        "input_size": 1,
        "hidden_size": 128,
        "num_layers": 2,
        "output_size": 1,
        "bidirectional": true
    },
    "train_params": {
        "lr": 0.001,
        "epochs": 50,
        "patience": 10
    },
    "final_metrics": {
        "train_loss": 11350.238649113973,
        "val_loss": 8697.461626004455,
        "test_loss": 26107.862159618737,
        "test_metrics": {
            "mae": 36.11753463745117,
            "rmse": 161.65628051757812,
            "nete": 0.7551466822624207,
            "sae": 35.89415740966797,
            "traditional_sae": 0.11036036036036034,
            "precision": 0.2898415657036347,
            "recall": 0.7215777262180975,
            "f1": 0.41356382978723405
        }
    }
}