{
    "appliance": "washer dryer",
    "window_size": 100,
    "model_params": {
        "input_size": 1,
        "output_size": 1,
        "hidden_size": 128,
        "num_layers": 1,
        "dt": 0.1,
        "advanced": false
    },
    "train_params": {
        "lr": 0.001,
        "epochs": 50,
        "patience": 10
    },
    "final_metrics": {
        "train_loss": 485932.6189832899,
        "val_loss": 1052094.0781344944,
        "test_loss": 18886.624201660157,
        "test_metrics": {
            "mae": 77.1797103881836,
            "rmse": 137.47439575195312,
            "nete": 1442.8543701171875,
            "sae": 1.0,
            "precision": 0.0,
            "recall": 0.0,
            "f1": 0.0
        }
    }
}