{
    "train_loss": [
        0.05848595482804732,
        0.056063992171470976,
        0.05459220304636831,
        0.05231333214444623,
        0.050348198666160776,
        0.04685617085451887,
        0.04566885514697273,
        0.04355769859565345,
        0.04196727563905922,
        0.040432964482297884,
        0.03674928857168345,
        0.03541766236458687,
        0.03363822663479628,
        0.03310388752938814,
        0.031803257254418384,
        0.02981477342334268,
        0.02887116693804866,
        0.02792543766613816,
        0.028587586634413655,
        0.026248733238991937,
        0.026174653579165003,
        0.02600357944016129,
        0.02310155104000352,
        0.02242433658246473,
        0.021823013881656774,
        0.020589984146834814,
        0.018693658554252705,
        0.017745107794654075,
        0.017785056519074683,
        0.019186569062546028,
        0.018626294528256274,
        0.018250828589434234,
        0.016622043933282305,
        0.014871008136906786,
        0.01421035315835207,
        0.013445181247038179,
        0.011784633362779885,
        0.011030310636430935,
        0.010705788779138792,
        0.010309966851480772,
        0.010257377025732884,
        0.010511700531221715,
        0.009940013345260547,
        0.00999388046678655,
        0.009838496277348304,
        0.00904073511379901,
        0.008605113741915471,
        0.007358920893210698,
        0.006972711132065583,
        0.014414895565615435
    ],
    "val_loss": [
        0.06469867647867192,
        0.06113876882776616,
        0.05932181319868673,
        0.05692899875166855,
        0.05559133302528036,
        0.0529984498720127,
        0.05184697164918908,
        0.04779766364425291,
        0.04606563942101218,
        0.04445461270641278,
        0.0427714225857599,
        0.04001232330572747,
        0.03757313144379254,
        0.037712946484007775,
        0.036749790144648325,
        0.03559566679951499,
        0.034307913532509685,
        0.03263974807584171,
        0.03201696596613434,
        0.029561169900941535,
        0.029483386258123252,
        0.02930375841216936,
        0.026857236136363562,
        0.02617216238305134,
        0.02491416457573961,
        0.025552066549906462,
        0.023505463561231066,
        0.021695424751876975,
        0.020674309345028417,
        0.022145897515673328,
        0.02155760925466909,
        0.021163370018905947,
        0.02048742653657958,
        0.017614558543752126,
        0.017063524395394696,
        0.016479744702846428,
        0.014510973314054872,
        0.013581826168252483,
        0.01429098428562571,
        0.01282546519405481,
        0.01277024587701953,
        0.013037285557782802,
        0.013739245641241925,
        0.013913751421015547,
        0.013561122313335937,
        0.01511524420381442,
        0.015514540531871233,
        0.015420618330478903,
        0.016947230286210486,
        0.0194060980745173
    ],
    "val_metrics": [
        {
            "mae": 73.05390592177642,
            "rmse": 92.62301453518464,
            "nete": 0.3,
            "precision": 0.5,
            "recall": 0.5113373185496211,
            "f1": 0.476783210803872
        },
        {
            "mae": 71.91827163738598,
            "rmse": 83.20816899447283,
            "nete": 0.3,
            "precision": 0.5,
            "recall": 0.5,
            "f1": 0.4903561475126708
        },
        {
            "mae": 68.76448736155098,
            "rmse": 77.077020108358,
            "nete": 0.3,
            "precision": 0.5,
            "recall": 0.5414940444671036,
            "f1": 0.5141753229968812
        },
        {
            "mae": 66.80548310967144,
            "rmse": 79.16663499550604,
            "nete": 0.3,
            "precision": 0.5194057664743974,
            "recall": 0.5597946966522136,
            "f1": 0.5396002315633055
        },
        {
            "mae": 65.14642494189488,
            "rmse": 77.68760716770215,
            "nete": 0.3,
            "precision": 0.5332021338633861,
            "recall": 0.5698215074195587,
            "f1": 0.5515118206414725
        },
        {
            "mae": 64.21699460133168,
            "rmse": 73.91110696043245,
            "nete": 0.3,
            "precision": 0.5553963700733461,
            "recall": 0.5953442450642308,
            "f1": 0.5753703075687885
        },
        {
            "mae": 62.74779969191021,
            "rmse": 70.2909216369406,
            "nete": 0.3,
            "precision": 0.5834177433698597,
            "recall": 0.6023479168538892,
            "f1": 0.5928828301118744
        },
        {
            "mae": 61.02255271204357,
            "rmse": 73.41287676312939,
            "nete": 0.3,
            "precision": 0.5964516345331885,
            "recall": 0.6505524010069342,
            "f1": 0.6235020177700614
        },
        {
            "mae": 59.32029531943883,
            "rmse": 75.16254691010133,
            "nete": 0.3,
            "precision": 0.5771362766542724,
            "recall": 0.6670111505902545,
            "f1": 0.6220737136222634
        },
        {
            "mae": 58.76619790488195,
            "rmse": 71.33419302341764,
            "nete": 0.3,
            "precision": 0.6132811281271151,
            "recall": 0.6815595278429984,
            "f1": 0.6474203279850568
        },
        {
            "mae": 56.06138834118686,
            "rmse": 67.1615126085603,
            "nete": 0.3,
            "precision": 0.6365445753677422,
            "recall": 0.7008776691971661,
            "f1": 0.6687111222824541
        },
        {
            "mae": 54.13496228315013,
            "rmse": 68.4820822813516,
            "nete": 0.3,
            "precision": 0.6401460216565049,
            "recall": 0.7178097109814043,
            "f1": 0.6789778663189546
        },
        {
            "mae": 51.67490411262247,
            "rmse": 64.35024667895537,
            "nete": 0.3,
            "precision": 0.6369519289081256,
            "recall": 0.7199536300781798,
            "f1": 0.6784527794931526
        },
        {
            "mae": 51.21607395209741,
            "rmse": 63.568045207023694,
            "nete": 0.3,
            "precision": 0.6520382144184463,
            "recall": 0.7712985840755041,
            "f1": 0.7116683992469752
        },
        {
            "mae": 50.135446836739014,
            "rmse": 60.07997371838169,
            "nete": 0.3,
            "precision": 0.7090571334912165,
            "recall": 0.752568106739439,
            "f1": 0.7308126201153277
        },
        {
            "mae": 49.05079531952937,
            "rmse": 60.43178263723553,
            "nete": 0.3,
            "precision": 0.6819530781369868,
            "recall": 0.7753641961184934,
            "f1": 0.7286586371277401
        },
        {
            "mae": 46.4060715603748,
            "rmse": 55.68498157140385,
            "nete": 0.3,
            "precision": 0.7227041248865097,
            "recall": 0.7865935463303214,
            "f1": 0.7546488356084156
        },
        {
            "mae": 45.37214884640495,
            "rmse": 55.615544660064955,
            "nete": 0.3,
            "precision": 0.7340264150257805,
            "recall": 0.8220848247523079,
            "f1": 0.7780556198890443
        },
        {
            "mae": 43.42128077307357,
            "rmse": 49.631128238657595,
            "nete": 0.3,
            "precision": 0.7487007147832729,
            "recall": 0.8028976935388334,
            "f1": 0.7757992041610532
        },
        {
            "mae": 43.90869559977988,
            "rmse": 56.66305220760901,
            "nete": 0.3,
            "precision": 0.7591618399559115,
            "recall": 0.8370665133554368,
            "f1": 0.7981141766556741
        },
        {
            "mae": 42.27831680851466,
            "rmse": 50.739875630043514,