{
    "appliance": "dish washer",
    "window_size": 100,
    "model_params": {
        "input_size": 1,
        "output_size": 1,
        "hidden_size": 128,
        "num_layers": 1,
        "dt": 0.1,
        "advanced": false
    },
    "train_params": {
        "lr": 0.001,
        "epochs": 50,
        "patience": 10
    },
    "final_metrics": {
        "train_loss": 13556.720508151584,
        "val_loss": 12698.90215287757,
        "test_loss": 29855.31566271746,
        "test_metrics": {
            "mae": 40.666404724121094,
            "rmse": 172.86544799804688,
            "nete": 0.7101039290428162,
            "sae": 39.91603088378906,
            "traditional_sae": 0.1267517517517518,
            "precision": 0.2903458213256484,
            "recall": 0.9350348027842227,
            "f1": 0.44310060472787244
        }
    }
}