{
    "train_loss": [
        0.05663114545479094,
        0.05483929113382932,
        0.051550895840932344,
        0.047462405975209246,
        0.044717237898762655,
        0.04246803442098727,
        0.040646106771013796,
        0.03787067806712791,
        0.03743606913223009,
        0.03622723505774997,
        0.03487485234592477,
        0.03452244882080185,
        0.03367360891847217,
        0.034136529307814086,
        0.03402640056867274,
        0.03289113611191786,
        0.031242617985411676,
        0.0307516378204389,
        0.029793689463815314,
        0.02908699417655331,
        0.027288887086556537,
        0.026006530819912364,
        0.026408178297319465,
        0.0266512767150175,
        0.026895577439619792,
        0.026419284741339474,
        0.024734710122297474,
        0.023986498413655154,
        0.02341759537008353,
        0.02226057607260039,
        0.022180058229036737,
        0.020460657984084987,
        0.0199540559578852,
        0.019235332447527162,
        0.016851326841544972,
        0.015434784567497802,
        0.01529446510253852,
        0.013088891076410425,
        0.01520931036801389,
        0.013003086003841128,
        0.012551628855299155,
        0.012443613710468456,
        0.013055798123001023,
        0.012253057591872825,
        0.01225594300078457,
        0.012299454301439625,
        0.012555663081873555,
        0.012381447718937672,
        0.011146659252568206,
        0.013694320418556958
    ],
    "val_loss": [
        0.061462702727530495,
        0.05958125569052079,
        0.0574074060453749,
        0.054894086760238575,
        0.053367086310180216,
        0.048170660301555146,
        0.045054095386429335,
        0.04183099615407652,
        0.041307872588841596,
        0.04003859681063747,
        0.038618594963221016,
        0.038248571261841946,
        0.03736262754139821,
        0.037843355773204794,
        0.03772772059710638,
        0.036535692917513754,
        0.03687684380543665,
        0.034289219711460844,
        0.03328337393700608,
        0.03254134388538098,
        0.032814045426158935,
        0.03410334884024894,
        0.032993565027663534,
        0.02998384055076838,
        0.030240356311600783,
        0.02974024897840645,
        0.027971445628412347,
        0.02718582333433791,
        0.026588475138587704,
        0.025373604876230416,
        0.025289061140488574,
        0.0239624279329439,
        0.022951758755779463,
        0.02219709906990352,
        0.020313324791999994,
        0.018206523795872696,
        0.01829197948403182,
        0.01862100224061993,
        0.017969775886414588,
        0.019379205287303226,
        0.018120551375103672,
        0.01897880639460237,
        0.0174743511610965,
        0.014865710471466466,
        0.0148687401508238,
        0.015645039584199518,
        0.015753114474280915,
        0.015000520104884556,
        0.013703992215196616,
        0.01707722558212348
    ],
    "val_metrics": [
        {
            "mae": 78.26253866039548,
            "rmse": 96.82275929817948,
            "nete": 0.3,
            "precision": 0.5,
            "recall": 0.5100654353609247,
            "f1": 0.4748850773974885
        },
        {
            "mae": 77.30379564665665,
            "rmse": 92.87001608048614,
            "nete": 0.3,
            "precision": 0.5,
            "recall": 0.5,
            "f1": 0.4866018204451693
        },
        {
            "mae": 74.22718599191944,
            "rmse": 84.34373441169848,
            "nete": 0.3,
            "precision": 0.5,
            "recall": 0.5520613954574686,
            "f1": 0.5093430760019872
        },
        {
            "mae": 71.56101842138635,
            "rmse": 89.91571121097193,
            "nete": 0.3,
            "precision": 0.544263487451023,
            "recall": 0.5415152468628625,
            "f1": 0.5428893671569428
        },
        {
            "mae": 71.15516145402879,
            "rmse": 79.19990919623187,
            "nete": 0.3,
            "precision": 0.5537387773634429,
            "recall": 0.5400570661855181,
            "f1": 0.5468979217744805
        },
        {
            "mae": 69.144221081473,
            "rmse": 81.68787299160512,
            "nete": 0.3,
            "precision": 0.5174794824952863,
            "recall": 0.5935817051565219,
            "f1": 0.5555305938259041
        },
        {
            "mae": 66.66655483586193,
            "rmse": 77.43964778743619,
            "nete": 0.3,
            "precision": 0.5318140672148418,
            "recall": 0.6056097555481008,
            "f1": 0.5687119113814714
        },
        {
            "mae": 65.26095890319115,
            "rmse": 78.62294346960537,
            "nete": 0.3,
            "precision": 0.5972176126907857,
            "recall": 0.6265071855655312,
            "f1": 0.6118623991281584
        },
        {
            "mae": 60.91627186173812,
            "rmse": 76.78611781358833,
            "nete": 0.3,
            "precision": 0.5719933285913589,
            "recall": 0.6648819904209847,
            "f1": 0.6184376595061718
        },
        {
            "mae": 60.949949212929184,
            "rmse": 77.55889283081899,
            "nete": 0.3,
            "precision": 0.6200698838864768,
            "recall": 0.6694414872839137,
            "f1": 0.6447556855851952
        },
        {
            "mae": 60.49934225007964,
            "rmse": 79.46531705102619,
            "nete": 0.3,
            "precision": 0.6300143858329659,
            "recall": 0.6536116273079633,
            "f1": 0.6418130065704646
        },
        {
            "mae": 56.87224584896713,
            "rmse": 71.955950694818,
            "nete": 0.3,
            "precision": 0.625112030846934,
            "recall": 0.7080788289978421,
            "f1": 0.6665954299223881
        },
        {
            "mae": 55.638259538147864,
            "rmse": 64.3518266957833,
            "nete": 0.3,
            "precision": 0.6691872627821895,
            "recall": 0.7146145665857554,
            "f1": 0.6919009146839724
        },
        {
            "mae": 54.420214793072105,
            "rmse": 60.799953576624276,
            "nete": 0.3,
            "precision": 0.6054616045555424,
            "recall": 0.773271271054556,
            "f1": 0.6893664378050491
        },
        {
            "mae": 53.87621234448643,
            "rmse": 65.58737074220716,
            "nete": 0.3,
            "precision": 0.672982615865483,
            "recall": 0.7286933971609029,
            "f1": 0.700838006513193
        },
        {
            "mae": 52.53526654537377,
            "rmse": 55.953475585719225,
            "nete": 0.3,
            "precision": 0.6775452803501064,
            "recall": 0.7801300286018886,
            "f1": 0.7288376544759976
        },
        {
            "mae": 49.56577771519243,
            "rmse": 58.8608301513934,
            "nete": 0.3,
            "precision": 0.6970835317779013,
            "recall": 0.7615569510480648,
            "f1": 0.7293202414129829
        },
        {
            "mae": 47.32691225444888,
            "rmse": 59.17512506837441,
            "nete": 0.3,
            "precision": 0.754761830027757,
            "recall": 0.7819141481928089,
            "f1": 0.768337989110283
        },
        {
            "mae": 47.83586658101526,
            "rmse": 57.254711042022834,
            "nete": 0.3,
            "precision": 0.7473401999664369,
            "recall": 0.765863575079216,
            "f1": 0.7566018875228263
        },
        {
            "mae": 46.164158003577256,
            "rmse": 51.80538406066429,
            "nete": 0.3,
            "precision": 0.7446046993585064,
            "recall": 0.8325604464006977,
            "f1": 0.788582572879602
        },
        {
            "mae": 44.29791772111983,
            "rmse": 55.81551273242494,