{
    "appliance": "dish washer",
    "window_size": 100,
    "model_params": {
        "input_size": 1,
        "output_size": 1,
        "hidden_size": 128,
        "num_layers": 1,
        "dt": 0.1,
        "advanced": false
    },
    "train_params": {
        "lr": 0.001,
        "epochs": 20,
        "patience": 10
    },
    "final_metrics": {
        "train_loss": 13644.001150512695,
        "val_loss": 12484.147338708242,
        "test_loss": 30506.094092960357,
        "test_metrics": {
            "mae": 42.44957733154297,
            "rmse": 174.74365234375,
            "nete": 0.6891099810600281,
            "sae": 41.9787483215332,
            "traditional_sae": 0.1282532532532532,
            "precision": 0.28815977175463625,
            "recall": 0.9373549883990719,
            "f1": 0.4408074195308238
        }
    }
}