{
    "train_loss": [
        0.04080020219529912,
        0.038880890755490234,
        0.03716166179565455,
        0.033549237005961005,
        0.032570180995567355,
        0.029273010450080215,
        0.028185661370640328,
        0.025431937179555143,
        0.024051372524540454,
        0.02266663251413751,
        0.021569680252477207,
        0.018227698009987213,
        0.016186392914219545,
        0.01592935541122511,
        0.0157290540835807,
        0.013582893238490979,
        0.014477215766000359,
        0.013352024635778626,
        0.013031129086833756,
        0.011573091493768378,
        0.011179455494138024,
        0.007495305742180738,
        0.007105142753670929,
        0.004256686646161927,
        0.004622842391734942,
        0.0045243693262298195,
        0.0050203711101662295,
        0.005157706197983589,
        0.0061696334310968135,
        0.004313874096424704,
        0.004102078787771829,
        0.004715249210783748,
        0.0033668721109229734,
        0.0016797709585841866,
        0.001958335312239844,
        0.001,
        0.001,
        0.002510638923572911,
        0.0019041086785823661,
        0.001,
        0.001,
        0.001,
        0.001,
        0.001,
        0.001,
        0.001,
        0.001,
        0.001,
        0.001,
        0.007371897265834271
    ],
    "val_loss": [
        0.04632315923197569,
        0.0447311402860779,
        0.04368993427960975,
        0.04234145638877027,
        0.03864680316179261,
        0.03682443517983521,
        0.0344203249312164,
        0.03246522553690072,
        0.03277107560306911,
        0.03010985858932772,
        0.02797353960226921,
        0.02732899582486195,
        0.02683016588627871,
        0.02765190415391734,
        0.025275992354048694,
        0.02371981111833866,
        0.023174817756842454,
        0.022017120198342933,
        0.016287684331972238,
        0.014151746068456797,
        0.016110512187100322,
        0.014785453072419179,
        0.015413801999288818,
        0.01270528895145226,
        0.012992633055117905,
        0.013234471751274913,
        0.01238733338842341,
        0.011929472935306678,
        0.009264769717249651,
        0.0079068149706546,
        0.008678116049426782,
        0.008673426628188754,
        0.008967468278781572,
        0.010390743063733993,
        0.00849478388562307,
        0.00905899465777604,
        0.010394229410149437,
        0.009850371809804864,
        0.008581535250401503,
        0.006866875407763223,
        0.005441911264381344,
        0.0025567273186110034,
        0.0015650739080851253,
        0.0026060475615642628,
        0.0031242437191700244,
        0.0021707601248388943,
        0.001,
        0.001,
        0.001,
        0.00905459306198064
    ],
    "val_metrics": [
        {
            "mae": 43.02057292751946,
            "rmse": 52.14852310566064,
            "nete": 0.3,
            "precision": 0.5,
            "recall": 0.5,
            "f1": 0.3981340889534585
        },
        {
            "mae": 42.540074166108916,
            "rmse": 49.668558569977236,
            "nete": 0.3,
            "precision": 0.5,
            "recall": 0.5,
            "f1": 0.4412269828718673
        },
        {
            "mae": 41.01256834375293,
            "rmse": 46.49778854118614,
            "nete": 0.3,
            "precision": 0.5,
            "recall": 0.5,
            "f1": 0.4493330168445259
        },
        {
            "mae": 39.91800918555144,
            "rmse": 50.515449447599714,
            "nete": 0.3,
            "precision": 0.5,
            "recall": 0.5,
            "f1": 0.4724842648948121
        },
        {
            "mae": 37.74583296194167,
            "rmse": 44.719125495658105,
            "nete": 0.3,
            "precision": 0.5,
            "recall": 0.5156548217512854,
            "f1": 0.48992507739086066
        },
        {
            "mae": 38.42894637506673,
            "rmse": 45.45676451881532,
            "nete": 0.3,
            "precision": 0.5,
            "recall": 0.5164596550723491,
            "f1": 0.4824806460810884
        },
        {
            "mae": 36.465127553449356,
            "rmse": 45.44442389395128,
            "nete": 0.3,
            "precision": 0.5,
            "recall": 0.5378135415692403,
            "f1": 0.5028736390138735
        },
        {
            "mae": 36.19948748190766,
            "rmse": 44.41374783623252,
            "nete": 0.3,
            "precision": 0.5,
            "recall": 0.5752561061604435,
            "f1": 0.5346938266301081
        },
        {
            "mae": 34.626582564907594,
            "rmse": 41.59269294093828,
            "nete": 0.3,
            "precision": 0.5062200134152111,
            "recall": 0.5590407865741617,
            "f1": 0.5326303999946864
        },
        {
            "mae": 33.80846780017482,
            "rmse": 40.44443265052081,
            "nete": 0.3,
            "precision": 0.521024921820094,
            "recall": 0.5863523919429561,
            "f1": 0.553688656881525
        },
        {
            "mae": 33.38908579500826,
            "rmse": 43.0421633038274,
            "nete": 0.3,
            "precision": 0.5057469850616021,
            "recall": 0.570924479345865,
            "f1": 0.5383357322037335
        },
        {
            "mae": 32.19743678812615,
            "rmse": 41.083564419561746,
            "nete": 0.3,
            "precision": 0.5567425746288885,
            "recall": 0.5948600176919387,
            "f1": 0.5758012961604138
        },
        {
            "mae": 29.9052494629953,
            "rmse": 33.92458244369587,
            "nete": 0.2936037485843325,
            "precision": 0.540337174978592,
            "recall": 0.5978639959706241,
            "f1": 0.5691005854746081
        },
        {
            "mae": 29.816133685938258,
            "rmse": 36.25988572177559,
            "nete": 0.2988905069116378,
            "precision": 0.5775389353792776,
            "recall": 0.6323791181216959,
            "f1": 0.6049590267504867
        },
        {
            "mae": 29.70382046825184,
            "rmse": 35.400495759367246,
            "nete": 0.2887279814541965,
            "precision": 0.5620796451366852,
            "recall": 0.6911917762932732,
            "f1": 0.6266357107149791
        },
        {
            "mae": 28.3175634514142,
            "rmse": 34.67423489610309,
            "nete": 0.2816127709258128,
            "precision": 0.5884829427021843,
            "recall": 0.6437324853784453,
            "f1": 0.6161077140403147
        },
        {
            "mae": 26.756782168370325,
            "rmse": 33.21800325077461,
            "nete": 0.26205630080807935,
            "precision": 0.6013115264840214,
            "recall": 0.6430022467553255,
            "f1": 0.6221568866196734
        },
        {
            "mae": 26.471516896931362,
            "rmse": 32.80306176482054,
            "nete": 0.2753740960817071,
            "precision": 0.6076056922451981,
            "recall": 0.6622635542528729,
            "f1": 0.6349346232490355
        },
        {
            "mae": 26.33905994393551,
            "rmse": 31.916711861028507,
            "nete": 0.2620613178363734,
            "precision": 0.6493789224661184,
            "recall": 0.7002665537993985,
            "f1": 0.6748227381327585
        },
        {
            "mae": 25.510825893027224,
            "rmse": 30.298391378736742,
            "nete": 0.25448079548502656,
            "precision": 0.6007704126419808,
            "recall": 0.692214722873266,
            "f1": 0.6464925677576234
        },
        {
            "mae": 25.00663567752616,
            "rmse": 30.093661696627795,
            "nete": 0.2460757018028237,
            "precision": 0.6408318416091585,
            "recall": 0.7121422860884293,