{
    "train_loss": [
        0.04916801237356039,
        0.04753109186063136,
        0.04490244598811393,
        0.04206567170627888,
        0.0384055066521643,
        0.03805149667098829,
        0.03546203604243416,
        0.0345792533329936,
        0.03233627455221579,
        0.030990372356548553,
        0.030896117210513246,
        0.028482367390906472,
        0.024671591061944366,
        0.02346227038923572,
        0.02255061946073497,
        0.020589567718441018,
        0.018427911481003784,
        0.016439779648321995,
        0.016751532105158364,
        0.0166672098863582,
        0.016224626353469725,
        0.014664957808677737,
        0.014438182238147107,
        0.013002922877133895,
        0.012257773325846296,
        0.010061725536553915,
        0.00972062255237443,
        0.007493680755912531,
        0.006042781923632346,
        0.004544920232330759,
        0.005261378421734049,
        0.005017574606141059,
        0.004217098868736828,
        0.00504555120721617,
        0.006459112610127388,
        0.006707055647225593,
        0.004655476211437734,
        0.005338697584420279,
        0.0057469633627732705,
        0.0068818832235778594,
        0.008265789638431451,
        0.009416870922245212,
        0.009155669077125294,
        0.009380203786351434,
        0.009689429286917003,
        0.008884741221308884,
        0.008847033188177648,
        0.00923239475493721,
        0.008340814476966182,
        0.014870023322037924
    ],
    "val_loss": [
        0.05411108263869078,
        0.05362129858575673,
        0.05135486039612064,
        0.05058785456651537,
        0.04727054759425578,
        0.04646414295570407,
        0.04419701989637424,
        0.04111423618278787,
        0.04020489939899198,
        0.040061054566621186,
        0.03801297967822118,
        0.036047931103613144,
        0.034030824926709585,
        0.03092638886001326,
        0.0295680842334954,
        0.02890094601467761,
        0.03025024475651343,
        0.028986953366460348,
        0.02868441651952238,
        0.02704406017851608,
        0.02613843311496611,
        0.023391644314596415,
        0.022180612849719738,
        0.0186165831607847,
        0.017242910877019815,
        0.0194741778661733,
        0.017520147410866816,
        0.017540459112264765,
        0.01569412270042508,
        0.01407500947513159,
        0.01656749487067656,
        0.014590290193959778,
        0.013183843206743264,
        0.015144356959596166,
        0.01229208968437258,
        0.010686525853350384,
        0.010145982125710214,
        0.008976691631106733,
        0.008034311530911935,
        0.009225977384756754,
        0.010679079120353024,
        0.011887714468357473,
        0.011613452530981559,
        0.013923402729704824,
        0.012173900751262854,
        0.0143436281176943,
        0.011531186740340054,
        0.01169401449268407,
        0.010757855200814492,
        0.017962338508070483
    ],
    "val_metrics": [
        {
            "mae": 61.934793832653874,
            "rmse": 74.63489258468657,
            "nete": 0.3,
            "precision": 0.5,
            "recall": 0.5,
            "f1": 0.393138175688531
        },
        {
            "mae": 59.98432360245558,
            "rmse": 66.73432852313067,
            "nete": 0.3,
            "precision": 0.5,
            "recall": 0.5,
            "f1": 0.4214688177794851
        },
        {
            "mae": 59.846458342398,
            "rmse": 71.15050454264083,
            "nete": 0.3,
            "precision": 0.5,
            "recall": 0.5,
            "f1": 0.42895873529951656
        },
        {
            "mae": 57.38935368388403,
            "rmse": 71.41351940425308,
            "nete": 0.3,
            "precision": 0.5,
            "recall": 0.5,
            "f1": 0.45368618357828616
        },
        {
            "mae": 55.96232046167882,
            "rmse": 66.56031350739671,
            "nete": 0.3,
            "precision": 0.5,
            "recall": 0.5043818725158896,
            "f1": 0.4705893749973395
        },
        {
            "mae": 54.23169207045767,
            "rmse": 62.43803515030445,
            "nete": 0.3,
            "precision": 0.5,
            "recall": 0.5238986302748276,
            "f1": 0.4930058559739283
        },
        {
            "mae": 52.18679515430543,
            "rmse": 60.82154412872502,
            "nete": 0.3,
            "precision": 0.5,
            "recall": 0.5100294982776682,
            "f1": 0.491371314860824
        },
        {
            "mae": 51.31514580056606,
            "rmse": 63.991183404647934,
            "nete": 0.3,
            "precision": 0.5,
            "recall": 0.5174564843845975,
            "f1": 0.49618757416049786
        },
        {
            "mae": 49.43606484624845,
            "rmse": 59.62686816343747,
            "nete": 0.3,
            "precision": 0.5198466921627222,
            "recall": 0.5404186946656832,
            "f1": 0.5301326934142027
        },
        {
            "mae": 48.381308447223404,
            "rmse": 58.11231995839694,
            "nete": 0.3,
            "precision": 0.5,
            "recall": 0.5717975095481752,
            "f1": 0.5197840442887133
        },
        {
            "mae": 47.819583814282375,
            "rmse": 58.887648082548914,
            "nete": 0.3,
            "precision": 0.5223401645052848,
            "recall": 0.5895349584762831,
            "f1": 0.555937561490784
        },
        {
            "mae": 45.97825623508986,
            "rmse": 51.37743032797638,
            "nete": 0.3,
            "precision": 0.516729832362173,
            "recall": 0.6023538116204665,
            "f1": 0.5595418219913197
        },
        {
            "mae": 45.141375648443805,
            "rmse": 53.26741298397856,
            "nete": 0.3,
            "precision": 0.5446746706839016,
            "recall": 0.5940393985016577,
            "f1": 0.5693570345927796
        },
        {
            "mae": 43.17905105496059,
            "rmse": 45.97498412672861,
            "nete": 0.3,
            "precision": 0.560711356858148,
            "recall": 0.6015464309806758,
            "f1": 0.5811288939194119
        },
        {
            "mae": 41.45869239157887,
            "rmse": 49.48303199910959,
            "nete": 0.3,
            "precision": 0.579428583106758,
            "recall": 0.6178119238666335,
            "f1": 0.5986202534866958
        },
        {
            "mae": 40.4520804626689,
            "rmse": 47.51967708637593,
            "nete": 0.3,
            "precision": 0.5763010783150754,
            "recall": 0.635611404844359,
            "f1": 0.6059562415797172
        },
        {
            "mae": 38.976788106614364,
            "rmse": 47.92569277102382,
            "nete": 0.3,
            "precision": 0.5909700858560347,
            "recall": 0.6409619331431585,
            "f1": 0.6159660094995966
        },
        {
            "mae": 38.20417323953229,
            "rmse": 46.00952097016944,
            "nete": 0.3,
            "precision": 0.5624701267554547,
            "recall": 0.661183537530961,
            "f1": 0.6118268321432078
        },
        {
            "mae": 36.86074674616525,
            "rmse": 46.393422199829914,
            "nete": 0.3,
            "precision": 0.6034437091578925,
            "recall": 0.670174437531158,
            "f1": 0.6368090733445252
        },
        {
            "mae": 35.242902094922115,
            "rmse": 43.399414985260215,
            "nete": 0.3,
            "precision": 0.6416720975433753,
            "recall": 0.6644458468390999,
            "f1": 0.6530589721912375
        },
        {
            "mae": 35.253555090143514,
            "rmse": 42.19529828659514,
            "nete": 0.3,
            "precision": 0.619842683688569,
            "recall": 0.6992437066218742,