{
    "train_loss": [
        0.06992084517459611,
        0.06695271251307149,
        0.06317153098855809,
        0.05922257526359593,
        0.057865181657999504,
        0.05515130930127551,
        0.05204696783933382,
        0.047201291105481866,
        0.04411153462241755,
        0.042827921108444994,
        0.041808494579405386,
        0.03989079192411473,
        0.039727175631320194,
        0.036332410982656466,
        0.03558752791295835,
        0.03562393734501909,
        0.032491596139758966,
        0.03161323903983051,
        0.030877652743234958,
        0.030117884304480334,
        0.029225274816197192,
        0.02769068547710361,
        0.02617153693623625,
        0.02504974041371723,
        0.02456163925105309,
        0.021899164051219756,
        0.0224053192351479,
        0.02123235287345772,
        0.020530193266602794,
        0.01995198322410784,
        0.02045278466479517,
        0.021136059908800922,
        0.02110711646269433,
        0.019403865746391913,
        0.017875307769735664,
        0.017777139817537865,
        0.017607039903435064,
        0.017366412308391383,
        0.017388652350028348,
        0.0148581720273911,
        0.014639849788008615,
        0.015214260742907187,
        0.016817725937870086,
        0.015583607720180684,
        0.01718803131241924,
        0.01649264976853335,
        0.01739804964043116,
        0.01634132211846604,
        0.017451940609216166,
        0.016586263063931038
    ],
    "val_loss": [
        0.07541688743332592,
        0.07230034813872506,
        0.06850507526699999,
        0.06536960575831896,
        0.06464932271342326,
        0.06314693323082084,
        0.06279159581975684,
        0.06189620600813116,
        0.06313814378138718,
        0.0621685912291019,
        0.060887936246243245,
        0.0570382313558981,
        0.05568986402695305,
        0.0534580565159158,
        0.05267862820769591,
        0.04935041767547793,
        0.048151122793519324,
        0.04462088389587353,
        0.0417336920435431,
        0.03927198660152155,
        0.03770841791194207,
        0.038929742224551166,
        0.03408566540279773,
        0.03140266811228439,
        0.030429476530284622,
        0.028828694231604474,
        0.025525585196905294,
        0.024293970517130607,
        0.024370994702102508,
        0.022949582385313236,
        0.023475423898034926,
        0.02419286290424097,
        0.024162472285829045,
        0.022374059033711508,
        0.020769073158222448,
        0.020665996808414758,
        0.02048739189860682,
        0.02023473292381095,
        0.021096707520803733,
        0.02504407627710263,
        0.02280515895566759,
        0.023714101422965362,
        0.021652277886455306,
        0.02233419799068031,
        0.022732543792012352,
        0.022514292933922292,
        0.020576565082658742,
        0.019158388224389346,
        0.020324537639676975,
        0.022513837302415136
    ],
    "val_metrics": [
        {
            "mae": 88.5182466742148,
            "rmse": 106.04252135747984,
            "nete": 0.3,
            "precision": 0.5,
            "recall": 0.5102835960475176,
            "f1": 0.4735238135216346
        },
        {
            "mae": 85.19407936186697,
            "rmse": 106.99085441229076,
            "nete": 0.3,
            "precision": 0.5,
            "recall": 0.5259557718332032,
            "f1": 0.49334436008934873
        },
        {
            "mae": 84.74021859880385,
            "rmse": 103.63465274759623,
            "nete": 0.3,
            "precision": 0.5157049721034423,
            "recall": 0.5695407933484302,
            "f1": 0.5426228827259363
        },
        {
            "mae": 80.851067632837,
            "rmse": 100.76894421421547,
            "nete": 0.3,
            "precision": 0.5233548185875446,
            "recall": 0.5797222780198757,
            "f1": 0.5515385483037102
        },
        {
            "mae": 78.32033431602962,
            "rmse": 91.40101565011115,
            "nete": 0.3,
            "precision": 0.5744729251010231,
            "recall": 0.590552550345131,
            "f1": 0.582512737723077
        },
        {
            "mae": 77.1672239361757,
            "rmse": 89.60004930857139,
            "nete": 0.3,
            "precision": 0.5621788126746681,
            "recall": 0.5804306304868112,
            "f1": 0.5713047215807395
        },
        {
            "mae": 73.8906220121046,
            "rmse": 81.00995193999717,
            "nete": 0.3,
            "precision": 0.5830418332433301,
            "recall": 0.6134934611201447,
            "f1": 0.5982676471817374
        },
        {
            "mae": 73.63434442417947,
            "rmse": 84.45932599911161,
            "nete": 0.3,
            "precision": 0.5950230135838561,
            "recall": 0.6438840250233403,
            "f1": 0.6194535193035982
        },
        {
            "mae": 72.00188254835729,
            "rmse": 84.87016224455975,
            "nete": 0.3,
            "precision": 0.6205744508460173,
            "recall": 0.658281920641775,
            "f1": 0.6394281857438961
        },
        {
            "mae": 68.67400251333386,
            "rmse": 80.70184875658191,
            "nete": 0.3,
            "precision": 0.6087157068340149,
            "recall": 0.6839389273834102,
            "f1": 0.6463273171087126
        },
        {
            "mae": 66.5972464218453,
            "rmse": 82.26549195722681,
            "nete": 0.3,
            "precision": 0.6321590426844413,
            "recall": 0.7000686508312355,
            "f1": 0.6661138467578385
        },
        {
            "mae": 64.88239890515678,
            "rmse": 77.57668701927825,
            "nete": 0.3,
            "precision": 0.64563873808146,
            "recall": 0.7076260512474921,
            "f1": 0.676632394664476
        },
        {
            "mae": 63.7650336810087,
            "rmse": 74.07005363575496,
            "nete": 0.3,
            "precision": 0.6425506535824098,
            "recall": 0.7518788998071341,
            "f1": 0.6972147766947719
        },
        {
            "mae": 60.42143265760821,
            "rmse": 73.60585377512646,
            "nete": 0.3,
            "precision": 0.6935021017927369,
            "recall": 0.7338140091306222,
            "f1": 0.7136580554616796
        },
        {
            "mae": 59.1745318846959,
            "rmse": 67.07104563199508,
            "nete": 0.3,
            "precision": 0.7111631179341625,
            "recall": 0.7417063077107604,
            "f1": 0.7264347128224613
        },
        {
            "mae": 58.38046824417177,
            "rmse": 67.35266938192535,
            "nete": 0.3,
            "precision": 0.6923482427496338,
            "recall": 0.7736510644389849,
            "f1": 0.7329996535943094
        },
        {
            "mae": 56.06477757417736,
            "rmse": 71.24919875027692,
            "nete": 0.3,
            "precision": 0.6977727002976851,
            "recall": 0.7816212924210159,
            "f1": 0.7396969963593505
        },
        {
            "mae": 54.684183181480634,
            "rmse": 68.69930995527311,
            "nete": 0.3,
            "precision": 0.7292451888665151,
            "recall": 0.7984494905097895,
            "f1": 0.7638473396881524
        },
        {
            "mae": 53.84986402879756,
            "rmse": 65.96179554852284,
            "nete": 0.3,
            "precision": 0.7520277205297461,
            "recall": 0.7959995397801112,
            "f1": 0.7740136301549286
        },
        {
            "mae": 52.03708202168402,
            "rmse": 62.090295746738356,
            "nete": 0.3,
            "precision": 0.757295419746491,
            "recall": 0.795201604763885,
            "f1": 0.7762485122551881
        },
        {
            "mae": 50.49772989967815,