{
    "train_loss": [
        0.05593463465010085,
        0.05463782300390012,
        0.05204241407597717,
        0.05147439659268587,
        0.04966828567323692,
        0.04747616065961253,
        0.04667586959336631,
        0.04347847306011395,
        0.04248615183916054,
        0.042790791674774786,
        0.04045491322781825,
        0.03908281475791469,
        0.03899804792424971,
        0.03638046560151167,
        0.03512527248216859,
        0.033638364750808836,
        0.031010240347922654,
        0.029697784316105036,
        0.02848508871608989,
        0.027545586804762497,
        0.026503333891707573,
        0.02684609957758699,
        0.026772349878622887,
        0.025874876658585864,
        0.02413954494295904,
        0.022365837080493056,
        0.02303934257762804,
        0.021231799744225854,
        0.020149670217599128,
        0.019139308871508998,
        0.018182591139430736,
        0.0159590868775471,
        0.015519476992415765,
        0.01607738375781513,
        0.01538465765416162,
        0.014992260155754097,
        0.01356752981956902,
        0.013601756167997133,
        0.011638551029851747,
        0.011366444871801345,
        0.009379441822304487,
        0.00822249538333394,
        0.008694526482537292,
        0.008076532936994216,
        0.009023324915231182,
        0.008338935076916684,
        0.008609765918333687,
        0.00862207861583267,
        0.008245899137990332,
        0.01587950779637291
    ],
    "val_loss": [
        0.06159462848545021,
        0.05936971415409513,
        0.05893075099923653,
        0.059210810570995046,
        0.05537105059399244,
        0.05358590147726099,
        0.053678195050213685,
        0.05441344457672391,
        0.05361334790596783,
        0.0495685879172469,
        0.04708485232086262,
        0.04721195041837467,
        0.04560031904995834,
        0.04481215423329936,
        0.04334894197237555,
        0.040726929853279574,
        0.038589757546190546,
        0.03569068415546431,
        0.033400729972174116,
        0.033957092470561015,
        0.033112921229153165,
        0.0330335043251833,
        0.03291847977200257,
        0.030630667048356108,
        0.030437968054011836,
        0.028510859306505137,
        0.026191309706509444,
        0.027175687957762554,
        0.02364389474003087,
        0.024186642303141586,
        0.02317005300042836,
        0.022345119150448983,
        0.020201342358152897,
        0.019255067348206457,
        0.01963868432223814,
        0.018062200481395087,
        0.016245906310547474,
        0.01628184397639699,
        0.01816733185723697,
        0.021779304286411588,
        0.02044281493128812,
        0.0204415068787285,
        0.017672516444517748,
        0.019147888736130454,
        0.014906310446373475,
        0.01649704736986555,
        0.01474258718355214,
        0.016697359439217224,
        0.01475123671752528,
        0.020952741432419965
    ],
    "val_metrics": [
        {
            "mae": 75.21567553144088,
            "rmse": 87.29335014152862,
            "nete": 0.3,
            "precision": 0.5,
            "recall": 0.5,
            "f1": 0.4190361833739647
        },
        {
            "mae": 73.06745938422306,
            "rmse": 86.75024794717265,
            "nete": 0.3,
            "precision": 0.5,
            "recall": 0.5,
            "f1": 0.4678027694136251
        },
        {
            "mae": 69.44029266906684,
            "rmse": 84.4127112296987,
            "nete": 0.3,
            "precision": 0.5,
            "recall": 0.5220580090792619,
            "f1": 0.47289346986400016
        },
        {
            "mae": 67.06357993552223,
            "rmse": 80.57012815191914,
            "nete": 0.3,
            "precision": 0.5,
            "recall": 0.5167653964400013,
            "f1": 0.49261674045749093
        },
        {
            "mae": 66.82934576616054,
            "rmse": 82.37258012571222,
            "nete": 0.3,
            "precision": 0.5,
            "recall": 0.5293922898263653,
            "f1": 0.4918382909643959
        },
        {
            "mae": 63.92672385646579,
            "rmse": 76.94248844949712,
            "nete": 0.3,
            "precision": 0.5,
            "recall": 0.5574758457382949,
            "f1": 0.5219325649545986
        },
        {
            "mae": 62.165543107739936,
            "rmse": 77.0842952758535,
            "nete": 0.3,
            "precision": 0.5,
            "recall": 0.5355231807287658,
            "f1": 0.508881520440206
        },
        {
            "mae": 59.73469018279441,
            "rmse": 69.92377805069411,
            "nete": 0.3,
            "precision": 0.5131064053769568,
            "recall": 0.5594782642286609,
            "f1": 0.5362923348028088
        },
        {
            "mae": 58.52369942051882,
            "rmse": 71.27413835376873,
            "nete": 0.3,
            "precision": 0.5143910838156853,
            "recall": 0.6038647419393108,
            "f1": 0.5591279128774982
        },
        {
            "mae": 56.814302755078174,
            "rmse": 68.31582536182215,
            "nete": 0.3,
            "precision": 0.5237447796784909,
            "recall": 0.6092507735645353,
            "f1": 0.566497776621513
        },
        {
            "mae": 57.20609746742679,
            "rmse": 73.53870044303065,
            "nete": 0.3,
            "precision": 0.5627460613601419,
            "recall": 0.6143326607039693,
            "f1": 0.5885393610320556
        },
        {
            "mae": 53.95585680794698,
            "rmse": 59.84889185814756,
            "nete": 0.3,
            "precision": 0.5798069419179913,
            "recall": 0.6362976971258522,
            "f1": 0.6080523195219217
        },
        {
            "mae": 52.24013653429378,
            "rmse": 63.343217770510364,
            "nete": 0.3,
            "precision": 0.5712603742179103,
            "recall": 0.6733780955143771,
            "f1": 0.6223192348661436
        },
        {
            "mae": 51.062981692188,
            "rmse": 61.633981359176886,
            "nete": 0.3,
            "precision": 0.6078760882439197,
            "recall": 0.6734089052673253,
            "f1": 0.6406424967556226
        },
        {
            "mae": 49.54726992550774,
            "rmse": 62.67937589688377,
            "nete": 0.3,
            "precision": 0.627972268109216,
            "recall": 0.6944322896593336,
            "f1": 0.6612022788842747
        },
        {
            "mae": 48.79059608490805,
            "rmse": 59.69697168765015,
            "nete": 0.3,
            "precision": 0.6080854002240103,
            "recall": 0.6902936116498298,
            "f1": 0.64918950593692
        },
        {
            "mae": 47.87137556260835,
            "rmse": 61.990518830339894,
            "nete": 0.3,
            "precision": 0.6390809732339088,
            "recall": 0.6750829793770764,
            "f1": 0.6570819763054926
        },
        {
            "mae": 45.69154152850003,
            "rmse": 55.275430847904325,
            "nete": 0.3,
            "precision": 0.6518293740154623,
            "recall": 0.7222151558648496,
            "f1": 0.687022264940156
        },
        {
            "mae": 45.31896354938855,
            "rmse": 56.10306522486315,
            "nete": 0.3,
            "precision": 0.6514296904090681,
            "recall": 0.7406984982972068,
            "f1": 0.6960640943531374
        },
        {
            "mae": 43.553157736177646,
            "rmse": 49.350415080749286,
            "nete": 0.3,
            "precision": 0.6821409911671013,
            "recall": 0.7430204355733674,
            "f1": 0.7125807133702343
        },
        {
            "mae": 42.63904720410995,
            "rmse": 49.49920746494036,
            "nete": 0.3,
            "precision": 0.6716355760478513,