{
    "train_loss": [
        0.048108483059880185,
        0.047371308312136866,
        0.045066372841815104,
        0.0424012321226325,
        0.03932470934933278,
        0.03672562192543241,
        0.035091298830112486,
        0.03278557218209428,
        0.03173666014515527,
        0.029047358413756302,
        0.027578278136758623,
        0.02563225065255672,
        0.02358971735577085,
        0.021658803238962767,
        0.01959784908988541,
        0.019526742657908408,
        0.017855894366201813,
        0.017863702094242092,
        0.01732904122164892,
        0.015975890989195978,
        0.016542655547509076,
        0.01588944870393669,
        0.01587399711710868,
        0.01637450407864835,
        0.014373214674039205,
        0.014854825571174537,
        0.014979906928539056,
        0.01602091397154365,
        0.016127690806332563,
        0.016701394742168946,
        0.016216596299205847,
        0.01560013988868693,
        0.0131626652954548,
        0.012625654875680518,
        0.011335053121096058,
        0.009816134906017713,
        0.010258452150508806,
        0.007931453653828935,
        0.00753052939851558,
        0.0066166341996673735,
        0.006907720094978741,
        0.00702156274772059,
        0.006856486325724788,
        0.006470370873900527,
        0.00692704204344927,
        0.005031777258873217,
        0.005531224443142065,
        0.00575382187952727,
        0.005247800091390532,
        0.012774479601518401
    ],
    "val_loss": [
        0.05365234512680758,
        0.05173987372774371,
        0.049319691483905866,
        0.046521293728764124,
        0.04329094481679942,
        0.04260139602723854,
        0.03999860805518723,
        0.037945891512178476,
        0.03674298758615607,
        0.03662453681200881,
        0.032918087282371125,
        0.03008685678855668,
        0.029199076011368095,
        0.02866785725301413,
        0.0268935445853912,
        0.02592667801167357,
        0.024950512984682243,
        0.02425431775926313,
        0.021673380206989168,
        0.019373820515686018,
        0.019369788324884528,
        0.018683921139133523,
        0.018667696972964117,
        0.01919322928258077,
        0.01986638385457853,
        0.018535474890913534,
        0.01780371556949049,
        0.018821959670120833,
        0.01893407534664919,
        0.019536464479277392,
        0.020172848935141097,
        0.018380146883121277,
        0.017076926706858484,
        0.015256937619464544,
        0.01390180577715086,
        0.013055804123144565,
        0.012771374758034247,
        0.011688035457049582,
        0.012934974879717991,
        0.012319343217293761,
        0.012886468777411505,
        0.012539998823689344,
        0.011103549334492237,
        0.01295890215302378,
        0.013042957269898424,
        0.011663220950334953,
        0.008338322403187631,
        0.008041512973503633,
        0.008679016323108213,
        0.01770136538532692
    ],
    "val_metrics": [
        {
            "mae": 58.077054747243324,
            "rmse": 69.0265549953562,
            "nete": 0.3,
            "precision": 0.5,
            "recall": 0.5,
            "f1": 0.42370518449444355
        },
        {
            "mae": 55.27127950393292,
            "rmse": 65.08921787440576,
            "nete": 0.3,
            "precision": 0.5,
            "recall": 0.5,
            "f1": 0.455718045214148
        },
        {
            "mae": 56.11627697967626,
            "rmse": 66.8835923994563,
            "nete": 0.3,
            "precision": 0.5,
            "recall": 0.5068932339700215,
            "f1": 0.47750410947323013
        },
        {
            "mae": 53.001534304906265,
            "rmse": 64.81240389446221,
            "nete": 0.3,
            "precision": 0.5,
            "recall": 0.5154092460849448,
            "f1": 0.4904759638375533
        },
        {
            "mae": 51.85551969715152,
            "rmse": 58.131280740759955,
            "nete": 0.3,
            "precision": 0.5,
            "recall": 0.5395485501735671,
            "f1": 0.5123293553371188
        },
        {
            "mae": 50.624752553030234,
            "rmse": 59.68971125277274,
            "nete": 0.3,
            "precision": 0.5085675687487384,
            "recall": 0.557094556488335,
            "f1": 0.5328310626185366
        },
        {
            "mae": 48.696044183649406,
            "rmse": 58.0364784280009,
            "nete": 0.3,
            "precision": 0.5,
            "recall": 0.5790047386821675,
            "f1": 0.5387490283737681
        },
        {
            "mae": 47.68621448122857,
            "rmse": 53.753101372957154,
            "nete": 0.3,
            "precision": 0.5175747198889655,
            "recall": 0.5899283888638587,
            "f1": 0.5537515543764121
        },
        {
            "mae": 46.387885811911595,
            "rmse": 54.031413670303024,
            "nete": 0.3,
            "precision": 0.5379758596826651,
            "recall": 0.5973218872612798,
            "f1": 0.5676488734719726
        },
        {
            "mae": 44.89604821007325,
            "rmse": 51.767929326287906,
            "nete": 0.3,
            "precision": 0.527735692925073,
            "recall": 0.6301348033646974,
            "f1": 0.5789352481448853
        },
        {
            "mae": 43.948237296183386,
            "rmse": 52.60158923505361,
            "nete": 0.3,
            "precision": 0.5533092258039672,
            "recall": 0.6299860753256088,
            "f1": 0.5916476505647881
        },
        {
            "mae": 43.15475677869118,
            "rmse": 51.61105512581256,
            "nete": 0.3,
            "precision": 0.6282405887183015,
            "recall": 0.6594420314607077,
            "f1": 0.6438413100895046
        },
        {
            "mae": 41.12695680395605,
            "rmse": 51.25174533751171,
            "nete": 0.3,
            "precision": 0.6015130332949016,
            "recall": 0.6519694400271324,
            "f1": 0.626741236661017
        },
        {
            "mae": 40.334729116730095,
            "rmse": 46.91141335995009,
            "nete": 0.3,
            "precision": 0.6075574535923464,
            "recall": 0.6580745688808374,
            "f1": 0.6328160112365919
        },
        {
            "mae": 38.53555754846066,
            "rmse": 46.095206826574206,
            "nete": 0.3,
            "precision": 0.6090854845038375,
            "recall": 0.6706736895651864,
            "f1": 0.6398795870345119
        },
        {
            "mae": 37.27809917124868,
            "rmse": 45.024002218597666,
            "nete": 0.3,
            "precision": 0.5901521636798706,
            "recall": 0.7206594629044147,
            "f1": 0.6554058132921426
        },
        {
            "mae": 37.509664032520746,
            "rmse": 46.99395742418031,
            "nete": 0.3,
            "precision": 0.6407536009641334,
            "recall": 0.6827702134909632,
            "f1": 0.6617619072275482
        },
        {
            "mae": 36.32100599637504,
            "rmse": 42.12929877651359,
            "nete": 0.3,
            "precision": 0.6690525745011234,
            "recall": 0.6916804524394374,
            "f1": 0.6803665134702804
        },
        {
            "mae": 34.393277268266125,
            "rmse": 38.02440894916365,
            "nete": 0.3,
            "precision": 0.6485706958720332,
            "recall": 0.7491561802080406,
            "f1": 0.698863438040037
        },
        {
            "mae": 33.61385573992036,
            "rmse": 39.65179746365373,
            "nete": 0.3,
            "precision": 0.6798635464401805,
            "recall": 0.738079456228744,
            "f1": 0.7089715013344623
        },
        {
            "mae": 33.50130620595601,
            "rmse": 39.01243305714782,
            "nete": 0.3,