{
    "train_loss": [
        0.06749793569077155,
        0.06464970092432933,
        0.06242580092637384,
        0.060344419774918896,
        0.05780910876358343,
        0.05628166128299149,
        0.05443579720043344,
        0.05182092411130319,
        0.04895288188677344,
        0.04874713493101117,
        0.04706829602561586,
        0.04316820148652452,
        0.04009649791908016,
        0.036935234927318816,
        0.03548858887645789,
        0.03324662246599403,
        0.030634817907032954,
        0.029950662187718954,
        0.027434864538496986,
        0.026811896175189937,
        0.02497969251584374,
        0.024787341160549346,
        0.02186600172169019,
        0.020514181327661453,
        0.018799142440023217,
        0.01765736787266665,
        0.015305895858312395,
        0.01360119841094687,
        0.013049264879735354,
        0.012602364526170761,
        0.011370209544876563,
        0.012658586508063445,
        0.01233064937892245,
        0.010495082759096113,
        0.01155491975155458,
        0.010796761884395784,
        0.00968514459975493,
        0.009159543147199193,
        0.009003342521700266,
        0.009150885852126197,
        0.008695507902010003,
        0.008980552741395009,
        0.009740218951775395,
        0.009003520977435472,
        0.008830158177934514,
        0.008925620796653426,
        0.007360849452661062,
        0.005889189763491428,
        0.0040749184319879474,
        0.018648387339885157
    ],
    "val_loss": [
        0.07314150151601943,
        0.07019430942357273,
        0.06754709097269254,
        0.06536164076366485,
        0.06300431360714032,
        0.0620672602321098,
        0.06171892663481861,
        0.0565617661012966,
        0.053880055870622806,
        0.05318449167756173,
        0.05142171082689666,
        0.050293119713849414,
        0.049638251377538425,
        0.049361227044890196,
        0.04683587426365224,
        0.04287327702334459,
        0.03915378948669827,
        0.03826424363735019,
        0.035329789434665484,
        0.032561787908405415,
        0.034999861068103676,
        0.035412903962460496,
        0.0326726926861152,
        0.03218416139653054,
        0.032053074233229055,
        0.029099382735479448,
        0.029236189957108954,
        0.026187694985225232,
        0.026617756235004543,
        0.023225082479019638,
        0.019461301695347214,
        0.019295138835752873,
        0.01649857792591656,
        0.01660026660277794,
        0.015720574216424817,
        0.015916600968132914,
        0.01421077988429499,
        0.014397003618426272,
        0.015613537564156491,
        0.013570010431744542,
        0.01451090227544753,
        0.01580099361930797,
        0.015628098140173047,
        0.014645429424242032,
        0.013959684644018176,
        0.011428185404149378,
        0.011220926979838258,
        0.010390849057690995,
        0.010758360846101727,
        0.024786763490556873
    ],
    "val_metrics": [
        {
            "mae": 87.91650035592593,
            "rmse": 102.53395488157227,
            "nete": 0.3,
            "precision": 0.5,
            "recall": 0.5,
            "f1": 0.44324497102080157
        },
        {
            "mae": 86.59815404558452,
            "rmse": 106.78014779382964,
            "nete": 0.3,
            "precision": 0.5,
            "recall": 0.5,
            "f1": 0.4704691707036885
        },
        {
            "mae": 81.39472659060533,
            "rmse": 94.51761106500793,
            "nete": 0.3,
            "precision": 0.5,
            "recall": 0.5,
            "f1": 0.4886746555498213
        },
        {
            "mae": 80.4850798101326,
            "rmse": 96.8221595789496,
            "nete": 0.3,
            "precision": 0.5,
            "recall": 0.5317636194011658,
            "f1": 0.504757117270554
        },
        {
            "mae": 78.47189018094527,
            "rmse": 95.95123547926647,
            "nete": 0.3,
            "precision": 0.5,
            "recall": 0.561153836302547,
            "f1": 0.5303178715787739
        },
        {
            "mae": 75.31088166622034,
            "rmse": 87.43613456068175,
            "nete": 0.3,
            "precision": 0.5,
            "recall": 0.5745515742473373,
            "f1": 0.5317379232359682
        },
        {
            "mae": 74.58189092719029,
            "rmse": 91.22339075059683,
            "nete": 0.3,
            "precision": 0.5165213175720119,
            "recall": 0.5929490643040987,
            "f1": 0.5547351909380553
        },
        {
            "mae": 73.00186266265723,
            "rmse": 86.95267946858772,
            "nete": 0.3,
            "precision": 0.5520362036262476,
            "recall": 0.5862069304683564,
            "f1": 0.569121567047302
        },
        {
            "mae": 69.86779237589315,
            "rmse": 80.05650954536645,
            "nete": 0.3,
            "precision": 0.538827404329474,
            "recall": 0.6636117005563678,
            "f1": 0.6012195524429209
        },
        {
            "mae": 68.13880521495086,
            "rmse": 81.9734315440704,
            "nete": 0.3,
            "precision": 0.5838216280240364,
            "recall": 0.607010500778852,
            "f1": 0.5954160644014442
        },
        {
            "mae": 67.15748056974265,
            "rmse": 79.31711853066496,
            "nete": 0.3,
            "precision": 0.6017424933069974,
            "recall": 0.6383488058674981,
            "f1": 0.6200456495872477
        },
        {
            "mae": 64.06304824037407,
            "rmse": 73.67795672013219,
            "nete": 0.3,
            "precision": 0.5886004701131106,
            "recall": 0.6520136897216864,
            "f1": 0.6203070799173984
        },
        {
            "mae": 62.45724125948535,
            "rmse": 73.61361415785825,
            "nete": 0.3,
            "precision": 0.6422603722686335,
            "recall": 0.6799103702310724,
            "f1": 0.661085371249853
        },
        {
            "mae": 62.237940399807584,
            "rmse": 76.01495560433226,
            "nete": 0.3,
            "precision": 0.59908885624688,
            "recall": 0.7022105939240587,
            "f1": 0.6506497250854694
        },
        {
            "mae": 60.247815440971664,
            "rmse": 70.73913345505649,
            "nete": 0.3,
            "precision": 0.6739746443602451,
            "recall": 0.6830933770200979,
            "f1": 0.6785340106901715
        },
        {
            "mae": 57.955377762005426,
            "rmse": 67.51606989347322,
            "nete": 0.3,
            "precision": 0.6431632090767755,
            "recall": 0.7178012595471448,
            "f1": 0.6804822343119602
        },
        {
            "mae": 55.99396593001677,
            "rmse": 67.52030895432954,
            "nete": 0.3,
            "precision": 0.6973821777036961,
            "recall": 0.7163763897277874,
            "f1": 0.7068792837157418
        },
        {
            "mae": 53.89943859954567,
            "rmse": 66.25055061138367,
            "nete": 0.3,
            "precision": 0.6775706271283984,
            "recall": 0.7590766748168679,
            "f1": 0.7183236509726332
        },
        {
            "mae": 53.21210590761444,
            "rmse": 64.97623171385732,
            "nete": 0.3,
            "precision": 0.6765204152938296,
            "recall": 0.7788363790897541,
            "f1": 0.7276783971917918
        },
        {
            "mae": 51.10573412909907,
            "rmse": 56.73792820201611,
            "nete": 0.3,
            "precision": 0.71865644837789,
            "recall": 0.7530247117486516,
            "f1": 0.7358405800632708
        },
        {
            "mae": 49.114097704152606,
            "rmse": 56.47687143386541,
            "nete": 0.3,
            "precision": 0.6972687576702316,