{
    "train_loss": [
        0.058409188136037606,
        0.055203415508129704,
        0.0526390066633656,
        0.04927578918611993,
        0.048221455116786306,
        0.045173788102797006,
        0.04274472791645321,
        0.04143544396660537,
        0.04025234727086402,
        0.036312277685676166,
        0.03342951669818815,
        0.033581760615502304,
        0.03161939468514481,
        0.030465169454542217,
        0.032105089300474086,
        0.02969706400394513,
        0.02700593292761094,
        0.024887552569777358,
        0.02442221104832459,
        0.0249486027774805,
        0.025570261710888453,
        0.024244282515200728,
        0.021724974831146025,
        0.023397147398055294,
        0.02231683353961941,
        0.021812557018043716,
        0.021367580621636892,
        0.020580381889431888,
        0.018237968700935636,
        0.017689070691034654,
        0.016717735458725708,
        0.01500651686604698,
        0.015123194477790407,
        0.014481213518963575,
        0.012505188394497492,
        0.012253065640024685,
        0.011948647602007484,
        0.008885822197240205,
        0.008532149169134497,
        0.008387299473593004,
        0.007630435364927588,
        0.008021161559645653,
        0.006432435819444334,
        0.00613855898992288,
        0.006014332118540274,
        0.006167232213581779,
        0.005546756209439402,
        0.004733424510770623,
        0.004772656337425302,
        0.009172799696325654
    ],
    "val_loss": [
        0.06332964754283948,
        0.06371644610386074,
        0.059535763192195425,
        0.0559661446655385,
        0.05266918862486282,
        0.04943247750793686,
        0.04738091646649136,
        0.04550721616493564,
        0.04518536437250684,
        0.045074100969845404,
        0.04382805334999639,
        0.04103767709535578,
        0.03987462182484244,
        0.03676533630818129,
        0.035710343765497796,
        0.03318191720414239,
        0.03131887943672411,
        0.03236531613363191,
        0.03071775014328581,
        0.02970196088871066,
        0.02884877479643288,
        0.027456496640960767,
        0.025251184399909588,
        0.026567004767958056,
        0.02543267521660038,
        0.02608704878254708,
        0.02560734495721016,
        0.0254172199978094,
        0.02333954264938047,
        0.020674816709637056,
        0.0206944737519828,
        0.01895004683820828,
        0.020032411267742876,
        0.017468441116191374,
        0.01569595339298031,
        0.01486571892202592,
        0.014546079982107859,
        0.01749938383289147,
        0.017327860561174652,
        0.014656567386793667,
        0.015575001508563013,
        0.012926761965697503,
        0.01626598808013712,
        0.015112042953036664,
        0.012050582108104974,
        0.010466002520318126,
        0.010501418875961304,
        0.01024123155982617,
        0.010619417631730362,
        0.012637847378955156
    ],
    "val_metrics": [
        {
            "mae": 68.19585352622182,
            "rmse": 84.84811202300932,
            "nete": 0.3,
            "precision": 0.5,
            "recall": 0.5273814630078187,
            "f1": 0.48961342855627954
        },
        {
            "mae": 66.93156874534341,
            "rmse": 77.65943597899006,
            "nete": 0.3,
            "precision": 0.5,
            "recall": 0.5383495836483566,
            "f1": 0.510358605365679
        },
        {
            "mae": 64.95195739585745,
            "rmse": 77.09248564404882,
            "nete": 0.3,
            "precision": 0.5,
            "recall": 0.5840456853895161,
            "f1": 0.5367953367596437
        },
        {
            "mae": 63.50260008771412,
            "rmse": 75.70500499032853,
            "nete": 0.3,
            "precision": 0.5349493051252092,
            "recall": 0.5656174337586714,
            "f1": 0.5502833694419402
        },
        {
            "mae": 60.544554985605615,
            "rmse": 70.41356410523501,
            "nete": 0.3,
            "precision": 0.526802555237328,
            "recall": 0.6248582002719953,
            "f1": 0.5758303777546616
        },
        {
            "mae": 59.091495080342575,
            "rmse": 70.32363509552576,
            "nete": 0.3,
            "precision": 0.5585642919417718,
            "recall": 0.5979503988088009,
            "f1": 0.5782573453752863
        },
        {
            "mae": 58.47814762317244,
            "rmse": 66.16065885580225,
            "nete": 0.3,
            "precision": 0.5630200492484005,
            "recall": 0.6072807075121575,
            "f1": 0.5851503783802791
        },
        {
            "mae": 55.13476578120031,
            "rmse": 66.01653756848094,
            "nete": 0.3,
            "precision": 0.5847906911158113,
            "recall": 0.6387728657842421,
            "f1": 0.6117817784500267
        },
        {
            "mae": 54.01118056350893,
            "rmse": 68.28360918084131,
            "nete": 0.3,
            "precision": 0.6024319131068746,
            "recall": 0.6877236945292227,
            "f1": 0.6450778038180487
        },
        {
            "mae": 52.49142000732587,
            "rmse": 61.099878148193966,
            "nete": 0.3,
            "precision": 0.6167174227441945,
            "recall": 0.666216087201671,
            "f1": 0.6414667549729328
        },
        {
            "mae": 51.14545449011372,
            "rmse": 60.2383461968967,
            "nete": 0.3,
            "precision": 0.6151596691158201,
            "recall": 0.7010700681197696,
            "f1": 0.6581148686177949
        },
        {
            "mae": 49.39083508251369,
            "rmse": 57.45732461607159,
            "nete": 0.3,
            "precision": 0.631433554130531,
            "recall": 0.7146956791205693,
            "f1": 0.6730646166255502
        },
        {
            "mae": 48.493477473341876,
            "rmse": 58.576649219931944,
            "nete": 0.3,
            "precision": 0.6355579302241612,
            "recall": 0.7593317456779931,
            "f1": 0.6974448379510773
        },
        {
            "mae": 47.06791138777699,
            "rmse": 55.40636823591894,
            "nete": 0.3,
            "precision": 0.6690444075173381,
            "recall": 0.748265798316326,
            "f1": 0.708655102916832
        },
        {
            "mae": 45.94051046642799,
            "rmse": 57.418472901985304,
            "nete": 0.3,
            "precision": 0.6717979763336409,
            "recall": 0.7504999209222427,
            "f1": 0.7111489486279418
        },
        {
            "mae": 44.40364719614371,
            "rmse": 50.45242687435036,
            "nete": 0.3,
            "precision": 0.6905030168115275,
            "recall": 0.7534587551850953,
            "f1": 0.7219808859983115
        },
        {
            "mae": 42.68856465610575,
            "rmse": 50.78048426922179,
            "nete": 0.3,
            "precision": 0.7168647996644003,
            "recall": 0.7772477917353642,
            "f1": 0.7470562956998822
        },
        {
            "mae": 41.46361653081033,
            "rmse": 48.01927793594736,
            "nete": 0.3,
            "precision": 0.7114300700089523,
            "recall": 0.8097614509074971,
            "f1": 0.7605957604582247
        },
        {
            "mae": 41.6838173222216,
            "rmse": 50.30840818410098,
            "nete": 0.3,
            "precision": 0.7163893926985803,
            "recall": 0.8545160640620266,
            "f1": 0.7854527283803034
        },
        {
            "mae": 39.312470660950346,
            "rmse": 50.485174715149505,
            "nete": 0.3,
            "precision": 0.7594334688089341,
            "recall": 0.8540176516314022,
            "f1": 0.8067255602201682
        },
        {
            "mae": 38.48750862602729,