{
    "timestamp": "20250322_191353",
    "house_number": 5,
    "results": {
        "Fridge": {
            "model_path": "models/liquid/house5_20250322_191353\\Fridge\\liquid_model_best.pth",
            "final_metrics": {
                "mae": 17.705948754237262,
                "rmse": 22.260527462041722,
                "nete": 0.17672180306571833,
                "precision": 0.8509781545799012,
                "recall": 0.9288816194453091,
                "f1": 0.8899298870126051
            }
        },
        "Dishwasher": {
            "model_path": "models/liquid/house5_20250322_191353\\Dishwasher\\liquid_model_best.pth",
            "final_metrics": {
                "mae": 18.06051236733288,
                "rmse": 22.92046561146854,
                "nete": 0.17614976972311874,
                "precision": 0.891976016169753,
                "recall": 0.9708093139951924,
                "f1": 0.9313926650824728
            }
        },
        "Microwave": {
            "model_path": "models/liquid/house5_20250322_191353\\Microwave\\liquid_model_best.pth",
            "final_metrics": {
                "mae": 20.06137680585023,
                "rmse": 24.237924573420063,
                "nete": 0.2063396832424996,
                "precision": 0.9328797218448754,
                "recall": 1.0,
                "f1": 0.9815676428025508
            }
        },
        "Washer_Dryer": {
            "model_path": "models/liquid/house5_20250322_191353\\Washer_Dryer\\liquid_model_best.pth",
            "final_metrics": {
                "mae": 22.66950061420718,
                "rmse": 26.919507144434103,
                "nete": 0.22364448191641575,
                "precision": 0.9129919529407057,
                "recall": 1.0,
                "f1": 0.9641548112570011
            }
        },
        "Kettle": {
            "model_path": "models/liquid/house5_20250322_191353\\Kettle\\liquid_model_best.pth",
            "final_metrics": {
                "mae": 14.645311653638279,
                "rmse": 16.053765178210146,
                "nete": 0.1449253148920405,
                "precision": 0.8175119347784504,
                "recall": 0.8734484811470327,
                "f1": 0.8454802079627415
            }
        }
    }
}