{
    "train_loss": [
        0.05930005656554207,
        0.05931770984586159,
        0.057134305067110994,
        0.05638419130417885,
        0.05411494085733964,
        0.05181592735033318,
        0.05022077578466755,
        0.05036806687354593,
        0.04799407822023007,
        0.044822256349256254,
        0.04149748929637273,
        0.0410221794818459,
        0.03904256545903786,
        0.03710979935451676,
        0.03573464945911919,
        0.034747303587510305,
        0.03387097611456621,
        0.03189149232776724,
        0.03126761709443579,
        0.03100309822422423,
        0.030786031786574818,
        0.03067177583210762,
        0.02821362713384221,
        0.026421221304923245,
        0.026995119929651548,
        0.02765799911025493,
        0.02740175816549867,
        0.02734645680469638,
        0.025617226122553755,
        0.02602874418767779,
        0.025387585772650042,
        0.02550885801541254,
        0.02468628665595987,
        0.022447963005875454,
        0.022012225481604097,
        0.021430801381377963,
        0.021208861957152696,
        0.01986654043690794,
        0.018523411355543386,
        0.016932294384817477,
        0.013412465792357607,
        0.013298233428881819,
        0.01187067730934186,
        0.01069411166569562,
        0.010303158900832802,
        0.00969861514147618,
        0.009121986302727338,
        0.008052577824894566,
        0.009411126339113148,
        0.017220318392641605
    ],
    "val_loss": [
        0.0662122157647358,
        0.06428359533815467,
        0.06199102032046655,
        0.061203400869387796,
        0.060239149024372725,
        0.05809396435164121,
        0.05611787188874834,
        0.056143133081610855,
        0.05578882476429445,
        0.05334993789110603,
        0.050558479867755114,
        0.04875889060607057,
        0.04851991779701968,
        0.04565726519997633,
        0.043264243935356064,
        0.04106931528143351,
        0.04182805887274005,
        0.03914632296747587,
        0.037272511014235905,
        0.035115417015032936,
        0.03493507122479236,
        0.03420536462371301,
        0.03162430849053432,
        0.030405835912323792,
        0.03117818159945414,
        0.03104089906576768,
        0.03244097992931767,
        0.030713779644931202,
        0.028898087428681447,
        0.02933018139706168,
        0.028656965061282548,
        0.02878430091618317,
        0.028733632881169327,
        0.029127389850589453,
        0.02593337631404054,
        0.024502341450446864,
        0.024269305055010335,
        0.024798835548595063,
        0.023750676701294878,
        0.022568001510794702,
        0.02400157548037629,
        0.023929269451329137,
        0.02437225036698308,
        0.02644681110842286,
        0.023765669327885947,
        0.023449690919250043,
        0.023006566037795464,
        0.02193308731349559,
        0.019590895068243044,
        0.02212040155610582
    ],
    "val_metrics": [
        {
            "mae": 82.16800834178092,
            "rmse": 101.1583845289281,
            "nete": 0.3,
            "precision": 0.5,
            "recall": 0.5,
            "f1": 0.4453950314056499
        },
        {
            "mae": 78.73612089752505,
            "rmse": 96.12181899861118,
            "nete": 0.3,
            "precision": 0.5,
            "recall": 0.5,
            "f1": 0.458440207738646
        },
        {
            "mae": 77.1441106991961,
            "rmse": 95.78677214853838,
            "nete": 0.3,
            "precision": 0.5,
            "recall": 0.5,
            "f1": 0.4819931653367036
        },
        {
            "mae": 74.82832303337331,
            "rmse": 90.01612136850258,
            "nete": 0.3,
            "precision": 0.5,
            "recall": 0.5179177740377716,
            "f1": 0.5064070602144304
        },
        {
            "mae": 72.64279210394395,
            "rmse": 81.45398162552397,
            "nete": 0.3,
            "precision": 0.5,
            "recall": 0.5293976009865248,
            "f1": 0.5097955293503261
        },
        {
            "mae": 71.83908759950324,
            "rmse": 90.72438565051266,
            "nete": 0.3,
            "precision": 0.5091615091513374,
            "recall": 0.5757026952892592,
            "f1": 0.5424321022202984
        },
        {
            "mae": 69.03099965405394,
            "rmse": 84.16897998971264,
            "nete": 0.3,
            "precision": 0.5089406625115909,
            "recall": 0.6003065341393958,
            "f1": 0.5546235983254933
        },
        {
            "mae": 67.74559696131051,
            "rmse": 76.746511947828,
            "nete": 0.3,
            "precision": 0.5489960428184161,
            "recall": 0.5948333219750008,
            "f1": 0.5719146823967084
        },
        {
            "mae": 65.42041712424114,
            "rmse": 76.94130231939117,
            "nete": 0.3,
            "precision": 0.5500042824506918,
            "recall": 0.6283942490815513,
            "f1": 0.5891992657661216
        },
        {
            "mae": 63.340321146782685,
            "rmse": 78.80555619904965,
            "nete": 0.3,
            "precision": 0.5721683321797321,
            "recall": 0.6020648239953404,
            "f1": 0.5871165780875363
        },
        {
            "mae": 61.84785326072659,
            "rmse": 80.1414490659277,
            "nete": 0.3,
            "precision": 0.5491103225659354,
            "recall": 0.658105203135751,
            "f1": 0.6036077628508433
        },
        {
            "mae": 59.220276691826825,
            "rmse": 73.31071917460439,
            "nete": 0.3,
            "precision": 0.6134863571600808,
            "recall": 0.6668255958405844,
            "f1": 0.6401559765003326
        },
        {
            "mae": 57.842234171588764,
            "rmse": 69.80537115275445,
            "nete": 0.3,
            "precision": 0.6227423543596509,
            "recall": 0.6771970739163431,
            "f1": 0.649969714137997
        },
        {
            "mae": 56.528455540200675,
            "rmse": 68.43812742240046,
            "nete": 0.3,
            "precision": 0.6222655779747785,
            "recall": 0.6591212303833667,
            "f1": 0.6406934041790726
        },
        {
            "mae": 54.304497550513496,
            "rmse": 66.90934337521541,
            "nete": 0.3,
            "precision": 0.653392211784058,
            "recall": 0.7132715251861667,
            "f1": 0.6833318684851123
        },
        {
            "mae": 51.428018613529474,
            "rmse": 59.72057784475081,
            "nete": 0.3,
            "precision": 0.661589992265267,
            "recall": 0.7069235698613698,
            "f1": 0.6842567810633184
        },
        {
            "mae": 51.912865568708156,
            "rmse": 58.979088487493726,
            "nete": 0.3,
            "precision": 0.6877564987114315,
            "recall": 0.7520698815410755,
            "f1": 0.7199131901262534
        },
        {
            "mae": 51.59929454557799,
            "rmse": 64.48657632790925,
            "nete": 0.3,
            "precision": 0.6890870384431836,
            "recall": 0.7186799687190539,
            "f1": 0.7038835035811188
        },
        {
            "mae": 48.86094724925852,
            "rmse": 56.05339385257624,
            "nete": 0.3,
            "precision": 0.6642234334158406,
            "recall": 0.7532097230672777,
            "f1": 0.7087165782415591
        },
        {
            "mae": 47.492326674908576,
            "rmse": 59.87390921820314,
            "nete": 0.3,
            "precision": 0.683994704959219,
            "recall": 0.770072471826454,
            "f1": 0.7270335883928364
        },
        {
            "mae": 45.61407168357019,
            "rmse": 56.92560914674106,
            "nete": 0.3,
            "precision": 0.7325524592356345,