{
    "appliance": "washer dryer",
    "window_size": 100,
    "model_params": {
        "input_size": 1,
        "output_size": 1,
        "hidden_size": 128,
        "num_layers": 3,
        "num_heads": 4,
        "dropout": 0.1
    },
    "train_params": {
        "lr": 0.001,
        "epochs": 10,
        "patience": 3
    },
    "final_metrics": {
        "train_loss": 269263.45330878365,
        "val_loss": 603709.8490275489,
        "test_loss": 24616.811968650818,
        "test_metrics": {
            "mae": 39.55482482910156,
            "rmse": 156.9678497314453,
            "nete": 96.13127136230469,
            "sae": 0.0772022022022022,
            "precision": 0.1566579634464752,
            "recall": 0.1694915254237288,
            "f1": 0.1628222523744912
        }
    }
}