{
    "train_loss": [
        0.05107920439798161,
        0.04910607811682864,
        0.0483040147889982,
        0.04524433016023623,
        0.04172863785450641,
        0.04059760179767695,
        0.039994680258897755,
        0.03919476876411223,
        0.037950380785794935,
        0.03687496833639182,
        0.033971635950403346,
        0.032915772624822134,
        0.03281642889453851,
        0.031337305365943945,
        0.029800519632527084,
        0.028779990030116474,
        0.027071187449955132,
        0.02580318309882083,
        0.02570322821985572,
        0.024507028465889386,
        0.025345916213901462,
        0.023017725395310364,
        0.020605472144318036,
        0.02046848420140664,
        0.017175909799028333,
        0.01686400534472835,
        0.017012319242836242,
        0.015978011327490656,
        0.013955071740468908,
        0.011287598782126282,
        0.010450713228870643,
        0.010124879600579636,
        0.009951269716496323,
        0.009360038744413903,
        0.007320864213639217,
        0.006569618299748298,
        0.004141468034932991,
        0.003525650892295693,
        0.002975691360217075,
        0.0020773494330104817,
        0.002955642326798481,
        0.002409896713618864,
        0.0011097800007554108,
        0.001,
        0.001,
        0.001,
        0.001,
        0.001,
        0.001,
        0.009422866613628917
    ],
    "val_loss": [
        0.05626451825398428,
        0.05408167987569803,
        0.05271921552844811,
        0.05012524203626654,
        0.049852555332269635,
        0.04779288362648674,
        0.04618461150884582,
        0.045332262527962706,
        0.042940832717504596,
        0.04238621256696619,
        0.039558012035729076,
        0.037643775251643675,
        0.03876704897411543,
        0.03878019304150909,
        0.03870604704432577,
        0.03840616366730597,
        0.03677590884439208,
        0.03711066533023774,
        0.03560711582976965,
        0.033231349384306524,
        0.030569354320632545,
        0.03096706474525647,
        0.0306881184895167,
        0.030211656168770046,
        0.0274306289218758,
        0.023731383961321555,
        0.023130091854643972,
        0.022617208120071824,
        0.022155340183565714,
        0.020939607503458125,
        0.020471149766293335,
        0.02041766653715274,
        0.020744300885861926,
        0.020362931055169387,
        0.018994645437696443,
        0.01807668617510705,
        0.013785942329844925,
        0.014763982689132212,
        0.015102919513630747,
        0.012996043447423215,
        0.014236440623927647,
        0.01503608843448455,
        0.014732325228843844,
        0.01384247151114279,
        0.014892292714399149,
        0.014178427914903912,
        0.012795469447297089,
        0.013554346289557657,
        0.014317361979362824,
        0.011400778028983859
    ],
    "val_metrics": [
        {
            "mae": 56.92632110185067,
            "rmse": 70.176237702056,
            "nete": 0.3,
            "precision": 0.5,
            "recall": 0.5221672726237326,
            "f1": 0.4868322192541975
        },
        {
            "mae": 56.05641470132774,
            "rmse": 67.99411954752243,
            "nete": 0.3,
            "precision": 0.5,
            "recall": 0.5348809857388048,
            "f1": 0.48187691334126914
        },
        {
            "mae": 54.94120323332405,
            "rmse": 68.62875936337946,
            "nete": 0.3,
            "precision": 0.5,
            "recall": 0.531430302988626,
            "f1": 0.509020311817079
        },
        {
            "mae": 51.90158139147944,
            "rmse": 60.212914471988995,
            "nete": 0.3,
            "precision": 0.5133737151121841,
            "recall": 0.5283830320629419,
            "f1": 0.5208783735875631
        },
        {
            "mae": 50.646206063255974,
            "rmse": 61.87176421479941,
            "nete": 0.3,
            "precision": 0.5202516277695655,
            "recall": 0.5967973741644871,
            "f1": 0.5585245009670263
        },
        {
            "mae": 49.11334168574961,
            "rmse": 59.87512097411506,
            "nete": 0.3,
            "precision": 0.5227113884972024,
            "recall": 0.616751656048018,
            "f1": 0.5697315222726103
        },
        {
            "mae": 49.477172130198284,
            "rmse": 60.81330834381677,
            "nete": 0.3,
            "precision": 0.5381207762963154,
            "recall": 0.6141267074803243,
            "f1": 0.5761237418883198
        },
        {
            "mae": 46.7843734195562,
            "rmse": 55.4970428955348,
            "nete": 0.3,
            "precision": 0.5260108051518726,
            "recall": 0.6082566814562438,
            "f1": 0.5671337433040582
        },
        {
            "mae": 44.91351830941703,
            "rmse": 54.016241876855055,
            "nete": 0.3,
            "precision": 0.5679059095345391,
            "recall": 0.6525848021305071,
            "f1": 0.610245355832523
        },
        {
            "mae": 43.383507287588614,
            "rmse": 54.79382552450617,
            "nete": 0.3,
            "precision": 0.5882818990195648,
            "recall": 0.6538152432368294,
            "f1": 0.6210485711281971
        },
        {
            "mae": 43.622982869194935,
            "rmse": 48.36825485794417,
            "nete": 0.3,
            "precision": 0.6123976723238694,
            "recall": 0.6727775469406054,
            "f1": 0.6425876096322375
        },
        {
            "mae": 41.92845657976192,
            "rmse": 48.791980570326864,
            "nete": 0.3,
            "precision": 0.6211522674046162,
            "recall": 0.674305899284761,
            "f1": 0.6477290833446886
        },
        {
            "mae": 41.00841204733816,
            "rmse": 50.152375951777096,
            "nete": 0.3,
            "precision": 0.6367662499274933,
            "recall": 0.7036106393390004,
            "f1": 0.6701884446332468
        },
        {
            "mae": 39.12946158734594,
            "rmse": 46.7823371485604,
            "nete": 0.3,
            "precision": 0.6556615318355926,
            "recall": 0.7076179822823148,
            "f1": 0.6816397570589537
        },
        {
            "mae": 38.132824433187686,
            "rmse": 44.66204159662138,
            "nete": 0.3,
            "precision": 0.6714221408977527,
            "recall": 0.7327023878071545,
            "f1": 0.7020622643524534
        },
        {
            "mae": 36.87908812712716,
            "rmse": 44.97580969189282,
            "nete": 0.3,
            "precision": 0.6720317764317717,
            "recall": 0.742770201273407,
            "f1": 0.7074009888525893
        },
        {
            "mae": 36.38570733440171,
            "rmse": 41.332183110913995,
            "nete": 0.3,
            "precision": 0.6863588507760047,
            "recall": 0.7604396747274759,
            "f1": 0.7233992627517403
        },
        {
            "mae": 35.30454230461494,
            "rmse": 41.511986462108,
            "nete": 0.3,
            "precision": 0.7069565767031685,
            "recall": 0.7577345572783257,
            "f1": 0.732345566990747
        },
        {
            "mae": 34.686563849034485,
            "rmse": 41.879430156730265,
            "nete": 0.3,
            "precision": 0.7037605564440835,
            "recall": 0.7817777777792286,
            "f1": 0.7427691671116561
        },
        {
            "mae": 33.387676560153025,
            "rmse": 39.4627192173199,
            "nete": 0.3,
            "precision": 0.722842500041865,
            "recall": 0.8222822984887536,
            "f1": 0.7725623992653092
        },
        {
            "mae": 31.50689474849979,
            "rmse": 38.99039924333873,
            "nete": 0.3,
            "precision": 0.7438714226434772,