{
    "train_loss": [
        0.8573546332631793,
        0.8560753747395107,
        0.8563642767667771,
        0.8559121730668204,
        0.8559805480071476,
        0.8559543199198587,
        0.8560673405613218,
        0.8558553091117314,
        0.8558348643098559,
        0.8556072298118046,
        0.8554372934613909,
        0.8555578602382115,
        0.8556014625685555,
        0.855709267105375,
        0.8543550763470786,
        0.8530812830073493,
        0.8553292822326932,
        0.8545910871199199,
        0.8552735986368997,
        0.8562862583909716,
        0.8561778170040676,
        0.8552210773570197,
        0.8545845949990408,
        0.8552996949808939,
        0.8532951456138066,
        0.8512006777354649,
        0.8499775519030435,
        0.8488764211790902,
        0.8427155644212451
    ],
    "val_loss": [
        1.1465105143316248,
        1.157364582761805,
        1.159193108650915,
        1.1428843456062865,
        1.1658238737863746,
        1.141727981435016,
        1.1447356178801744,
        1.1525997412490083,
        1.1510237588527354,
        1.1476204372308356,
        1.1520790742076141,
        1.1367139883260144,
        1.148956146368638,
        1.1450914977752464,
        1.153758765812567,
        1.142433097863451,
        1.1419113921992323,
        1.1392604896917622,
        1.1279879574208183,
        1.14668281542811,
        1.1482706917053525,
        1.1732536163775529,
        1.1523007282273883,
        1.1581775929105091,
        1.1354999785965427,
        1.1418094056797155,
        1.1566129950013884,
        1.147120108312749,
        1.1534532809114837
    ],
    "val_metrics": [
        {
            "mae": 0.8604949712753296,
            "rmse": 1.0690051317214966,
            "nete": 2.579749822616577,
            "precision": 0.0,
            "recall": 0.0,
            "f1": 0.0
        },
        {
            "mae": 0.8516917824745178,
            "rmse": 1.073984980583191,
            "nete": 2.856743097305298,
            "precision": 0.0,
            "recall": 0.0,
            "f1": 0.0
        },
        {
            "mae": 0.85038822889328,
            "rmse": 1.0748236179351807,
            "nete": 2.8986082077026367,
            "precision": 0.0,
            "recall": 0.0,
            "f1": 0.0
        },
        {
            "mae": 0.862026035785675,
            "rmse": 1.0673397779464722,
            "nete": 2.5124828815460205,
            "precision": 0.0,
            "recall": 0.0,
            "f1": 0.0
        },
        {
            "mae": 0.8457731604576111,
            "rmse": 1.077864408493042,
            "nete": 3.0447545051574707,
            "precision": 0.0,
            "recall": 0.0,
            "f1": 0.0
        },
        {
            "mae": 0.8623481392860413,
            "rmse": 1.0668144226074219,
            "nete": 2.4908061027526855,
            "precision": 0.0,
            "recall": 0.0,
            "f1": 0.0
        },
        {
            "mae": 0.8617599606513977,
            "rmse": 1.068204641342163,
            "nete": 2.533344268798828,
            "precision": 0.0,
            "recall": 0.0,
            "f1": 0.0
        },
        {
            "mae": 0.8614233136177063,
            "rmse": 1.071842908859253,
            "nete": 2.6047472953796387,
            "precision": 0.0,
            "recall": 0.0,
            "f1": 0.0
        },
        {
            "mae": 0.8567682504653931,
            "rmse": 1.0710937976837158,
            "nete": 2.694261312484741,
            "precision": 0.0,
            "recall": 0.0,
            "f1": 0.0
        },
        {
            "mae": 0.8583706021308899,
            "rmse": 1.0695306062698364,
            "nete": 2.627883195877075,
            "precision": 0.0,
            "recall": 0.0,
            "f1": 0.0
        },
        {
            "mae": 0.8555178642272949,
            "rmse": 1.0715830326080322,
            "nete": 2.7265820503234863,
            "precision": 0.0,
            "recall": 0.0,
            "f1": 0.0
        },
        {
            "mae": 0.8623726963996887,
            "rmse": 1.064494252204895,
            "nete": 2.4408130645751953,
            "precision": 0.0,
            "recall": 0.0,
            "f1": 0.0
        },
        {
            "mae": 0.8579100966453552,
            "rmse": 1.07014000415802,
            "nete": 2.650707721710205,
            "precision": 0.0,
            "recall": 0.0,
            "f1": 0.0
        },
        {
            "mae": 0.8568740487098694,
            "rmse": 1.0683722496032715,
            "nete": 2.63582444190979,
            "precision": 0.0,
            "recall": 0.0,
            "f1": 0.0
        },
        {
            "mae": 0.8514053821563721,
            "rmse": 1.0723356008529663,
            "nete": 2.806086778640747,
            "precision": 0.0,
            "recall": 0.0,
            "f1": 0.0
        },
        {
            "mae": 0.8601773381233215,
            "rmse": 1.0671420097351074,
            "nete": 2.5387461185455322,
            "precision": 0.0,
            "recall": 0.0,
            "f1": 0.0
        },
        {
            "mae": 0.8652923703193665,
            "rmse": 1.0669435262680054,
            "nete": 2.4293670654296875,
            "precision": 0.0,
            "recall": 0.0,
            "f1": 0.0
        },
        {
            "mae": 0.8649988174438477,
            "rmse": 1.0657223463058472,
            "nete": 2.406421661376953,
            "precision": 0.0,
            "recall": 0.0,
            "f1": 0.0
        },
        {
            "mae": 0.8624499440193176,
            "rmse": 1.0606129169464111,
            "nete": 2.32187819480896,
            "precision": 0.0,
            "recall": 0.0,
            "f1": 0.0
        },
        {
            "mae": 0.859196662902832,
            "rmse": 1.069166660308838,
            "nete": 2.601982355117798,
            "precision": 0.0,
            "recall": 0.0,
            "f1": 0.0
        },
        {
            "mae": 0.8565638661384583,
            "rmse": 1.0698440074920654,
            "nete": 2.6717324256896973,
            "precision": 0.0,
            "recall": 0.0,
            "f1": 0.0
        },
        {
            "mae": 0.8455245494842529,
            "rmse": 1.0813161134719849,
            "nete": 3.097382068634033,
            "precision": 0.0,
            "recall": 0.0,
            "f1": 0.0
        },
        {
            "mae": 0.8528591990470886,
            "rmse": 1.0717600584030151,
            "nete": 2.777418851852417,
            "precision": 0.0,
            "recall": 0.0,
            "f1": 0.0
        },
        {
            "mae": 0.8511672616004944,
            "rmse": 1.0743592977523804,
            "nete": 2.8740103244781494,
            "precision": 0.0,
            "recall": 0.0,
            "f1": 0.0
        },
        {
            "mae": 0.8624401092529297,
            "rmse": 1.0640122890472412,
            "nete": 2.4237451553344727,
            "precision": 0.0,
            "recall": 0.0,
            "f1": 0.0
        },
        {
            "mae": 0.8566097021102905,
            "rmse": 1.0669803619384766,
            "nete": 2.5996875762939453,
            "precision": 0.0,
            "recall": 0.0,
            "f1": 0.0
        },
        {
            "mae": 0.8438060283660889,
            "rmse": 1.073749303817749,
            "nete": 2.979797840118408,
            "precision": 0.0,
            "recall": 0.0,
            "f1": 0.0
        },
        {
            "mae": 0.8556969165802002,
            "rmse": 1.069461464881897,
            "nete": 2.649416923522949,
            "precision": 0.0,
            "recall": 0.0,
            "f1": 0.0
        },
        {
            "mae": 0.849599301815033,
            "rmse": 1.0723735094070435,
            "nete": 2.8607177734375,
            "precision": 0.0,
            "recall": 0.0,