{
    "train_loss": [
        0.0558984840871672,
        0.053650293845281506,
        0.052205057091473404,
        0.05158696404363329,
        0.04920762862238455,
        0.04658085670739554,
        0.04281615053330955,
        0.0407777289753535,
        0.038417874647810886,
        0.03743468993228201,
        0.03725837502354043,
        0.03626972917880131,
        0.035027195854281025,
        0.03354038137611633,
        0.030999898430133843,
        0.028040003413928448,
        0.026469293110502723,
        0.02521631271438041,
        0.02520483716277057,
        0.024257101499061497,
        0.021790160095297977,
        0.020883261534770273,
        0.020941919827517624,
        0.019076110119217952,
        0.018828960798223583,
        0.017683351740910843,
        0.01699755151607159,
        0.017838119124450914,
        0.018808257054797634,
        0.019077279368451463,
        0.018563736579408692,
        0.01839461407425123,
        0.01927155895949276,
        0.01917638758405532,
        0.018697254460998656,
        0.017850128074098186,
        0.01889550421369179,
        0.01758908703187866,
        0.018458239481690498,
        0.019015225634496116,
        0.01992075163467421,
        0.01864605057640369,
        0.018639412349235402,
        0.017726595212108176,
        0.0169525051565471,
        0.017121781292645324,
        0.015296740930844287,
        0.013892138942491212,
        0.012716523443997213,
        0.01276526370054728
    ],
    "val_loss": [
        0.060693408291525565,
        0.058655595874128205,
        0.056815309946047075,
        0.05616631224581496,
        0.055238127210329106,
        0.05090989954276532,
        0.05015006313752227,
        0.04966957533191707,
        0.048808185089319375,
        0.04402368990914233,
        0.042501084615046314,
        0.04174314706260142,
        0.041601072948867154,
        0.04073434083245147,
        0.03854470631519896,
        0.03485231076902521,
        0.033884571105531475,
        0.033470217982033,
        0.03279928259998568,
        0.030918080541734994,
        0.029733511248570405,
        0.029440087887086307,
        0.028614847235722298,
        0.025196915618553358,
        0.02349846058872441,
        0.022323451088248805,
        0.022931958935892786,
        0.020793888367081386,
        0.021748669907537516,
        0.02203114333687404,
        0.02349720874498969,
        0.024614659551526117,
        0.022850774455340745,
        0.02213520696325809,
        0.021632117184048588,
        0.0207426344778031,
        0.02184027942437638,
        0.022782919457586526,
        0.021381151455775023,
        0.021965986916220925,
        0.02291678921640792,
        0.021578353105223873,
        0.021571382966697174,
        0.020612924972713588,
        0.021779418280867047,
        0.021091253715155533,
        0.0180615779773865,
        0.016586745889615773,
        0.01733231096478529,
        0.016975388634660783
    ],
    "val_metrics": [
        {
            "mae": 75.78188254649275,
            "rmse": 85.9097997308318,
            "nete": 0.3,
            "precision": 0.5,
            "recall": 0.5,
            "f1": 0.47979358452297693
        },
        {
            "mae": 73.67515940837534,
            "rmse": 91.5538553650621,
            "nete": 0.3,
            "precision": 0.5,
            "recall": 0.5,
            "f1": 0.4786925179006395
        },
        {
            "mae": 70.7687358749263,
            "rmse": 89.15407673085096,
            "nete": 0.3,
            "precision": 0.5,
            "recall": 0.5243164225747955,
            "f1": 0.5030297497471795
        },
        {
            "mae": 70.64717015176612,
            "rmse": 84.98676792716924,
            "nete": 0.3,
            "precision": 0.5,
            "recall": 0.561914773649074,
            "f1": 0.526754206522714
        },
        {
            "mae": 67.33811027795994,
            "rmse": 79.57300649814259,
            "nete": 0.3,
            "precision": 0.5603464271986996,
            "recall": 0.5307101333498718,
            "f1": 0.5455282802742857
        },
        {
            "mae": 66.58181631237112,
            "rmse": 84.68445921560686,
            "nete": 0.3,
            "precision": 0.5339696531111732,
            "recall": 0.5493205073154305,
            "f1": 0.5416450802133018
        },
        {
            "mae": 64.50920149561118,
            "rmse": 75.2682433362624,
            "nete": 0.3,
            "precision": 0.556315293544047,
            "recall": 0.6092154818303754,
            "f1": 0.5827653876872112
        },
        {
            "mae": 61.8672906888559,
            "rmse": 71.85851600233816,
            "nete": 0.3,
            "precision": 0.5501108412669375,
            "recall": 0.6352762211290132,
            "f1": 0.5926935311979754
        },
        {
            "mae": 60.98440434534477,
            "rmse": 76.58837864435355,
            "nete": 0.3,
            "precision": 0.6017235394186721,
            "recall": 0.6675622069625511,
            "f1": 0.6346428731906115
        },
        {
            "mae": 58.7701682938195,
            "rmse": 59.7096561489512,
            "nete": 0.3,
            "precision": 0.5662578953747714,
            "recall": 0.6836272403940685,
            "f1": 0.62494256788442
        },
        {
            "mae": 57.089398030619584,
            "rmse": 70.04677257431047,
            "nete": 0.3,
            "precision": 0.5983679868821369,
            "recall": 0.6880702379859118,
            "f1": 0.6432191124340244
        },
        {
            "mae": 53.54784039347003,
            "rmse": 62.7819237572356,
            "nete": 0.3,
            "precision": 0.5936041212147105,
            "recall": 0.7005761199568926,
            "f1": 0.6470901205858015
        },
        {
            "mae": 55.132389252596646,
            "rmse": 67.42399629756126,
            "nete": 0.3,
            "precision": 0.6282466871922766,
            "recall": 0.7016350040995416,
            "f1": 0.6649408456459092
        },
        {
            "mae": 53.114717738226446,
            "rmse": 62.0681123041311,
            "nete": 0.3,
            "precision": 0.6230718048625684,
            "recall": 0.7613604989108624,
            "f1": 0.6922161518867155
        },
        {
            "mae": 51.42168493544224,
            "rmse": 62.99817708015198,
            "nete": 0.3,
            "precision": 0.6396554303950843,
            "recall": 0.7210596084985303,
            "f1": 0.6803575194468074
        },
        {
            "mae": 49.70784446127104,
            "rmse": 59.36695454144992,
            "nete": 0.3,
            "precision": 0.6679435468681364,
            "recall": 0.7566332879947134,
            "f1": 0.712288417431425
        },
        {
            "mae": 47.15107930600776,
            "rmse": 60.20302143476833,
            "nete": 0.3,
            "precision": 0.6779743844636498,
            "recall": 0.7640494041743497,
            "f1": 0.7210118943189997
        },
        {
            "mae": 46.98455496877889,
            "rmse": 55.300559486912675,
            "nete": 0.3,
            "precision": 0.6955226387481536,
            "recall": 0.7292084635020399,
            "f1": 0.7123655511250969
        },
        {
            "mae": 44.814907019439275,
            "rmse": 53.121378064745045,
            "nete": 0.3,
            "precision": 0.7148081896616549,
            "recall": 0.7904194131832037,
            "f1": 0.7526138014224293
        },
        {
            "mae": 44.202599280711226,
            "rmse": 53.64172441468433,
            "nete": 0.3,
            "precision": 0.7104072005899246,
            "recall": 0.8179040720597236,
            "f1": 0.7641556363248241
        },
        {
            "mae": 42.85027627255455,
            "rmse": 45.91639574973694,
            "nete": 0.3,