{
    "timestamp": "20250322_191852",
    "house_number": 5,
    "results": {
        "Fridge": {
            "model_path": "models/resnet/house5_20250322_191852\\Fridge\\resnet_model_best.pth",
            "final_metrics": {
                "mae": 21.223487441392283,
                "rmse": 26.23992357145665,
                "nete": 0.2142182932829272,
                "precision": 0.7953139570788671,
                "recall": 0.8799999461700858,
                "f1": 0.8376569516244765
            }
        },
        "Dishwasher": {
            "model_path": "models/resnet/house5_20250322_191852\\Dishwasher\\resnet_model_best.pth",
            "final_metrics": {
                "mae": 23.513827288687548,
                "rmse": 28.493039571845,
                "nete": 0.2384069345390477,
                "precision": 0.8510015855963563,
                "recall": 0.9077332250778779,
                "f1": 0.8793674053371172
            }
        },
        "Microwave": {
            "model_path": "models/resnet/house5_20250322_191852\\Microwave\\resnet_model_best.pth",
            "final_metrics": {
                "mae": 25.67453462269607,
                "rmse": 31.244708892157327,
                "nete": 0.25827882725485796,
                "precision": 0.8990890129649171,
                "recall": 0.966779683192899,
                "f1": 0.932934348078908
            }
        },
        "Washer_Dryer": {
            "model_path": "models/resnet/house5_20250322_191852\\Washer_Dryer\\resnet_model_best.pth",
            "final_metrics": {
                "mae": 29.172043717582515,
                "rmse": 35.87673386132672,
                "nete": 0.3,
                "precision": 0.9063663172973254,
                "recall": 1.0,
                "f1": 0.9784456044649995
            }
        },
        "Kettle": {
            "model_path": "models/resnet/house5_20250322_191852\\Kettle\\resnet_model_best.pth",
            "final_metrics": {
                "mae": 19.819566087748335,
                "rmse": 24.696304351051936,
                "nete": 0.20141006992681496,
                "precision": 0.7521027515996833,
                "recall": 0.835194152410706,
                "f1": 0.7936484520051947
            }
        }
    }
}