{
    "train_loss": [
        0.05106065684330871,
        0.04814606691241647,
        0.04567843435825073,
        0.04167922905684902,
        0.03982576109834044,
        0.03601628185607363,
        0.03409529351454644,
        0.031249749277548425,
        0.028077044369059417,
        0.02606242030685839,
        0.023709960662724634,
        0.02157942872684338,
        0.020658016506395052,
        0.019075235643206935,
        0.01692175620115603,
        0.01485436887004216,
        0.014603100101498363,
        0.012824085495554832,
        0.010410302131799413,
        0.00999785550500321,
        0.008429227268070487,
        0.006786871506443191,
        0.008499674873899044,
        0.009634065212352548,
        0.010081056343007655,
        0.01169841842169748,
        0.011158659787657102,
        0.011148871213935428,
        0.00990458806559769,
        0.009534252096477947,
        0.00782190245326542,
        0.007872513670070462,
        0.007386397117755474,
        0.007031196090748843,
        0.004441128268112221,
        0.0032166681738308818,
        0.001,
        0.001,
        0.001,
        0.001,
        0.001,
        0.001,
        0.001,
        0.001,
        0.001,
        0.0012011023282280167,
        0.001,
        0.0012342147252542312,
        0.001,
        0.00746521864365123
    ],
    "val_loss": [
        0.055666912088995185,
        0.052553370258037295,
        0.04996235607616327,
        0.04638301507832421,
        0.04482939434026671,
        0.04259190962843159,
        0.04191851575432058,
        0.0407715059176005,
        0.03632208649832831,
        0.03392909332711727,
        0.03212385687107188,
        0.032840774942582696,
        0.03146581142094435,
        0.028948986455768468,
        0.02661575190407221,
        0.025557354344088252,
        0.025717220528214232,
        0.023600175655832688,
        0.01916336868717591,
        0.02024240643341141,
        0.021186194067399064,
        0.019162113457221776,
        0.017791079222665714,
        0.015456052292449392,
        0.014669306382224707,
        0.014283339342782354,
        0.0143476789198964,
        0.014159750948217148,
        0.013418315357669783,
        0.014275168395268439,
        0.013829086762334943,
        0.014397672176028303,
        0.014630348277026606,
        0.01166725590498565,
        0.010726170190397781,
        0.00974639295886772,
        0.010180518091485237,
        0.008776242990082821,
        0.005418170858184985,
        0.004053559429903335,
        0.005639068682134016,
        0.005132855682775719,
        0.006431231455032677,
        0.006652245011044532,
        0.0066612981690711915,
        0.007140428234559275,
        0.0026939212529088446,
        0.004206181781608752,
        0.00698165132733276,
        0.011731321740151835
    ],
    "val_metrics": [
        {
            "mae": 58.91432316504092,
            "rmse": 71.64995542793262,
            "nete": 0.3,
            "precision": 0.5,
            "recall": 0.5289109866181302,
            "f1": 0.4797530711289214
        },
        {
            "mae": 58.76226436896492,
            "rmse": 73.3827394102057,
            "nete": 0.3,
            "precision": 0.5,
            "recall": 0.5484333912290116,
            "f1": 0.5110794797141126
        },
        {
            "mae": 56.10904946120433,
            "rmse": 68.09087520190208,
            "nete": 0.3,
            "precision": 0.5,
            "recall": 0.5446184330894202,
            "f1": 0.5217018346866608
        },
        {
            "mae": 54.652281912898154,
            "rmse": 68.3806707891919,
            "nete": 0.3,
            "precision": 0.5,
            "recall": 0.5900559567306407,
            "f1": 0.5416730804086041
        },
        {
            "mae": 54.26144598498372,
            "rmse": 66.53365605483516,
            "nete": 0.3,
            "precision": 0.5125020528041048,
            "recall": 0.6033092479796806,
            "f1": 0.5579056503918928
        },
        {
            "mae": 51.278047552319734,
            "rmse": 64.6343188911868,
            "nete": 0.3,
            "precision": 0.5520026767821469,
            "recall": 0.6144928288449908,
            "f1": 0.5832477528135689
        },
        {
            "mae": 50.45384383526405,
            "rmse": 62.10940076754303,
            "nete": 0.3,
            "precision": 0.5555762244714084,
            "recall": 0.6169137962397455,
            "f1": 0.586245010355577
        },
        {
            "mae": 49.65068074352271,
            "rmse": 63.33214263162201,
            "nete": 0.3,
            "precision": 0.5989654556318429,
            "recall": 0.6386789430404236,
            "f1": 0.6188221993361332
        },
        {
            "mae": 48.890297074397694,
            "rmse": 64.7540385037825,
            "nete": 0.3,
            "precision": 0.5860942284933292,
            "recall": 0.6784474698655645,
            "f1": 0.6322708491794468
        },
        {
            "mae": 45.90548692632544,
            "rmse": 50.678622589608196,
            "nete": 0.3,
            "precision": 0.6202198075058348,
            "recall": 0.6904019745222957,
            "f1": 0.6553108910140653
        },
        {
            "mae": 45.86331941058518,
            "rmse": 57.73002029819474,
            "nete": 0.3,
            "precision": 0.6369339786465447,
            "recall": 0.6991435162540334,
            "f1": 0.668038747450289
        },
        {
            "mae": 44.3922929469874,
            "rmse": 55.8932600373669,
            "nete": 0.3,
            "precision": 0.6446828332727106,
            "recall": 0.664585241178458,
            "f1": 0.6546340372255842
        },
        {
            "mae": 43.353279236841246,
            "rmse": 51.6892774267197,
            "nete": 0.3,
            "precision": 0.6693259939735807,
            "recall": 0.7016383337694237,
            "f1": 0.6854821638715022
        },
        {
            "mae": 41.64797882957013,
            "rmse": 53.337934084039944,
            "nete": 0.3,
            "precision": 0.6875565140088354,
            "recall": 0.7319641700393894,
            "f1": 0.7097603420241124
        },
        {
            "mae": 40.69524677825907,
            "rmse": 47.37169387951439,
            "nete": 0.3,
            "precision": 0.6831950525391763,
            "recall": 0.7465163650270333,
            "f1": 0.7148557087831049
        },
        {
            "mae": 38.99790687645632,
            "rmse": 47.676278480833844,
            "nete": 0.3,
            "precision": 0.7138177227702982,
            "recall": 0.7859106108693497,
            "f1": 0.7498641668198239
        },
        {
            "mae": 38.660268215630374,
            "rmse": 50.128869869900186,
            "nete": 0.3,
            "precision": 0.7154471419771641,
            "recall": 0.7933970185061536,
            "f1": 0.7544220802416589
        },
        {
            "mae": 36.102049011515504,
            "rmse": 41.80879733319198,
            "nete": 0.3,
            "precision": 0.7339465982482192,
            "recall": 0.7920785921545118,
            "f1": 0.7630125952013656
        },
        {
            "mae": 36.427211959112746,
            "rmse": 40.813492920880805,
            "nete": 0.3,
            "precision": 0.7358715941712176,
            "recall": 0.7740040876343866,
            "f1": 0.7549378409028021
        },
        {
            "mae": 35.323728165726266,
            "rmse": 43.24335959655633,
            "nete": 0.3,
            "precision": 0.7608154322422336,
            "recall": 0.8175877625533842,
            "f1": 0.7892015973978088
        },
        {
            "mae": 34.31702369843061,
            "rmse": 41.43200276752895,
            "nete": 0.3,
            "precision": 0.7264640706738779,
            "recall": 0.8588779583654411,