{
    "appliance": "fridge",
    "window_size": 100,
    "model_params": {
        "input_size": 1,
        "output_size": 1,
        "hidden_size": 128,
        "num_layers": 1,
        "dt": 0.1,
        "advanced": false
    },
    "train_params": {
        "lr": 0.001,
        "epochs": 20,
        "patience": 10
    },
    "final_metrics": {
        "train_loss": 4145.064854600694,
        "val_loss": 4652.377751689487,
        "test_loss": 7191.329469997883,
        "test_metrics": {
            "mae": 71.51148223876953,
            "rmse": 84.76580810546875,
            "nete": 0.15716978907585144,
            "sae": 49.34174728393555,
            "traditional_sae": 0.687937937937938,
            "precision": 0.26575672420714574,
            "recall": 0.9944917376064096,
            "f1": 0.4194297782470961
        },
        "aggregates": {
            "train_loss_mean": 4532.217125956217,
            "train_loss_var": 370651.1174377046,
            "val_loss_mean": 4998.527930000093,
            "val_loss_var": 185774.2119439515,
            "train_mae_mean": 50.02531814575195,
            "train_mae_var": 16.23833656311035,
            "val_mae_mean": 52.91674041748047,
            "val_mae_var": 15.162739753723145,
            "train_sae_mean": 7.655849456787109,
            "train_sae_var": 46.577613830566406,
            "val_sae_mean": 19.38418960571289,
            "val_sae_var": 8.47883415222168,
            "train_f1_mean": 0.5422904742192024,
            "train_f1_var": 0.0015633016045439971,
            "val_f1_mean": 0.5849642529590593,
            "val_f1_var": 0.0023159981335697582,
            "test_mae": 71.51148223876953,
            "test_sae": 49.34174728393555,
            "test_f1": 0.4194297782470961,
            "test_loss": 7191.329469997883
        }
    }
}