{
    "appliance": "washer dryer",
    "window_size": 100,
    "model_params": {
        "input_size": 1,
        "output_size": 1,
        "hidden_size": 128,
        "num_layers": 1,
        "dt": 0.1,
        "advanced": false
    },
    "train_params": {
        "lr": 0.001,
        "epochs": 50,
        "patience": 10
    },
    "final_metrics": {
        "train_loss": 484810.77679307724,
        "val_loss": 1069247.174049208,
        "test_loss": 10752.218623046874,
        "test_metrics": {
            "mae": 83.58807373046875,
            "rmse": 103.70466613769531,
            "nete": 1562.656982421875,
            "sae": 83.60904693603516,
            "traditional_sae": 1.0,
            "precision": 0.0,
            "recall": 0.0,
            "f1": 0.0
        }
    }
}