{
    "appliance": "microwave",
    "window_size": 100,
    "model_params": {
        "input_size": 1,
        "output_size": 1,
        "hidden_size": 128,
        "num_layers": 1,
        "dt": 0.1,
        "advanced": false
    },
    "train_params": {
        "lr": 0.001,
        "epochs": 50,
        "patience": 10
    },
    "final_metrics": {
        "train_loss": 14681.896338272094,
        "val_loss": 28598.86146334892,
        "test_loss": 32461.909776738583,
        "test_metrics": {
            "mae": 29.946182250976562,
            "rmse": 180.2608642578125,
            "nete": 0.5513163208961487,
            "sae": 25.299877166748047,
            "traditional_sae": 0.5984734734734735,
            "precision": 0.02730236348818256,
            "recall": 0.9370629370629371,
            "f1": 0.05305880023757672
        }
    }
}