{
    "num_runs": 5,
    "best_run": 1,
    "test_mae": {
        "mean": 43.106651306152344,
        "std": 1.193602442741394,
        "min": 41.91435241699219,
        "max": 45.365386962890625,
        "best": 42.38059997558594
    },
    "test_f1": {
        "mean": 0.389856786820219,
        "std": 0.05507085669099361,
        "min": 0.30398162327718226,
        "max": 0.44517906336088153,
        "best": 0.4413869014859659
    },
    "test_sae": {
        "mean": 42.32520294189453,
        "std": 1.267676830291748,
        "min": 40.94766616821289,
        "max": 44.684322357177734,
        "best": 41.86940002441406
    },
    "val_f1": {
        "mean": 0.17165175907234345,
        "std": 0.0028596140337273394,
        "min": 0.16796267496111975,
        "max": 0.1756701030927835,
        "best": 0.1756701030927835
    }
}