{
    "appliance": "washer dryer",
    "window_size": 200,
    "model_params": {
        "input_size": 1,
        "output_size": 1,
        "hidden_size": 128,
        "num_layers": 1,
        "dt": 0.1,
        "advanced": false
    },
    "train_params": {
        "lr": 0.0005,
        "epochs": 60,
        "patience": 10
    },
    "final_metrics": {
        "train_loss": 504310.22779547836,
        "val_loss": 1131263.9666659392,
        "test_loss": 10316.01326953125,
        "test_metrics": {
            "mae": 98.35855102539062,
            "rmse": 101.58893585205078,
            "nete": 1834.1856689453125,
            "sae": 98.39729309082031,
            "traditional_sae": 0.9555945810336177,
            "precision": 0.04440541896638234,
            "recall": 1.0,
            "f1": 0.08503483065097285
        },
        "aggregates": {
            "train_loss_mean": 547015.8978944848,
            "train_loss_var": 478384927.4343528,
            "val_loss_mean": 1212462.7148465537,
            "val_loss_var": 2218288325.4648933,
            "train_mae_mean": 216.8251953125,
            "train_mae_var": 486.9658508300781,
            "val_mae_mean": 357.9418640136719,
            "val_mae_var": 225.31903076171875,
            "train_sae_mean": 65.92244720458984,
            "train_sae_var": 292.91375732421875,
            "val_sae_mean": 350.04443359375,
            "val_sae_var": 217.58457946777344,
            "train_f1_mean": 0.1346812326756889,
            "train_f1_var": 0.0,
            "val_f1_mean": 0.3250366032210834,
            "val_f1_var": 3.0814879110195774e-33,
            "test_mae": 98.35855102539062,
            "test_sae": 98.39729309082031,
            "test_f1": 0.08503483065097285,
            "test_loss": 10316.01326953125
        }
    }
}