{
    "train_loss": [
        0.0641069759144617,
        0.06075209606122843,
        0.05845582200026822,
        0.056904874801842684,
        0.055886329546559324,
        0.05376067705522938,
        0.053416889007378274,
        0.05040992837235038,
        0.04923058833834231,
        0.04689072317527989,
        0.043444808365444655,
        0.0398536029962527,
        0.0393780281700385,
        0.03859192063213517,
        0.036197515350659064,
        0.03385616537795494,
        0.03425397836971479,
        0.033096771228768404,
        0.030869333657900566,
        0.030602012608939848,
        0.029498926933366153,
        0.028798367254922564,
        0.027586124712426593,
        0.026701023122063242,
        0.027379404485926177,
        0.02647886223348357,
        0.025431864644653246,
        0.024433745692462865,
        0.023643465701673305,
        0.024348403872302922,
        0.02316510290274773,
        0.022247067347616365,
        0.021355966596956866,
        0.019160098045306342,
        0.016526238455385943,
        0.014674657967390613,
        0.014408634761625802,
        0.014280537985730498,
        0.013349441651180701,
        0.013419522478241032,
        0.01143893414441459,
        0.011040269912699864,
        0.011897869012802507,
        0.01245102057325749,
        0.011287327248454375,
        0.009595293010169335,
        0.009602607762235926,
        0.009761375929042044,
        0.008193624118544754,
        0.017929292168481086
    ],
    "val_loss": [
        0.06931232471018478,
        0.06666813942170798,
        0.06374556600776089,
        0.061803852187083466,
        0.06068064602388729,
        0.06077340077591746,
        0.058361694988139756,
        0.054992131757085165,
        0.05369211775525943,
        0.05123525933404389,
        0.05243131436079277,
        0.050078993479780474,
        0.05032898196104527,
        0.047237668000887495,
        0.04342360229631459,
        0.04157223178056425,
        0.0399757186760394,
        0.03812310380819508,
        0.03586397590587907,
        0.03413211323938684,
        0.03368410796649649,
        0.03435907757307794,
        0.033164482408593744,
        0.03157893629208727,
        0.03086596698613986,
        0.02980280534515775,
        0.028703457876885913,
        0.029655972850927078,
        0.028498777289652732,
        0.027565824065918072,
        0.026323358047885118,
        0.025359420714997187,
        0.02442376492680471,
        0.02539789282169156,
        0.023687110742583672,
        0.020121146912847276,
        0.020173494196703508,
        0.018730417395371745,
        0.019325152412981866,
        0.017264739295458277,
        0.017287883702858754,
        0.016002074389996505,
        0.014492762463442634,
        0.016233640181108844,
        0.017984612242480144,
        0.016518671233036974,
        0.015387931718564531,
        0.0135398798607403,
        0.015649379043211748,
        0.023955341198798018
    ],
    "val_metrics": [
        {
            "mae": 84.62018048755233,
            "rmse": 108.33478441031238,
            "nete": 0.3,
            "precision": 0.5,
            "recall": 0.5,
            "f1": 0.4538603785925145
        },
        {
            "mae": 80.33778847524314,
            "rmse": 94.67912867240939,
            "nete": 0.3,
            "precision": 0.5,
            "recall": 0.5211296188798018,
            "f1": 0.47919606355256733
        },
        {
            "mae": 79.27642336821683,
            "rmse": 97.84226979019493,
            "nete": 0.3,
            "precision": 0.5,
            "recall": 0.5,
            "f1": 0.4717541243888935
        },
        {
            "mae": 76.80895898487825,
            "rmse": 92.05712416276536,
            "nete": 0.3,
            "precision": 0.5,
            "recall": 0.5490670773046677,
            "f1": 0.5044565867783762
        },
        {
            "mae": 77.35522204262027,
            "rmse": 88.80097440734764,
            "nete": 0.3,
            "precision": 0.5,
            "recall": 0.5735053306393243,
            "f1": 0.5243814145128236
        },
        {
            "mae": 72.70871998929414,
            "rmse": 82.91736495581284,
            "nete": 0.3,
            "precision": 0.5,
            "recall": 0.5651835089581325,
            "f1": 0.5321181505636996
        },
        {
            "mae": 71.81663507199856,
            "rmse": 84.55310649285207,
            "nete": 0.3,
            "precision": 0.5317459915552645,
            "recall": 0.5732442437912841,
            "f1": 0.5524951176732743
        },
        {
            "mae": 68.09256524728325,
            "rmse": 84.5659441953704,
            "nete": 0.3,
            "precision": 0.545711841870616,
            "recall": 0.5946387342372382,
            "f1": 0.5701752880539271
        },
        {
            "mae": 67.27838677955722,
            "rmse": 78.93582568406744,
            "nete": 0.3,
            "precision": 0.5394024266373243,
            "recall": 0.5725670155186321,
            "f1": 0.5559847210779783
        },
        {
            "mae": 65.64466893143016,
            "rmse": 79.0438465913931,
            "nete": 0.3,
            "precision": 0.5289851629720859,
            "recall": 0.6188551782579842,
            "f1": 0.573920170615035
        },
        {
            "mae": 61.44673312574868,
            "rmse": 74.05839322020377,
            "nete": 0.3,
            "precision": 0.5711164657991494,
            "recall": 0.6660983177720394,
            "f1": 0.6186073917855943
        },
        {
            "mae": 60.48492175394598,
            "rmse": 71.52649133233118,
            "nete": 0.3,
            "precision": 0.5968659979195365,
            "recall": 0.6446628152368553,
            "f1": 0.620764406578196
        },
        {
            "mae": 59.36397082736126,
            "rmse": 74.11007647931588,
            "nete": 0.3,
            "precision": 0.6168563725479441,
            "recall": 0.6620279559424735,
            "f1": 0.6394421642452088
        },
        {
            "mae": 59.2727727699918,
            "rmse": 70.60291487199483,
            "nete": 0.3,
            "precision": 0.579637381744214,
            "recall": 0.6634247229656246,
            "f1": 0.6215310523549192
        },
        {
            "mae": 56.74698972791325,
            "rmse": 68.82814661563266,
            "nete": 0.3,
            "precision": 0.6071464535904728,
            "recall": 0.7041591269301101,
            "f1": 0.6556527902602914
        },
        {
            "mae": 56.23607645398346,
            "rmse": 68.49771121940285,
            "nete": 0.3,
            "precision": 0.656442740128276,
            "recall": 0.6916690908172698,
            "f1": 0.6740559154727729
        },
        {
            "mae": 52.10239944357496,
            "rmse": 66.72306191726668,
            "nete": 0.3,
            "precision": 0.6459783447183793,
            "recall": 0.7415602808991839,
            "f1": 0.6937693128087816
        },
        {
            "mae": 51.2751807465315,
            "rmse": 60.52263037418956,
            "nete": 0.3,
            "precision": 0.6546356384777136,
            "recall": 0.7274984076564702,
            "f1": 0.6910670230670919
        },
        {
            "mae": 49.106560364958824,
            "rmse": 62.22064646009857,
            "nete": 0.3,
            "precision": 0.6645562221667433,
            "recall": 0.7383831936177891,
            "f1": 0.7014697078922661
        },
        {
            "mae": 48.13308589995123,
            "rmse": 56.13735306635918,
            "nete": 0.3,
            "precision": 0.6785270878456827,
            "recall": 0.774631742622377,
            "f1": 0.7265794152340298
        },
        {
            "mae": 47.70148337896367,
            "rmse": 54.95906925679235,
            "nete": 0.3,
            "precision": 0.6910790881617781,