{
    "appliance": "washer dryer",
    "window_size": 100,
    "model_params": {
        "input_size": 1,
        "output_size": 1,
        "num_channels": [
            32,
            64,
            128
        ],
        "kernel_size": 3,
        "dropout": 0.2
    },
    "train_params": {
        "lr": 0.001,
        "epochs": 10,
        "patience": 3
    },
    "final_metrics": {
        "train_loss": 133201.88793402776,
        "val_loss": 283252.491248152,
        "test_loss": 217622.97030078125,
        "test_metrics": {
            "mae": 177.5880584716797,
            "rmse": 466.708740234375,
            "nete": 3248.5830078125,
            "sae": 0.9315565565565566,
            "precision": 0.04539043467111168,
            "recall": 1.0,
            "f1": 0.08683920029437017
        }
    }
}