{
    "appliance": "fridge",
    "window_size": 100,
    "model_params": {
        "input_size": 1,
        "output_size": 1,
        "hidden_size": 128,
        "num_layers": 1,
        "dt": 0.1,
        "advanced": false
    },
    "train_params": {
        "lr": 0.001,
        "epochs": 50,
        "patience": 10
    },
    "final_metrics": {
        "train_loss": 4208.328306070964,
        "val_loss": 4909.960527377659,
        "test_loss": 5689.834405273437,
        "test_metrics": {
            "mae": 52.51266860961914,
            "rmse": 75.38728332519531,
            "nete": 0.23319220542907715,
            "sae": 0.7501251251251251,
            "precision": 0.24987487487487486,
            "recall": 1.0,
            "f1": 0.3998398238061868
        }
    }
}