{
    "train_loss": [
        0.05759850463171399,
        0.05590835101925598,
        0.053694832441305206,
        0.050833208025789056,
        0.04820229798597865,
        0.04608683669962859,
        0.04472826456537657,
        0.04243940466240502,
        0.04136994502640001,
        0.04005754682873039,
        0.03737419308576984,
        0.035147869022124745,
        0.03153133346804053,
        0.031018661296764078,
        0.030193910004856585,
        0.027081745170203845,
        0.02446647634324281,
        0.022972391171365566,
        0.02309503528737317,
        0.01996885446123187,
        0.019160546164149465,
        0.017213356627701612,
        0.017697783010489073,
        0.017201386076085127,
        0.015412336000571274,
        0.01467280951787935,
        0.012453892358897182,
        0.012213436894920411,
        0.013049342910867468,
        0.013552766167912931,
        0.012571375086200999,
        0.011982631702617182,
        0.011966389926955045,
        0.013650676735706153,
        0.012305190465365627,
        0.011724928587882301,
        0.01148512744376386,
        0.01120968934881869,
        0.009640866319553711,
        0.007711824289234818,
        0.007329091511915501,
        0.006841590127080299,
        0.005601583890405937,
        0.005994917677589116,
        0.005541332465438745,
        0.00490611293955468,
        0.005192406597094982,
        0.0061003438513865145,
        0.004329172271310682,
        0.015000164641499107
    ],
    "val_loss": [
        0.06375389938730171,
        0.06070376857021879,
        0.05848289811238571,
        0.05537486842707851,
        0.052612412885277585,
        0.05230986418902667,
        0.050180374722079014,
        0.051064057894746356,
        0.04765910972795496,
        0.0466936037716016,
        0.04712017909284881,
        0.046461545185526566,
        0.045237340321197424,
        0.04497899394899694,
        0.04269565464851083,
        0.04015630646340104,
        0.03960649280663704,
        0.035689857120821844,
        0.033195709917813454,
        0.029611058742661688,
        0.028032809470640938,
        0.02610833319118502,
        0.0264057156462208,
        0.024383184811519965,
        0.022893669332211857,
        0.02005325192359656,
        0.018852703379855562,
        0.017226659453340586,
        0.019293590147366636,
        0.016985119122025702,
        0.016303371794600115,
        0.016510234673638047,
        0.01592934751515108,
        0.01633321057249146,
        0.015042366725222389,
        0.014980416074642056,
        0.01432272031127918,
        0.013770173816259624,
        0.013210414270922238,
        0.01103200378135,
        0.009695546087511275,
        0.009183669633434314,
        0.009805839978965166,
        0.01284320400143197,
        0.01470785493367217,
        0.013701539526762275,
        0.015101100628688949,
        0.013995927689341332,
        0.014158004942700794,
        0.01877054735364173
    ],
    "val_metrics": [
        {
            "mae": 70.49353942700081,
            "rmse": 83.44458443398587,
            "nete": 0.3,
            "precision": 0.5,
            "recall": 0.5,
            "f1": 0.4444060390159049
        },
        {
            "mae": 67.72710739610585,
            "rmse": 81.70848238712263,
            "nete": 0.3,
            "precision": 0.5,
            "recall": 0.5,
            "f1": 0.434106472859957
        },
        {
            "mae": 67.53240555924528,
            "rmse": 79.78806779190839,
            "nete": 0.3,
            "precision": 0.5,
            "recall": 0.5280011733261214,
            "f1": 0.47048516333586
        },
        {
            "mae": 64.21018037310351,
            "rmse": 81.52489585634096,
            "nete": 0.3,
            "precision": 0.5,
            "recall": 0.5245060936630804,
            "f1": 0.48413152530130804
        },
        {
            "mae": 64.34255595342279,
            "rmse": 74.38831672571352,
            "nete": 0.3,
            "precision": 0.5,
            "recall": 0.5393271647387629,
            "f1": 0.5009319238183186
        },
        {
            "mae": 61.32054357663411,
            "rmse": 72.51274157262169,
            "nete": 0.3,
            "precision": 0.5061121280092448,
            "recall": 0.5573101576173,
            "f1": 0.5317111428132724
        },
        {
            "mae": 57.96135529226264,
            "rmse": 70.64700927999802,
            "nete": 0.3,
            "precision": 0.5152437194843413,
            "recall": 0.5492141052469289,
            "f1": 0.5322289123656352
        },
        {
            "mae": 56.14989911067874,
            "rmse": 71.90900291583455,
            "nete": 0.3,
            "precision": 0.5119109948129194,
            "recall": 0.5711114811323912,
            "f1": 0.5415112379726553
        },
        {
            "mae": 56.08429763436524,
            "rmse": 73.53301770372987,
            "nete": 0.3,
            "precision": 0.5146391103822784,
            "recall": 0.5893678101191191,
            "f1": 0.5520034602506987
        },
        {
            "mae": 54.25533318878304,
            "rmse": 69.8595969517413,
            "nete": 0.3,
            "precision": 0.5216795896612034,
            "recall": 0.6325011680173397,
            "f1": 0.5770903788392716
        },
        {
            "mae": 52.53522849450372,
            "rmse": 63.7461434364739,
            "nete": 0.3,
            "precision": 0.5634406095441831,
            "recall": 0.6267490253987896,
            "f1": 0.5950948174714864
        },
        {
            "mae": 51.74460494048998,
            "rmse": 60.46525009889972,
            "nete": 0.3,
            "precision": 0.5496849817940737,
            "recall": 0.6983019939082941,
            "f1": 0.6239934878511838
        },
        {
            "mae": 50.75128993401837,
            "rmse": 58.31247818275224,
            "nete": 0.3,
            "precision": 0.5882507537157113,
            "recall": 0.6468564507466055,
            "f1": 0.6175536022311584
        },
        {
            "mae": 49.419665083840755,
            "rmse": 59.9177974088622,
            "nete": 0.3,
            "precision": 0.604002181244322,
            "recall": 0.6904960852752273,
            "f1": 0.6472491332597748
        },
        {
            "mae": 46.627344702941336,
            "rmse": 55.5744712115003,
            "nete": 0.3,
            "precision": 0.5790614041541462,
            "recall": 0.6983779828681963,
            "f1": 0.6387196935111712
        },
        {
            "mae": 46.72630277536657,
            "rmse": 57.35426145413329,
            "nete": 0.3,
            "precision": 0.6227010081900132,
            "recall": 0.7144561192970119,
            "f1": 0.6685785637435125
        },
        {
            "mae": 44.33226007500845,
            "rmse": 49.71876469972175,
            "nete": 0.3,
            "precision": 0.5920896895049159,
            "recall": 0.7124167885236214,
            "f1": 0.6522532390142688
        },
        {
            "mae": 42.46575825977578,
            "rmse": 52.56473074690565,
            "nete": 0.3,
            "precision": 0.6346798946127887,
            "recall": 0.7085078815737155,
            "f1": 0.671593888093252
        },
        {
            "mae": 42.467556744972654,
            "rmse": 53.30912256254922,
            "nete": 0.3,
            "precision": 0.6522625186970501,
            "recall": 0.7279966066712502,
            "f1": 0.6901295626841502
        },
        {
            "mae": 40.019203990136134,
            "rmse": 48.44452953604218,
            "nete": 0.3,
            "precision": 0.6489003296181942,
            "recall": 0.7564092212686775,
            "f1": 0.7026547754434358
        },
        {
            "mae": 40.47013673500135,
            "rmse": 45.82850240096334,
            "nete": 0.3,