{
    "train_loss": [
        0.051943786304869274,
        0.050133865446360275,
        0.04647681365514072,
        0.04310778683686681,
        0.041327306380643636,
        0.039748644126193736,
        0.03693731165161842,
        0.03485435805057106,
        0.033038758527072457,
        0.030487077494958187,
        0.03032720353887084,
        0.027903677284546402,
        0.02681672662209803,
        0.024162206394355824,
        0.023884022573967382,
        0.023155722135326413,
        0.02361503999263704,
        0.02383162660612432,
        0.02225097878606047,
        0.02081215894498498,
        0.01922023791867994,
        0.01846777233601353,
        0.01744881722906782,
        0.01591872752449229,
        0.016149623401076667,
        0.015579622742173959,
        0.015081118687862233,
        0.01385658391901786,
        0.012490583073515363,
        0.011299525971092355,
        0.00999375954528749,
        0.009433678949088562,
        0.010498999584330954,
        0.010792123810925676,
        0.01074984118083176,
        0.009840185164420225,
        0.009545119360794952,
        0.01076708860711179,
        0.009235423372953503,
        0.008527642784690717,
        0.008053281549527544,
        0.00860377362629918,
        0.008447695961645001,
        0.010123318421781257,
        0.009706560153697938,
        0.008968330446999712,
        0.008633390067607893,
        0.008362712221889716,
        0.007715881076553202,
        0.01256441181158692
    ],
    "val_loss": [
        0.05654097562011274,
        0.05888244509596298,
        0.056578278516918844,
        0.05640929063634742,
        0.05524742381529712,
        0.05631508819951109,
        0.05566006672780501,
        0.05518965131119303,
        0.05400221684340615,
        0.05005822753480968,
        0.0499354158503968,
        0.04861097114822702,
        0.04765986795517555,
        0.043896339727683246,
        0.04292377781775024,
        0.04174588188059136,
        0.038074510749950434,
        0.036655098783177506,
        0.03550748700321473,
        0.03474263417338059,
        0.03198352406197052,
        0.03040116388637079,
        0.030652534679741408,
        0.029860239317881523,
        0.027019216014012797,
        0.027496309058509544,
        0.024505041658489265,
        0.02516199862524685,
        0.021132448781349525,
        0.017512999397541015,
        0.01633852893618632,
        0.013848675426295675,
        0.013626902188219301,
        0.013331730001471961,
        0.013287333239873349,
        0.012332194422641237,
        0.013125641789513833,
        0.01330544303746738,
        0.01222305686616558,
        0.010954024923925254,
        0.010455945627003922,
        0.011033962307614139,
        0.010870080759727252,
        0.01262948434287032,
        0.012191888161382836,
        0.011997791501483147,
        0.01194465455033725,
        0.010780847832984202,
        0.010101675130380863,
        0.014171767721850805
    ],
    "val_metrics": [
        {
            "mae": 68.89698740027501,
            "rmse": 84.36687639908253,
            "nete": 0.3,
            "precision": 0.5,
            "recall": 0.5,
            "f1": 0.4347570055577581
        },
        {
            "mae": 68.2515446766844,
            "rmse": 83.13626355914455,
            "nete": 0.3,
            "precision": 0.5,
            "recall": 0.5,
            "f1": 0.4506828734667424
        },
        {
            "mae": 64.71854968593941,
            "rmse": 78.01921476760292,
            "nete": 0.3,
            "precision": 0.5,
            "recall": 0.506471192865039,
            "f1": 0.48553340083527624
        },
        {
            "mae": 64.87051728874185,
            "rmse": 73.62013370517273,
            "nete": 0.3,
            "precision": 0.5,
            "recall": 0.5406897832551617,
            "f1": 0.5078105296811168
        },
        {
            "mae": 61.6450670670252,
            "rmse": 70.6734069900635,
            "nete": 0.3,
            "precision": 0.5,
            "recall": 0.5372895574682597,
            "f1": 0.5124115216182343
        },
        {
            "mae": 59.61501554356643,
            "rmse": 72.79929154029116,
            "nete": 0.3,
            "precision": 0.510756487554589,
            "recall": 0.5371531854915716,
            "f1": 0.5239548365230803
        },
        {
            "mae": 57.79831488434815,
            "rmse": 64.1990608282992,
            "nete": 0.3,
            "precision": 0.5099472822113998,
            "recall": 0.5754299239815411,
            "f1": 0.5426886030964706
        },
        {
            "mae": 56.86356688212564,
            "rmse": 69.47551287576128,
            "nete": 0.3,
            "precision": 0.541005584341875,
            "recall": 0.5510546300867938,
            "f1": 0.5460301072143343
        },
        {
            "mae": 55.21398684775139,
            "rmse": 65.76772238075002,
            "nete": 0.3,
            "precision": 0.5571067535204479,
            "recall": 0.6374282074776605,
            "f1": 0.5972674804990542
        },
        {
            "mae": 52.352063851372456,
            "rmse": 58.70076187390783,
            "nete": 0.3,
            "precision": 0.5640231444163998,
            "recall": 0.6221687873890382,
            "f1": 0.5930959659027191
        },
        {
            "mae": 52.227093510649944,
            "rmse": 61.43987580234224,
            "nete": 0.3,
            "precision": 0.5765199361614706,
            "recall": 0.6207052733965777,
            "f1": 0.5986126047790241
        },
        {
            "mae": 50.040386097215276,
            "rmse": 58.16100448440712,
            "nete": 0.3,
            "precision": 0.6014254333641448,
            "recall": 0.6617797535501854,
            "f1": 0.6316025934571651
        },
        {
            "mae": 49.29596544033039,
            "rmse": 57.8772150250719,
            "nete": 0.3,
            "precision": 0.6044494136470666,
            "recall": 0.681546329846218,
            "f1": 0.6429978717466424
        },
        {
            "mae": 48.28746920349552,
            "rmse": 58.694733485158025,
            "nete": 0.3,
            "precision": 0.585012183734511,
            "recall": 0.6773951483843241,
            "f1": 0.6312036660594176
        },
        {
            "mae": 46.826004370635665,
            "rmse": 59.12997508897879,
            "nete": 0.3,
            "precision": 0.6416668181257447,
            "recall": 0.6842699956388656,
            "f1": 0.6629684068823052
        },
        {
            "mae": 44.896736116042305,
            "rmse": 54.41255588983946,
            "nete": 0.3,
            "precision": 0.654722603429506,
            "recall": 0.6701673793749464,
            "f1": 0.6624449914022262
        },
        {
            "mae": 43.76780426415003,
            "rmse": 53.09112324992734,
            "nete": 0.3,
            "precision": 0.6535136925544702,
            "recall": 0.7187547985612601,
            "f1": 0.6861342455578652
        },
        {
            "mae": 41.80758970436897,
            "rmse": 49.443307601931764,
            "nete": 0.3,
            "precision": 0.6467088810870409,
            "recall": 0.726830422104246,
            "f1": 0.6867696515956433
        },
        {
            "mae": 40.01787319768243,
            "rmse": 52.44305169160039,
            "nete": 0.3,
            "precision": 0.6337049381682518,
            "recall": 0.7737458863297402,
            "f1": 0.703725412248996
        },
        {
            "mae": 39.72537505641948,
            "rmse": 49.15622398564433,
            "nete": 0.3,
            "precision": 0.6719010429527579,
            "recall": 0.7566204458004216,
            "f1": 0.7142607443765897
        },
        {
            "mae": 39.56335098431927,
            "rmse": 49.773137188788304,
            "nete": 0.3,