{
    "appliance": "microwave",
    "window_size": 100,
    "model_params": {
        "input_size": 1,
        "output_size": 1,
        "hidden_size": 128,
        "num_layers": 1,
        "dt": 0.1,
        "advanced": false
    },
    "train_params": {
        "lr": 0.001,
        "epochs": 50
    },
    "final_metrics": {
        "train_loss": 13820.930350557963,
        "val_loss": 28575.63298071366,
        "test_loss": 32426.708118570386,
        "test_metrics": {
            "mae": 29.35126495361328,
            "rmse": 180.16293334960938,
            "nete": 0.5836123824119568,
            "sae": 24.412466049194336,
            "traditional_sae": 0.41078578578578584,
            "precision": 0.03769140164899882,
            "recall": 0.8951048951048951,
            "f1": 0.07233681831025712
        }
    }
}