{
    "train_loss": [
        0.061009471089958536,
        0.05933161474541872,
        0.05584521103038146,
        0.053154239136144275,
        0.05058290480048983,
        0.04943180620839793,
        0.04915942791474506,
        0.046614175503281785,
        0.04397538664649521,
        0.041354250466196056,
        0.040173395367118656,
        0.03772529305805267,
        0.035978284749098914,
        0.03413136324959534,
        0.03509161300286659,
        0.03356168804176294,
        0.03109128968198745,
        0.030791327604369496,
        0.029305124580804358,
        0.029944608844831515,
        0.028608923904522195,
        0.026881641401842037,
        0.024754861896147402,
        0.024777674192475434,
        0.023366826369653596,
        0.020804291469693793,
        0.021147894710500322,
        0.02113553212867314,
        0.02067816942774989,
        0.019702108969576273,
        0.01811427248863747,
        0.01818773019725663,
        0.02002878384808937,
        0.019970657311614536,
        0.018998039267221854,
        0.016833784614171798,
        0.016984731646751874,
        0.015877834356768473,
        0.015741005160127598,
        0.014556510268383716,
        0.014031377744256132,
        0.014630310597225993,
        0.01379839720560152,
        0.013802288044733048,
        0.012435226185246636,
        0.012790330760652608,
        0.011093110585879029,
        0.009345092753065014,
        0.008547610726093642,
        0.013428619705962664
    ],
    "val_loss": [
        0.06605994464445647,
        0.06429819548268965,
        0.0621084982033744,
        0.05970254569248117,
        0.05511205004051433,
        0.053903396518817835,
        0.053617399310482323,
        0.0541968913753592,
        0.049243159623806966,
        0.04585026789896074,
        0.04418206513547459,
        0.044054873613686096,
        0.040840957043105273,
        0.042655503721378246,
        0.042822004662647725,
        0.04314722919090949,
        0.04272459821305431,
        0.04108081605109253,
        0.03822176410718671,
        0.03480823076423509,
        0.032039370099748304,
        0.032755144200891685,
        0.030427672647961302,
        0.03085105974373697,
        0.02807784782852981,
        0.025529926664103007,
        0.024690624391994244,
        0.024192308735106798,
        0.023712077899137388,
        0.02542655405493211,
        0.024134741879430373,
        0.02267514784386395,
        0.02303022304049384,
        0.02309352580415066,
        0.022630941915219863,
        0.022659533990201902,
        0.02416065868872768,
        0.02254716780136131,
        0.022033719224766265,
        0.022589938638831526,
        0.022643724375890392,
        0.020365091485858806,
        0.018954881306540713,
        0.019147364610426914,
        0.016978582788195667,
        0.01679953491818575,
        0.01659357322379413,
        0.014280167050379792,
        0.014845945380524687,
        0.017665027758774172
    ],
    "val_metrics": [
        {
            "mae": 81.48409633573786,
            "rmse": 95.92213076200382,
            "nete": 0.3,
            "precision": 0.5,
            "recall": 0.505276691635676,
            "f1": 0.49742725922748254
        },
        {
            "mae": 80.56167936305353,
            "rmse": 92.63216761805282,
            "nete": 0.3,
            "precision": 0.5,
            "recall": 0.5365598342071317,
            "f1": 0.5022632868641849
        },
        {
            "mae": 76.10523102603743,
            "rmse": 83.33527992834962,
            "nete": 0.3,
            "precision": 0.5,
            "recall": 0.5652071742578284,
            "f1": 0.5285493386487004
        },
        {
            "mae": 76.84966894699005,
            "rmse": 92.86833989808554,
            "nete": 0.3,
            "precision": 0.5011515524509716,
            "recall": 0.5859876986042302,
            "f1": 0.5435696255276009
        },
        {
            "mae": 72.35254361876746,
            "rmse": 89.69040255928927,
            "nete": 0.3,
            "precision": 0.5474710219481558,
            "recall": 0.5773793971979766,
            "f1": 0.5624252095730662
        },
        {
            "mae": 70.99541432782362,
            "rmse": 88.13848824016331,
            "nete": 0.3,
            "precision": 0.5584608928308591,
            "recall": 0.6088354743612818,
            "f1": 0.5836481835960704
        },
        {
            "mae": 70.64284364763827,
            "rmse": 81.86074445555339,
            "nete": 0.3,
            "precision": 0.5797773320992596,
            "recall": 0.5949376646434589,
            "f1": 0.5873574983713592
        },
        {
            "mae": 66.95922149249833,
            "rmse": 77.35693342296457,
            "nete": 0.3,
            "precision": 0.5804194258593222,
            "recall": 0.6503647035400761,
            "f1": 0.6153920646996991
        },
        {
            "mae": 66.81484382801592,
            "rmse": 80.9184514194478,
            "nete": 0.3,
            "precision": 0.5973761067945772,
            "recall": 0.6424993923956221,
            "f1": 0.6199377495950997
        },
        {
            "mae": 64.94091113910186,
            "rmse": 76.98793909291925,
            "nete": 0.3,
            "precision": 0.6246097684263697,
            "recall": 0.6883473954602951,
            "f1": 0.6564785819433325
        },
        {
            "mae": 61.63052373034041,
            "rmse": 77.81222967858221,
            "nete": 0.3,
            "precision": 0.6252075989327025,
            "recall": 0.6727218669620015,
            "f1": 0.648964732947352
        },
        {
            "mae": 59.017766176639114,
            "rmse": 67.31015730461512,
            "nete": 0.3,
            "precision": 0.6357003984001329,
            "recall": 0.7073261406402385,
            "f1": 0.6715132695201856
        },
        {
            "mae": 58.18188346450913,
            "rmse": 75.9958064538482,
            "nete": 0.3,
            "precision": 0.6352732800436777,
            "recall": 0.7049977085666649,
            "f1": 0.6701354943051713
        },
        {
            "mae": 57.17366833354999,
            "rmse": 69.81371484392713,
            "nete": 0.3,
            "precision": 0.6720592699476684,
            "recall": 0.7394688040340434,
            "f1": 0.7057640369908559
        },
        {
            "mae": 56.330143887097385,
            "rmse": 65.19426701355385,
            "nete": 0.3,
            "precision": 0.7060133270364002,
            "recall": 0.7439278202883762,
            "f1": 0.7249705736623883
        },
        {
            "mae": 54.024141550143746,
            "rmse": 66.4712103902284,
            "nete": 0.3,
            "precision": 0.696135239360698,
            "recall": 0.7787159679902232,
            "f1": 0.7374256036754607
        },
        {
            "mae": 52.96688088169308,
            "rmse": 64.95863691512038,
            "nete": 0.3,
            "precision": 0.7079904119003823,
            "recall": 0.7857771293150903,
            "f1": 0.7468837706077363
        },
        {
            "mae": 49.78917687898281,
            "rmse": 62.8704791080028,
            "nete": 0.3,
            "precision": 0.7523566944725578,
            "recall": 0.7958775299931105,
            "f1": 0.7741171122328342
        },
        {
            "mae": 48.34231135893616,
            "rmse": 57.73669790883917,
            "nete": 0.3,
            "precision": 0.6845364731630714,
            "recall": 0.8340642079718302,
            "f1": 0.759300340567451
        },
        {
            "mae": 47.294866909329635,
            "rmse": 56.890258549723264,
            "nete": 0.3,
            "precision": 0.7253567283785656,
            "recall": 0.8029553438144051,
            "f1": 0.7641560360964853
        },
        {
            "mae": 46.90522436050994,