{
    "train_loss": [
        0.04323784612019319,
        0.04236878123396454,
        0.04050867701436458,
        0.04063109795658245,
        0.0385889582401488,
        0.03738254066653992,
        0.034262704250502096,
        0.030366266854752518,
        0.02892628631931322,
        0.026923948045049783,
        0.023837874244125565,
        0.02256113903800841,
        0.02104291970852966,
        0.021325599350807044,
        0.02175362339400742,
        0.020724382159956298,
        0.01983717680218393,
        0.01807514865334709,
        0.016617414437979275,
        0.01618721379674165,
        0.016175725879404905,
        0.014697945422265955,
        0.014258088593299497,
        0.014245391999964307,
        0.01390321541368925,
        0.013524649182512593,
        0.013707782098488054,
        0.011980795303823063,
        0.009035075628740619,
        0.007986508359465353,
        0.0070650427240318,
        0.005704319801284103,
        0.006835891980485993,
        0.005854551034999189,
        0.006343059433700932,
        0.00702835495308797,
        0.007208015744868107,
        0.0069196431322710375,
        0.005310844995171799,
        0.005417227855356341,
        0.004279036803711786,
        0.0031509190017075138,
        0.0031272860475403024,
        0.003331766808339336,
        0.003777671742002611,
        0.0022866024435054273,
        0.0014299742608593798,
        0.001,
        0.0016668195534145147,
        0.010682234245273238
    ],
    "val_loss": [
        0.047399738426202855,
        0.046487220295662775,
        0.04453411086508281,
        0.04466265285441157,
        0.043539168374086584,
        0.043097501477727736,
        0.04152013489490703,
        0.039970195773984696,
        0.0386982270150853,
        0.03469014538796722,
        0.033409786601981135,
        0.03316013128241257,
        0.030615495205070325,
        0.02901555182714414,
        0.024916490363408966,
        0.023760601267954116,
        0.022829035642293126,
        0.02160451546216173,
        0.020861918766052655,
        0.020715466278513582,
        0.020721629446631192,
        0.021135346574600408,
        0.019614795939561856,
        0.020396236515290662,
        0.018490251722858758,
        0.016227886834660785,
        0.01639317120341246,
        0.015373851528919081,
        0.01148682941017765,
        0.010385833777438621,
        0.00941829486023339,
        0.010140225819956567,
        0.009733610978962179,
        0.01212764607354681,
        0.010128338887738163,
        0.011964764630058394,
        0.010762588394241577,
        0.010362274492705893,
        0.008827896326388012,
        0.009597334078335419,
        0.00926250384798565,
        0.006997516894212099,
        0.006750136404963067,
        0.006090621516582558,
        0.005966555329102742,
        0.004400932565680698,
        0.003501472973902349,
        0.003704891166574408,
        0.004694355672251606,
        0.012588907970901907
    ],
    "val_metrics": [
        {
            "mae": 52.82282169274628,
            "rmse": 61.41663983916701,
            "nete": 0.3,
            "precision": 0.5,
            "recall": 0.5,
            "f1": 0.36900593637214235
        },
        {
            "mae": 50.28356997628828,
            "rmse": 56.17601919246857,
            "nete": 0.3,
            "precision": 0.5,
            "recall": 0.5,
            "f1": 0.3955934672474355
        },
        {
            "mae": 48.87652262908453,
            "rmse": 54.252530104163,
            "nete": 0.3,
            "precision": 0.5,
            "recall": 0.5,
            "f1": 0.43134984957231876
        },
        {
            "mae": 47.65727277343637,
            "rmse": 60.286590689696716,
            "nete": 0.3,
            "precision": 0.5,
            "recall": 0.5,
            "f1": 0.44239075817180135
        },
        {
            "mae": 46.98033089168781,
            "rmse": 57.32005333220378,
            "nete": 0.3,
            "precision": 0.5,
            "recall": 0.5,
            "f1": 0.4603553881447333
        },
        {
            "mae": 44.824718605700475,
            "rmse": 50.40790638178079,
            "nete": 0.3,
            "precision": 0.5,
            "recall": 0.5,
            "f1": 0.46466651171976503
        },
        {
            "mae": 43.73623244021715,
            "rmse": 56.02378342852293,
            "nete": 0.3,
            "precision": 0.5,
            "recall": 0.5001481171013089,
            "f1": 0.4817954582060825
        },
        {
            "mae": 43.06988176342566,
            "rmse": 49.27756229979217,
            "nete": 0.3,
            "precision": 0.5,
            "recall": 0.5,
            "f1": 0.47270582926247096
        },
        {
            "mae": 42.141514673826094,
            "rmse": 51.017856998324454,
            "nete": 0.3,
            "precision": 0.5,
            "recall": 0.5367474168676701,
            "f1": 0.49696649518212116
        },
        {
            "mae": 41.39578685812503,
            "rmse": 51.20422968835472,
            "nete": 0.3,
            "precision": 0.5,
            "recall": 0.5407784089795094,
            "f1": 0.5197953346985799
        },
        {
            "mae": 39.820656575981225,
            "rmse": 45.20880038385227,
            "nete": 0.3,
            "precision": 0.5220147094467452,
            "recall": 0.550597208591599,
            "f1": 0.5363059590191721
        },
        {
            "mae": 38.490170338284,
            "rmse": 42.41865613168313,
            "nete": 0.3,
            "precision": 0.5451377806908133,
            "recall": 0.5726301128233485,
            "f1": 0.558883946757081
        },
        {
            "mae": 38.43999300639323,
            "rmse": 47.52695869442844,
            "nete": 0.3,
            "precision": 0.5364028870927102,
            "recall": 0.5839646238088729,
            "f1": 0.5601837554507916
        },
        {
            "mae": 37.011389341109435,
            "rmse": 43.890722747447185,
            "nete": 0.3,
            "precision": 0.5404989492231764,
            "recall": 0.6053494554710044,
            "f1": 0.5729242023470904
        },
        {
            "mae": 34.996261614876815,
            "rmse": 41.19625097263979,
            "nete": 0.3,
            "precision": 0.5471714055253784,
            "recall": 0.5999219510582378,
            "f1": 0.573546678291808
        },
        {
            "mae": 34.28440916865608,
            "rmse": 43.08566139721294,
            "nete": 0.3,
            "precision": 0.591189904854694,
            "recall": 0.622993077711733,
            "f1": 0.6070914912832135
        },
        {
            "mae": 33.35134113921676,
            "rmse": 38.744399639527124,
            "nete": 0.3,
            "precision": 0.5659470866686297,
            "recall": 0.6570281561180953,
            "f1": 0.6114876213933624
        },
        {
            "mae": 32.76904103530338,
            "rmse": 39.20626291469428,
            "nete": 0.3,
            "precision": 0.5716701271714069,
            "recall": 0.6304030127819624,
            "f1": 0.6010365699766846
        },
        {
            "mae": 31.187489637814,
            "rmse": 34.1233126107496,
            "nete": 0.3,
            "precision": 0.572576579913422,
            "recall": 0.6264995179481281,
            "f1": 0.5995380489307751
        },
        {
            "mae": 30.500419245935277,
            "rmse": 35.13851384132859,
            "nete": 0.3,
            "precision": 0.598832330320279,
            "recall": 0.6867822122331099,
            "f1": 0.6428072712766945
        },
        {
            "mae": 29.31822519469311,
            "rmse": 35.52050436948873,
            "nete": 0.29365907428440463,
            "precision": 0.6220662746463274,
            "recall": 0.6608775268971915,