{
    "train_loss": [
        0.05746856620819076,
        0.05518403643616594,
        0.05256663241617925,
        0.05011855662989377,
        0.049442352714841334,
        0.04820471088901577,
        0.04716457258347789,
        0.043875645370254936,
        0.043469661619501304,
        0.04553019056087024,
        0.04358306734766092,
        0.04142729188689031,
        0.039688628982638426,
        0.03963642054266266,
        0.03882198105181209,
        0.037247201919032316,
        0.036540846822777605,
        0.03414324853668863,
        0.03234084656480662,
        0.03193439490940074,
        0.032785288274950315,
        0.031921727836619375,
        0.03130044120489045,
        0.030233454173705314,
        0.02807720570861054,
        0.02711559417108872,
        0.026401509342876776,
        0.02678753911772136,
        0.02538993521182655,
        0.023058387889639757,
        0.022069765796256,
        0.02185156434568552,
        0.021340993844170805,
        0.01996728562957993,
        0.019305124785904716,
        0.01909365908155972,
        0.018238330262406045,
        0.016743458952676874,
        0.01689004601370425,
        0.018884920393392332,
        0.018171679400928113,
        0.019209510643006883,
        0.017713077573089892,
        0.01762851313925538,
        0.01626826704493489,
        0.014971153618798335,
        0.01451754392622393,
        0.01340150699694283,
        0.013445013441658268,
        0.01608023857630978
    ],
    "val_loss": [
        0.062341994518600306,
        0.05994323825797424,
        0.05778761301627181,
        0.05462448446138846,
        0.0539144703505834,
        0.052614946433466564,
        0.05152280121265179,
        0.0489538487974876,
        0.04764314470047637,
        0.049806700088913754,
        0.04813066456435102,
        0.0476760269695607,
        0.04492627951915257,
        0.04419432122764433,
        0.04535604417593455,
        0.044331106467927,
        0.04311475792363383,
        0.044096787041797286,
        0.04186265205832033,
        0.04061527635328862,
        0.039017562428419354,
        0.037730714059086914,
        0.03612298758940964,
        0.033745126882390584,
        0.03148106599404107,
        0.03047137387964316,
        0.029721584810020615,
        0.03012691607360743,
        0.02865943197241788,
        0.02836169217048254,
        0.02669725019563471,
        0.024944142562969798,
        0.024486943816102186,
        0.023677507014211136,
        0.022889986425369227,
        0.023104884651905484,
        0.021574632306168365,
        0.0222548937786858,
        0.021013887329089067,
        0.023221353742685556,
        0.021080263370974517,
        0.022169986175157225,
        0.022563834847338753,
        0.02099653672392851,
        0.021621184988281337,
        0.02073922717393376,
        0.018809692206064953,
        0.016071582346789973,
        0.016117264113741182,
        0.019092360832762063
    ],
    "val_metrics": [
        {
            "mae": 72.10873489625156,
            "rmse": 83.71433232336788,
            "nete": 0.3,
            "precision": 0.5,
            "recall": 0.5,
            "f1": 0.42007039972324245
        },
        {
            "mae": 68.96894847212118,
            "rmse": 85.55067840445444,
            "nete": 0.3,
            "precision": 0.5,
            "recall": 0.5,
            "f1": 0.4270507778413006
        },
        {
            "mae": 68.13089947569514,
            "rmse": 79.3099467525313,
            "nete": 0.3,
            "precision": 0.5,
            "recall": 0.5,
            "f1": 0.4249782091225176
        },
        {
            "mae": 66.03045841047205,
            "rmse": 78.78841167360505,
            "nete": 0.3,
            "precision": 0.5,
            "recall": 0.5,
            "f1": 0.46017483177656254
        },
        {
            "mae": 65.34601451816322,
            "rmse": 77.69268154809616,
            "nete": 0.3,
            "precision": 0.5,
            "recall": 0.5105674889650467,
            "f1": 0.4616842412094832
        },
        {
            "mae": 61.39233174249728,
            "rmse": 77.6460143578517,
            "nete": 0.3,
            "precision": 0.5,
            "recall": 0.5091147016927456,
            "f1": 0.4927823016968099
        },
        {
            "mae": 62.008003851113905,
            "rmse": 74.24068441032884,
            "nete": 0.3,
            "precision": 0.5,
            "recall": 0.5556478964604752,
            "f1": 0.501878751069128
        },
        {
            "mae": 59.39629656052088,
            "rmse": 63.96374668959593,
            "nete": 0.3,
            "precision": 0.5030805553938634,
            "recall": 0.5309233070655505,
            "f1": 0.517001931229707
        },
        {
            "mae": 56.181491273706065,
            "rmse": 68.55846975644302,
            "nete": 0.3,
            "precision": 0.5077955236486448,
            "recall": 0.5519964524845156,
            "f1": 0.5298959880665802
        },
        {
            "mae": 56.847872196001035,
            "rmse": 67.583826551666,
            "nete": 0.3,
            "precision": 0.5200613942299342,
            "recall": 0.5913359358487817,
            "f1": 0.555698665039358
        },
        {
            "mae": 54.58897254421273,
            "rmse": 64.95624077096984,
            "nete": 0.3,
            "precision": 0.5433809435888205,
            "recall": 0.6103367103267248,
            "f1": 0.5768588269577726
        },
        {
            "mae": 52.521805443390846,
            "rmse": 64.427894932368,
            "nete": 0.3,
            "precision": 0.5684930586721857,
            "recall": 0.6126431269653067,
            "f1": 0.5905680928187462
        },
        {
            "mae": 49.68182918308047,
            "rmse": 58.504154379867046,
            "nete": 0.3,
            "precision": 0.5487982085005207,
            "recall": 0.633897674259133,
            "f1": 0.5913479413798269
        },
        {
            "mae": 50.10492880557588,
            "rmse": 61.13884978700652,
            "nete": 0.3,
            "precision": 0.5940122208453035,
            "recall": 0.6099284975519297,
            "f1": 0.6019703591986165
        },
        {
            "mae": 48.47645936683579,
            "rmse": 58.97782565488793,
            "nete": 0.3,
            "precision": 0.5699936395621102,
            "recall": 0.6223977074389412,
            "f1": 0.5961956735005257
        },
        {
            "mae": 47.001127037543476,
            "rmse": 54.98371712864377,
            "nete": 0.3,
            "precision": 0.5866763528594013,
            "recall": 0.6505930595435224,
            "f1": 0.6186347062014618
        },
        {
            "mae": 44.57049181839036,
            "rmse": 54.545511060722795,
            "nete": 0.3,
            "precision": 0.5964452116278598,
            "recall": 0.6380020697396587,
            "f1": 0.6172236406837592
        },
        {
            "mae": 43.9326187554254,
            "rmse": 54.51616509381314,
            "nete": 0.3,
            "precision": 0.6362426844854068,
            "recall": 0.6661122900414336,
            "f1": 0.6511774872634202
        },
        {
            "mae": 43.02149361391109,
            "rmse": 51.03122583142949,
            "nete": 0.3,
            "precision": 0.6606579351572209,
            "recall": 0.6895722564839016,
            "f1": 0.6751150958205613
        },
        {
            "mae": 41.35732139747355,
            "rmse": 51.2430244819141,
            "nete": 0.3,
            "precision": 0.6429081581493474,
            "recall": 0.7014705617101638,
            "f1": 0.6721893599297557
        },
        {
            "mae": 39.440201222644376,
            "rmse": 46.68120172908021,
            "nete": 0.3,
            "precision": 0.63388024306157,
            "recall": 0.6987602459282694,