{
    "appliance": "dish washer",
    "window_size": 100,
    "model_params": {
        "input_size": 1,
        "output_size": 1,
        "hidden_size": 128,
        "num_layers": 1,
        "dt": 0.1,
        "advanced": false
    },
    "train_params": {
        "lr": 0.001,
        "epochs": 20,
        "patience": 10
    },
    "final_metrics": {
        "train_loss": 13766.56838124593,
        "val_loss": 12568.951446986199,
        "test_loss": 30293.387213436126,
        "test_metrics": {
            "mae": 42.58013916015625,
            "rmse": 174.13291931152344,
            "nete": 0.66974937915802,
            "sae": 41.936519622802734,
            "traditional_sae": 0.13888888888888884,
            "precision": 0.2719946272666219,
            "recall": 0.9396751740139211,
            "f1": 0.421875
        },
        "aggregates": {
            "train_loss_mean": 14077.035725263293,
            "train_loss_var": 190017.7255264129,
            "val_loss_mean": 13107.21435925497,
            "val_loss_var": 136262.36073140847,
            "train_mae_mean": 39.058013916015625,
            "train_mae_var": 7.604981422424316,
            "val_mae_mean": 41.190120697021484,
            "val_mae_var": 5.620251655578613,
            "train_sae_mean": 9.949382781982422,
            "train_sae_var": 3.8544044494628906,
            "val_sae_mean": 39.629600524902344,
            "val_sae_var": 4.499462127685547,
            "train_f1_mean": 0.13140031744917768,
            "train_f1_var": 0.0028395954526755003,
            "val_f1_mean": 0.12674079697476587,
            "val_f1_var": 0.002184326282280628,
            "test_mae": 42.58013916015625,
            "test_sae": 41.936519622802734,
            "test_f1": 0.421875,
            "test_loss": 30293.387213436126
        },
        "best": {
            "epoch": 19,
            "val_loss": 12568.951446986199,
            "val_metrics": {
                "mae": 41.31467819213867,
                "rmse": 112.30626678466797,
                "nete": 0.16252942383289337,
                "sae": 39.51136016845703,
                "traditional_sae": 0.3616724738675958,
                "precision": 0.09354413702239789,
                "recall": 0.9466666666666667,
                "f1": 0.17026378896882494
            },
            "model_path": "models/liquid_redd_specific_test_20260210_221926\\dish_washer\\liquid_redd_dish_washer_best.pth"
        }
    }
}