{
    "train_loss": [
        0.049664252087174954,
        0.047443840296322495,
        0.04520791187143447,
        0.04395997935742813,
        0.04134624468303743,
        0.03896736097409088,
        0.03943952668180812,
        0.03816079887351903,
        0.036553080487242165,
        0.03675528844464911,
        0.03565175091873235,
        0.0331911459700587,
        0.029876043387838648,
        0.03026198676589714,
        0.02797949489200486,
        0.028468892143794444,
        0.02817531235693814,
        0.025523021092020162,
        0.02369671020028189,
        0.02285453595059098,
        0.022532108172078992,
        0.023544573182314045,
        0.02236332162348502,
        0.02076658064272427,
        0.019446375871833458,
        0.02000854203725808,
        0.02044945039523475,
        0.019304172595911703,
        0.017953346722664208,
        0.018233745118931353,
        0.01810470203047016,
        0.016673118190310678,
        0.016259543141014788,
        0.014122449752084189,
        0.013745715332697682,
        0.011901511395673647,
        0.012478850086197315,
        0.011438934532550989,
        0.00773776985260128,
        0.007781506108836411,
        0.006237332722519653,
        0.006722557784206423,
        0.006837227737304592,
        0.004573747639314202,
        0.0045994978699461,
        0.003914756135830583,
        0.005031958064841112,
        0.005118170313615876,
        0.003781280987534957,
        0.011962641179671926
    ],
    "val_loss": [
        0.054147464691533705,
        0.05181603231113863,
        0.049468307465006196,
        0.04815797832529954,
        0.0458881517621278,
        0.04393744979321946,
        0.043752393878276404,
        0.045869809169785586,
        0.0452599311104464,
        0.0427495217694915,
        0.04052969205216125,
        0.03783887074593731,
        0.039905794529455516,
        0.03882842091232125,
        0.041260840981894475,
        0.04013496987298817,
        0.039042237889784975,
        0.038762597221361494,
        0.03537615178387335,
        0.03257941864278183,
        0.030756005474967124,
        0.029162610764492232,
        0.030396759173538235,
        0.02759827758135405,
        0.027162447114920277,
        0.025884781089701363,
        0.026640233616122295,
        0.024952044743895393,
        0.025102768586685847,
        0.02114543237487792,
        0.021009937131993672,
        0.019723396360389986,
        0.019072520298065526,
        0.017098465894565477,
        0.018454355907040698,
        0.01958776749733033,
        0.01697656741448066,
        0.018385332070214085,
        0.01788929645344062,
        0.016778104719158114,
        0.01518304771983277,
        0.015172145227519007,
        0.014901291064154281,
        0.0136814264805349,
        0.013753883303275441,
        0.01239093755710275,
        0.011501657585618368,
        0.011014704681719204,
        0.010043906368270548,
        0.014528535991596475
    ],
    "val_metrics": [
        {
            "mae": 66.53254651493391,
            "rmse": 84.42326492811434,
            "nete": 0.3,
            "precision": 0.5,
            "recall": 0.5,
            "f1": 0.43078559847553644
        },
        {
            "mae": 63.67153652205186,
            "rmse": 75.67733868143071,
            "nete": 0.3,
            "precision": 0.5,
            "recall": 0.5,
            "f1": 0.44701212393682815
        },
        {
            "mae": 62.12192675442908,
            "rmse": 78.57389756795509,
            "nete": 0.3,
            "precision": 0.5,
            "recall": 0.5,
            "f1": 0.45166899199334004
        },
        {
            "mae": 59.496281444998075,
            "rmse": 70.41761274233637,
            "nete": 0.3,
            "precision": 0.5,
            "recall": 0.518307094793819,
            "f1": 0.4801632388111159
        },
        {
            "mae": 58.178772808563195,
            "rmse": 71.29361516699795,
            "nete": 0.3,
            "precision": 0.5121243829206711,
            "recall": 0.5347356945769841,
            "f1": 0.5234300387488275
        },
        {
            "mae": 57.238423155965236,
            "rmse": 68.94125248275506,
            "nete": 0.3,
            "precision": 0.5,
            "recall": 0.5214675083020017,
            "f1": 0.5070379792782781
        },
        {
            "mae": 55.50354985010195,
            "rmse": 65.20883619711186,
            "nete": 0.3,
            "precision": 0.5137226344154756,
            "recall": 0.5536907825298867,
            "f1": 0.5337067084726811
        },
        {
            "mae": 54.932599911464635,
            "rmse": 67.85550219393906,
            "nete": 0.3,
            "precision": 0.5181289525374644,
            "recall": 0.557930159823077,
            "f1": 0.5380295561802707
        },
        {
            "mae": 52.68384164994431,
            "rmse": 60.721020535746966,
            "nete": 0.3,
            "precision": 0.5411771244488298,
            "recall": 0.590400073571786,
            "f1": 0.565788599010308
        },
        {
            "mae": 50.85227983401826,
            "rmse": 60.91498487598623,
            "nete": 0.3,
            "precision": 0.5526894339270771,
            "recall": 0.6224437150228572,
            "f1": 0.5875665744749672
        },
        {
            "mae": 50.10308446285587,
            "rmse": 59.66201470307679,
            "nete": 0.3,
            "precision": 0.5367388389861534,
            "recall": 0.6409697747380454,
            "f1": 0.5888543068620994
        },
        {
            "mae": 47.60179580004686,
            "rmse": 62.30739499235844,
            "nete": 0.3,
            "precision": 0.5922696945738419,
            "recall": 0.6468928283261212,
            "f1": 0.6195812614499815
        },
        {
            "mae": 45.498782390447694,
            "rmse": 53.67930748797028,
            "nete": 0.3,
            "precision": 0.5679091967803326,
            "recall": 0.6669642933179604,
            "f1": 0.6174367450491465
        },
        {
            "mae": 44.44370231341877,
            "rmse": 53.54728364501577,
            "nete": 0.3,
            "precision": 0.6094205933079433,
            "recall": 0.6681127258732359,
            "f1": 0.6387666595905895
        },
        {
            "mae": 43.728000032847035,
            "rmse": 56.50634875917685,
            "nete": 0.3,
            "precision": 0.6391195318391786,
            "recall": 0.7118975333881115,
            "f1": 0.675508532613645
        },
        {
            "mae": 42.42555368778988,
            "rmse": 53.1931240543026,
            "nete": 0.3,
            "precision": 0.6015117560559304,
            "recall": 0.6922323887832139,
            "f1": 0.6468720724195721
        },
        {
            "mae": 41.58696558891729,
            "rmse": 48.27789202679315,
            "nete": 0.3,
            "precision": 0.6491519474537188,
            "recall": 0.6958032873933128,
            "f1": 0.6724776174235159
        },
        {
            "mae": 40.24106942478099,
            "rmse": 47.2980364724244,
            "nete": 0.3,
            "precision": 0.6572474579408472,
            "recall": 0.7239831288086355,
            "f1": 0.6906152933747413
        },
        {
            "mae": 39.64887161386001,
            "rmse": 47.36605759266925,
            "nete": 0.3,
            "precision": 0.6426658918108628,
            "recall": 0.7470077566153621,
            "f1": 0.6948368242131124
        },
        {
            "mae": 37.457397466849024,
            "rmse": 42.89893242807771,
            "nete": 0.3,
            "precision": 0.6460071208577135,
            "recall": 0.7690595061393015,
            "f1": 0.7075333134985076
        },
        {
            "mae": 37.29827326974893,
            "rmse": 43.53492886255297,
            "nete": 0.3,