{
    "train_loss": [
        0.06262224228645914,
        0.06051022148037392,
        0.05832403889548198,
        0.05705310626806388,
        0.05490804180855764,
        0.05318448029720097,
        0.05266784053027485,
        0.051851783953276616,
        0.04846569063293497,
        0.04848267877517137,
        0.04713220086165865,
        0.044373192919240294,
        0.04336375984165796,
        0.04259161064848986,
        0.042004225561746523,
        0.039631332001667074,
        0.038998088903465615,
        0.03766077115218226,
        0.03695613049855678,
        0.03612230329404891,
        0.0338943323839012,
        0.033604111006103186,
        0.032783827959597917,
        0.03237401932326345,
        0.03064822909812694,
        0.030154008671571173,
        0.027304486197011216,
        0.025890250570650534,
        0.024856628012748672,
        0.023430030846875137,
        0.022486925699361813,
        0.021762956445186697,
        0.021178531850617303,
        0.022054498197727913,
        0.02112308275195605,
        0.019453861141991102,
        0.01850107005175842,
        0.017334526492362192,
        0.016773742717705535,
        0.015591145850204512,
        0.015228154194841104,
        0.01508899476380037,
        0.013561512952958946,
        0.012177874915861232,
        0.013085266303142606,
        0.013746595512108809,
        0.014049101810710105,
        0.011898802740943983,
        0.011631167436212071,
        0.017334468533807382
    ],
    "val_loss": [
        0.07104629538525414,
        0.06823097352107294,
        0.06454994859878121,
        0.06362207314639046,
        0.05995292504140072,
        0.057843704312061026,
        0.0573012325567886,
        0.056444373150940454,
        0.055807207904751174,
        0.054258740376302086,
        0.05148881090474159,
        0.049306171891140206,
        0.04753194783374086,
        0.046721191180914355,
        0.046104436839833854,
        0.044787573260212266,
        0.0429479933486389,
        0.0422722042440628,
        0.04080393702348462,
        0.040142161915053425,
        0.03946306235326765,
        0.04122936740858094,
        0.03708345624570469,
        0.037690338917906414,
        0.03888061844973447,
        0.03886200787659397,
        0.03835627601651785,
        0.03613150231699163,
        0.03818892856754865,
        0.03854095673777782,
        0.03814590775395651,
        0.036700439769164775,
        0.038199749534386596,
        0.036604254579034476,
        0.03570587155882151,
        0.03509550048386834,
        0.03198524587293352,
        0.031177484289434145,
        0.030291224897759907,
        0.028770699555608698,
        0.025232974430861838,
        0.02341093483396774,
        0.02059763143193093,
        0.021419499205977723,
        0.02057698053932778,
        0.024040920007131414,
        0.025840491037633233,
        0.02395472609552315,
        0.023887439463275827,
        0.02362917128082818
    ],
    "val_metrics": [
        {
            "mae": 79.49329955595765,
            "rmse": 92.96114432089718,
            "nete": 0.3,
            "precision": 0.5,
            "recall": 0.5,
            "f1": 0.43440274094629366
        },
        {
            "mae": 78.11538183009695,
            "rmse": 93.69397779604385,
            "nete": 0.3,
            "precision": 0.5,
            "recall": 0.5,
            "f1": 0.4537952286744788
        },
        {
            "mae": 75.54067965073111,
            "rmse": 87.9351644445121,
            "nete": 0.3,
            "precision": 0.5,
            "recall": 0.5,
            "f1": 0.45934315990488583
        },
        {
            "mae": 72.95853770571537,
            "rmse": 89.17553921522988,
            "nete": 0.3,
            "precision": 0.5,
            "recall": 0.5162323105130149,
            "f1": 0.4901613700639343
        },
        {
            "mae": 71.27364715271885,
            "rmse": 87.61293053154046,
            "nete": 0.3,
            "precision": 0.5,
            "recall": 0.5259827559731675,
            "f1": 0.4949483747618791
        },
        {
            "mae": 70.07257446153157,
            "rmse": 78.96840613716073,
            "nete": 0.3,
            "precision": 0.5178620172360126,
            "recall": 0.5366681827713204,
            "f1": 0.5272651000036664
        },
        {
            "mae": 67.85440539144119,
            "rmse": 72.3308891467782,
            "nete": 0.3,
            "precision": 0.5,
            "recall": 0.569737218650861,
            "f1": 0.5271596875189254
        },
        {
            "mae": 65.91840977892491,
            "rmse": 80.5760781740721,
            "nete": 0.3,
            "precision": 0.524168875554685,
            "recall": 0.579927540410982,
            "f1": 0.5520482079828336
        },
        {
            "mae": 63.09146083189135,
            "rmse": 77.99216209911712,
            "nete": 0.3,
            "precision": 0.5269641011448999,
            "recall": 0.5851672568510078,
            "f1": 0.5560656789979539
        },
        {
            "mae": 61.24682407889054,
            "rmse": 67.41470562630525,
            "nete": 0.3,
            "precision": 0.573148201674582,
            "recall": 0.5780683538038223,
            "f1": 0.5756082777392022
        },
        {
            "mae": 60.087084470168996,
            "rmse": 72.1795882310243,
            "nete": 0.3,
            "precision": 0.5485801591407844,
            "recall": 0.6232136452414081,
            "f1": 0.5858969021910962
        },
        {
            "mae": 58.61515977454085,
            "rmse": 72.5883795189295,
            "nete": 0.3,
            "precision": 0.5802618736993191,
            "recall": 0.6327469964141964,
            "f1": 0.6065044350567578
        },
        {
            "mae": 56.34043490945524,
            "rmse": 70.44568055571824,
            "nete": 0.3,
            "precision": 0.5540667565926771,
            "recall": 0.652404342167719,
            "f1": 0.6032355493801981
        },
        {
            "mae": 55.32320465420663,
            "rmse": 68.9363065505271,
            "nete": 0.3,
            "precision": 0.5949952532688347,
            "recall": 0.6522852271970945,
            "f1": 0.6236402402329646
        },
        {
            "mae": 54.221438875414165,
            "rmse": 68.85499230280497,
            "nete": 0.3,
            "precision": 0.5947537041349965,
            "recall": 0.6875960582807102,
            "f1": 0.6411748812078534
        },
        {
            "mae": 52.73521795083692,
            "rmse": 60.710294481177804,
            "nete": 0.3,
            "precision": 0.6294875399379768,
            "recall": 0.69919269611646,
            "f1": 0.6643401180272184
        },
        {
            "mae": 50.76009555093813,
            "rmse": 60.12593696982964,
            "nete": 0.3,
            "precision": 0.6249990960657885,
            "recall": 0.6866608624516376,
            "f1": 0.655829979258713
        },
        {
            "mae": 47.65251754452875,
            "rmse": 55.20359141164994,
            "nete": 0.3,
            "precision": 0.6293669898468083,
            "recall": 0.7323832507346748,
            "f1": 0.6808751202907415
        },
        {
            "mae": 48.363705910612524,
            "rmse": 54.02628948023272,
            "nete": 0.3,
            "precision": 0.6382784957173083,
            "recall": 0.7072998513333514,
            "f1": 0.67278917352533
        },
        {
            "mae": 45.482768812625295,
            "rmse": 52.54197334366703,
            "nete": 0.3,
            "precision": 0.6467680525046464,
            "recall": 0.7460198502791577,
            "f1": 0.6963939513919021
        },
        {
            "mae": 45.505933214001224,
            "rmse": 55.85936763048583,
            "nete": 0.3,
            "precision": 0.6698548974995382,