{
    "train_loss": [
        0.05061197524063384,
        0.04666394418185059,
        0.045082016178299406,
        0.043170074028676154,
        0.042219123628444266,
        0.040297425362061906,
        0.037700037425205835,
        0.03694376150991579,
        0.03449363870542927,
        0.03250900256433525,
        0.030514658038809598,
        0.02986512304993122,
        0.02979657183087399,
        0.028717908710200937,
        0.027640334535754766,
        0.025603407231746336,
        0.023776347664682333,
        0.0241073026847878,
        0.022504830430887166,
        0.024503893125276812,
        0.023819168945887967,
        0.021828177455792828,
        0.02094564821789533,
        0.020135031579077235,
        0.01910941276434821,
        0.01978233293910104,
        0.018915492573825708,
        0.017773523760633927,
        0.01651276228654879,
        0.01627304735785032,
        0.017010362739263235,
        0.016562306792203885,
        0.014694729572576814,
        0.013744302899738766,
        0.012431981882987123,
        0.010828678987895,
        0.010899329015116633,
        0.009430836193507174,
        0.008452894533577749,
        0.006976132035550557,
        0.007101965510176325,
        0.008029115597485212,
        0.007388552557687204,
        0.007137263176804051,
        0.006148280451774512,
        0.004451451079448759,
        0.00412875616474472,
        0.005149300962931428,
        0.003983831246689357,
        0.009081355233465743
    ],
    "val_loss": [
        0.05514257400266554,
        0.05254082147597577,
        0.04978047038199404,
        0.047615968199250874,
        0.04633007980986648,
        0.044312296630165005,
        0.04343654579234806,
        0.04079094958541158,
        0.038218320640700736,
        0.03747536130040198,
        0.03798466072019965,
        0.03411158280354229,
        0.03328640042241769,
        0.032153804145710986,
        0.031022351262542505,
        0.030465911421680005,
        0.027231682118084306,
        0.027882503329123298,
        0.02805905152012772,
        0.02772908778154065,
        0.02833366492382566,
        0.02637151013927824,
        0.0239929306287901,
        0.023948408128231312,
        0.02206488340256562,
        0.02277144958605609,
        0.021861267202516993,
        0.021923425425308295,
        0.0214060349400057,
        0.020520574079203272,
        0.019860880876226394,
        0.021065102206602907,
        0.01874388193831923,
        0.01865154957575199,
        0.01731401708777033,
        0.014482677438008858,
        0.015099056652280738,
        0.01602667169919576,
        0.013211236660963653,
        0.012966501003917934,
        0.01200211216212115,
        0.011644352596664081,
        0.01070632191508151,
        0.009948565572824348,
        0.01064701450524305,
        0.012189041843811407,
        0.012909945427042963,
        0.014263344000566901,
        0.012947567906183304,
        0.010255377991322256
    ],
    "val_metrics": [
        {
            "mae": 59.31266763673888,
            "rmse": 76.58575297187687,
            "nete": 0.3,
            "precision": 0.5,
            "recall": 0.5,
            "f1": 0.4863397575635955
        },
        {
            "mae": 58.81794516905941,
            "rmse": 72.28985423698674,
            "nete": 0.3,
            "precision": 0.5,
            "recall": 0.5339345080513204,
            "f1": 0.501025868597615
        },
        {
            "mae": 56.632558366333,
            "rmse": 72.15293876483295,
            "nete": 0.3,
            "precision": 0.5,
            "recall": 0.5617401798841506,
            "f1": 0.5237583688422855
        },
        {
            "mae": 54.12648539044556,
            "rmse": 64.41129957127137,
            "nete": 0.3,
            "precision": 0.535250243452462,
            "recall": 0.5695164914137066,
            "f1": 0.5523833674330842
        },
        {
            "mae": 54.540904189569005,
            "rmse": 67.81557487708761,
            "nete": 0.3,
            "precision": 0.5153833945605837,
            "recall": 0.5739562745422283,
            "f1": 0.5446698345514059
        },
        {
            "mae": 52.64620563150009,
            "rmse": 62.00925940479008,
            "nete": 0.3,
            "precision": 0.5423875580322479,
            "recall": 0.58615644062832,
            "f1": 0.5642719993302839
        },
        {
            "mae": 50.402310370501006,
            "rmse": 59.739914726715085,
            "nete": 0.3,
            "precision": 0.5660404119800797,
            "recall": 0.5914240666334679,
            "f1": 0.5787322393067738
        },
        {
            "mae": 50.10653180278115,
            "rmse": 61.49044687937064,
            "nete": 0.3,
            "precision": 0.5585512494935836,
            "recall": 0.6365758735875456,
            "f1": 0.5975635615405646
        },
        {
            "mae": 47.91802297148777,
            "rmse": 60.276125214059725,
            "nete": 0.3,
            "precision": 0.5788915707868854,
            "recall": 0.6653198162202046,
            "f1": 0.622105693503545
        },
        {
            "mae": 45.76062468874121,
            "rmse": 51.10624511847966,
            "nete": 0.3,
            "precision": 0.613550424834984,
            "recall": 0.6660802894621211,
            "f1": 0.6398153571485525
        },
        {
            "mae": 45.46003865942414,
            "rmse": 58.69431073249041,
            "nete": 0.3,
            "precision": 0.6204922619509424,
            "recall": 0.6789718016282558,
            "f1": 0.6497320317895992
        },
        {
            "mae": 43.447700452315495,
            "rmse": 50.56821423659281,
            "nete": 0.3,
            "precision": 0.633153421703699,
            "recall": 0.7087816392547762,
            "f1": 0.6709675304792376
        },
        {
            "mae": 42.399527517358734,
            "rmse": 48.21284789509986,
            "nete": 0.3,
            "precision": 0.6633386712881436,
            "recall": 0.7285945448585371,
            "f1": 0.6959666080733404
        },
        {
            "mae": 41.81692978693896,
            "rmse": 48.67280789266879,
            "nete": 0.3,
            "precision": 0.6291133935517148,
            "recall": 0.7336305520761334,
            "f1": 0.6813719728139241
        },
        {
            "mae": 40.64337756491181,
            "rmse": 48.79753899109437,
            "nete": 0.3,
            "precision": 0.6792641571745566,
            "recall": 0.763876423182006,
            "f1": 0.7215702901782813
        },
        {
            "mae": 39.46299922671547,
            "rmse": 45.39219657494348,
            "nete": 0.3,
            "precision": 0.6906552529295685,
            "recall": 0.759022610081808,
            "f1": 0.7248389315056882
        },
        {
            "mae": 37.34320555560495,
            "rmse": 44.9491331127322,
            "nete": 0.3,
            "precision": 0.6994320576304672,
            "recall": 0.8133833348451796,
            "f1": 0.7564076962378234
        },
        {
            "mae": 36.40644676507225,
            "rmse": 44.3053333973967,
            "nete": 0.3,
            "precision": 0.7222525111265875,
            "recall": 0.7786790427375136,
            "f1": 0.7504657769320506
        },
        {
            "mae": 35.163146495887155,
            "rmse": 45.84617649268858,
            "nete": 0.3,
            "precision": 0.6995268809620069,
            "recall": 0.8243511737949984,
            "f1": 0.7619390273785026
        },
        {
            "mae": 34.087266989365105,
            "rmse": 39.984562975835814,
            "nete": 0.3,
            "precision": 0.7186367008861697,
            "recall": 0.8593923433722234,
            "f1": 0.7890145221291965
        },
        {
            "mae": 33.48751696284215,
            "rmse": 42.25099819410137,