{
    "train_loss": [
        0.06575467699968028,
        0.06300170553640749,
        0.06119122126919373,
        0.05740624139450397,
        0.0544399020409415,
        0.05280892658910614,
        0.05156558345399881,
        0.048824665732683396,
        0.04767492989892245,
        0.045825089458547,
        0.04291759405442255,
        0.04262154208724187,
        0.04063042800249251,
        0.03972136924267194,
        0.037402959883555534,
        0.035645276767220374,
        0.0338272984703389,
        0.03347176153850694,
        0.03286944284860808,
        0.031187909970834576,
        0.030671680342195078,
        0.029789268145484233,
        0.02825524780608034,
        0.02737282311388415,
        0.025246679607371442,
        0.024113924489474668,
        0.02219076459859434,
        0.02172793192135483,
        0.019413434066796353,
        0.018085039410885087,
        0.01590834087621897,
        0.014430061544375435,
        0.013403929353604736,
        0.012304529285912,
        0.011665799248506331,
        0.010941773261342873,
        0.01088173567997969,
        0.01183401009948093,
        0.011608272575935046,
        0.01084285156261711,
        0.010861330750086808,
        0.010468352139993975,
        0.009532946634730354,
        0.010862654165486697,
        0.009914151466082589,
        0.009190278464984648,
        0.008268353371852631,
        0.009957505837665314,
        0.010519721759896423,
        0.01729245274709014
    ],
    "val_loss": [
        0.07302830553000282,
        0.0704729748460345,
        0.06714390748109587,
        0.06419495483508031,
        0.0648402824728494,
        0.06128633614027623,
        0.05614386262669875,
        0.05412638550942543,
        0.05350522333190258,
        0.05343760734382653,
        0.05088342634193574,
        0.04943287213990841,
        0.04938324277484215,
        0.04864374823534455,
        0.044905476030916706,
        0.041816291507941826,
        0.04248294063212546,
        0.03990222332159894,
        0.03651291499103849,
        0.03474730546937631,
        0.034266971911252476,
        0.03327873155275845,
        0.03166801019638436,
        0.030741464269578356,
        0.03067752137725824,
        0.03006906219094555,
        0.030260176517278446,
        0.030343583667278975,
        0.02621209089273504,
        0.024597067663364072,
        0.02383959524788495,
        0.024091641438324436,
        0.025131948533614147,
        0.024739368929745226,
        0.021094453903471238,
        0.021130018846356798,
        0.01862267955428608,
        0.017545803373891816,
        0.015399506154072555,
        0.013573974243626481,
        0.014125299517887843,
        0.013121754027355893,
        0.012009593966466873,
        0.013405786873761032,
        0.012759304859539489,
        0.012637531479158033,
        0.013020034942651804,
        0.014488081294155523,
        0.014569629313014042,
        0.021161322100544305
    ],
    "val_metrics": [
        {
            "mae": 84.53978643778973,
            "rmse": 97.97263467609434,
            "nete": 0.3,
            "precision": 0.5,
            "recall": 0.5085617206690679,
            "f1": 0.4904780534600939
        },
        {
            "mae": 80.1673502217331,
            "rmse": 97.79405461929318,
            "nete": 0.3,
            "precision": 0.5,
            "recall": 0.5095688674944173,
            "f1": 0.482501540490262
        },
        {
            "mae": 79.47816374379174,
            "rmse": 94.22419067047375,
            "nete": 0.3,
            "precision": 0.5,
            "recall": 0.541479644885175,
            "f1": 0.5110665139738281
        },
        {
            "mae": 77.90382789587264,
            "rmse": 94.23447882903913,
            "nete": 0.3,
            "precision": 0.5,
            "recall": 0.5433783810899261,
            "f1": 0.5170474917299658
        },
        {
            "mae": 75.59505368635251,
            "rmse": 93.49649279297199,
            "nete": 0.3,
            "precision": 0.5026152255397485,
            "recall": 0.6099324062082204,
            "f1": 0.5562738158739845
        },
        {
            "mae": 73.48515691634788,
            "rmse": 84.75902275802703,
            "nete": 0.3,
            "precision": 0.55147193781305,
            "recall": 0.5945183888776006,
            "f1": 0.5729951633453253
        },
        {
            "mae": 71.76896528532497,
            "rmse": 85.86141433646331,
            "nete": 0.3,
            "precision": 0.5635721736222422,
            "recall": 0.5885299952394204,
            "f1": 0.5760510844308313
        },
        {
            "mae": 69.36783434340546,
            "rmse": 84.96323157799661,
            "nete": 0.3,
            "precision": 0.5682811867341302,
            "recall": 0.5915106412472947,
            "f1": 0.5798959139907125
        },
        {
            "mae": 68.4930401868479,
            "rmse": 78.2758261946944,
            "nete": 0.3,
            "precision": 0.6043369163033472,
            "recall": 0.6318602255362955,
            "f1": 0.6180985709198213
        },
        {
            "mae": 66.67903496467292,
            "rmse": 85.31258688198861,
            "nete": 0.3,
            "precision": 0.6205451060530744,
            "recall": 0.6452603674425911,
            "f1": 0.6329027367478327
        },
        {
            "mae": 63.98282567570443,
            "rmse": 75.44433491393725,
            "nete": 0.3,
            "precision": 0.6168377200292923,
            "recall": 0.706477731261865,
            "f1": 0.6616577256455787
        },
        {
            "mae": 62.40680464354284,
            "rmse": 75.84231558196379,
            "nete": 0.3,
            "precision": 0.6114782427822382,
            "recall": 0.6984337896877942,
            "f1": 0.6549560162350162
        },
        {
            "mae": 61.02788705814625,
            "rmse": 74.89212226405587,
            "nete": 0.3,
            "precision": 0.6299360685577208,
            "recall": 0.7069391588339616,
            "f1": 0.6684376136958411
        },
        {
            "mae": 57.99331470399136,
            "rmse": 71.12601200969836,
            "nete": 0.3,
            "precision": 0.6693716191848994,
            "recall": 0.6933253289461465,
            "f1": 0.681348474065523
        },
        {
            "mae": 58.29846041366399,
            "rmse": 67.93982125650881,
            "nete": 0.3,
            "precision": 0.6572951385561081,
            "recall": 0.7194783860931709,
            "f1": 0.6883867623246396
        },
        {
            "mae": 55.76558376481841,
            "rmse": 73.17619913580289,
            "nete": 0.3,
            "precision": 0.681016470495796,
            "recall": 0.7435254569231845,
            "f1": 0.7122709637094902
        },
        {
            "mae": 52.109665622007974,
            "rmse": 62.75159283289428,
            "nete": 0.3,
            "precision": 0.6644078979788688,
            "recall": 0.7996273949984252,
            "f1": 0.732017646488647
        },
        {
            "mae": 52.05708253659891,
            "rmse": 64.22887245312003,
            "nete": 0.3,
            "precision": 0.6788096522964395,
            "recall": 0.7955758882305084,
            "f1": 0.737192770263474
        },
        {
            "mae": 50.829826967127865,
            "rmse": 59.76482922064618,
            "nete": 0.3,
            "precision": 0.7247579427045884,
            "recall": 0.7989619605948292,
            "f1": 0.7618599516497088
        },
        {
            "mae": 48.368229778338126,
            "rmse": 60.00151332841283,
            "nete": 0.3,
            "precision": 0.7117755393587208,
            "recall": 0.7846630704144213,
            "f1": 0.7482193048865711
        },
        {
            "mae": 47.427682086460194,
            "rmse": 55.82529429532239,
            "nete": 0.3,