{
    "train_loss": [
        0.06772150160069437,
        0.06478229570734813,
        0.06344057874912186,
        0.06107719637976565,
        0.05687894255459407,
        0.055792690484594856,
        0.05417191788509018,
        0.05214086759802792,
        0.050109206065196046,
        0.047647006784799634,
        0.04547447183871497,
        0.044148719654446555,
        0.04086083345953446,
        0.038928598634397765,
        0.036982577898839276,
        0.035585063019480785,
        0.03511386386989224,
        0.03548713471824793,
        0.03388442642939695,
        0.03259468854950582,
        0.03271759150473644,
        0.031858289267743305,
        0.03211304911256088,
        0.03138443223474722,
        0.02930748437448163,
        0.027330914928240888,
        0.025256366068827175,
        0.02499882498244842,
        0.025834005404259744,
        0.02503824587462542,
        0.022884471740248852,
        0.0213319720434281,
        0.020123653107113035,
        0.018966004999203864,
        0.01888357389758483,
        0.019591515432438672,
        0.01852098219516645,
        0.01675606719744305,
        0.01581964566681959,
        0.014848650580465122,
        0.01294523349805452,
        0.011668267954226126,
        0.011209359651470522,
        0.010553655135556422,
        0.00830084763647775,
        0.00802949147603596,
        0.00670283397437676,
        0.006342731524786035,
        0.005050568222379836,
        0.01885203779344522
    ],
    "val_loss": [
        0.07310757668072909,
        0.07255012100823877,
        0.07044729834387847,
        0.06718973039892784,
        0.06297853913077218,
        0.0605823250088246,
        0.058880513779344695,
        0.05719160426790006,
        0.054614666368455855,
        0.0528828232665256,
        0.04974819543065072,
        0.049706340858488116,
        0.04504818323851079,
        0.04314406718033467,
        0.04191033295030985,
        0.0421403300738136,
        0.04087326317754734,
        0.03951458399103945,
        0.04138069057499449,
        0.037268841176831,
        0.03635347107997326,
        0.035451203731130476,
        0.03571870156818893,
        0.034953653846484585,
        0.03297706314218097,
        0.03353322127590001,
        0.032688678135267796,
        0.03075914297959488,
        0.03123019743603881,
        0.030046203024139923,
        0.030838175672057128,
        0.027399202711530152,
        0.026771223072948425,
        0.023037027442272078,
        0.02182775259246407,
        0.022571091204060603,
        0.02414452260782143,
        0.025032752734332437,
        0.026787051535150586,
        0.0282810872345418,
        0.027742554149227376,
        0.02604286674474235,
        0.025548140863836433,
        0.027459081406523887,
        0.02477392364522956,
        0.02596774090667723,
        0.027669602514822325,
        0.024751757729583976,
        0.020320400224399862,
        0.023404645778469454
    ],
    "val_metrics": [
        {
            "mae": 93.03432148726452,
            "rmse": 104.96067406123005,
            "nete": 0.3,
            "precision": 0.5,
            "recall": 0.5448736641506577,
            "f1": 0.49688810429121977
        },
        {
            "mae": 89.83619774663183,
            "rmse": 107.98367159450417,
            "nete": 0.3,
            "precision": 0.5,
            "recall": 0.5381560008912559,
            "f1": 0.5124566841912658
        },
        {
            "mae": 88.18205299026829,
            "rmse": 109.24376863602144,
            "nete": 0.3,
            "precision": 0.5,
            "recall": 0.5417790928124174,
            "f1": 0.5034599080303157
        },
        {
            "mae": 85.40830086339956,
            "rmse": 100.4699407377056,
            "nete": 0.3,
            "precision": 0.5,
            "recall": 0.5696312748753642,
            "f1": 0.5323191073016248
        },
        {
            "mae": 83.58504922460838,
            "rmse": 102.13548375069217,
            "nete": 0.3,
            "precision": 0.5430278754467189,
            "recall": 0.579711242564123,
            "f1": 0.561369559005421
        },
        {
            "mae": 82.14128758046095,
            "rmse": 95.03409368582176,
            "nete": 0.3,
            "precision": 0.554632536490605,
            "recall": 0.6096735786735503,
            "f1": 0.5821530575820776
        },
        {
            "mae": 80.08381689950015,
            "rmse": 103.67560906313216,
            "nete": 0.3,
            "precision": 0.5960555604879662,
            "recall": 0.6421430937880764,
            "f1": 0.6190993271380213
        },
        {
            "mae": 76.55946111799325,
            "rmse": 91.18432173758376,
            "nete": 0.3,
            "precision": 0.588616049169056,
            "recall": 0.6640605134932859,
            "f1": 0.6263382813311709
        },
        {
            "mae": 74.6345363481891,
            "rmse": 93.45610068159272,
            "nete": 0.3,
            "precision": 0.6094755309109275,
            "recall": 0.6736019318008376,
            "f1": 0.6415387313558827
        },
        {
            "mae": 72.87702983681633,
            "rmse": 92.02708722565978,
            "nete": 0.3,
            "precision": 0.621388084839252,
            "recall": 0.6746475931407305,
            "f1": 0.6480178389899913
        },
        {
            "mae": 69.59882139646203,
            "rmse": 89.30679814572203,
            "nete": 0.3,
            "precision": 0.6702957661968331,
            "recall": 0.6820408549374243,
            "f1": 0.6761683105671287
        },
        {
            "mae": 68.46713084495426,
            "rmse": 89.55732276620364,
            "nete": 0.3,
            "precision": 0.6420247071047703,
            "recall": 0.7173884724569815,
            "f1": 0.6797065897808758
        },
        {
            "mae": 64.67331890419293,
            "rmse": 80.77389139360628,
            "nete": 0.3,
            "precision": 0.6890497176567575,
            "recall": 0.7251093928477891,
            "f1": 0.7070795552522733
        },
        {
            "mae": 64.77702536254073,
            "rmse": 72.95025078969645,
            "nete": 0.3,
            "precision": 0.6746936932304124,
            "recall": 0.7094189288415232,
            "f1": 0.6920563110359679
        },
        {
            "mae": 64.20165574985874,
            "rmse": 82.63379553818187,
            "nete": 0.3,
            "precision": 0.7055857752944484,
            "recall": 0.7661909035169094,
            "f1": 0.7358883394056789
        },
        {
            "mae": 61.403033728137785,
            "rmse": 72.27005562695516,
            "nete": 0.3,
            "precision": 0.677823517209616,
            "recall": 0.7582532750353513,
            "f1": 0.7180383961224837
        },
        {
            "mae": 60.017638053803225,
            "rmse": 67.6592440296077,
            "nete": 0.3,
            "precision": 0.715029646512436,
            "recall": 0.7825665129444966,
            "f1": 0.7487980797284663
        },
        {
            "mae": 57.309109771355445,
            "rmse": 67.15170748990694,
            "nete": 0.3,
            "precision": 0.7032840384145401,
            "recall": 0.8091498198791122,
            "f1": 0.7562169291468261
        },
        {
            "mae": 56.12699332551754,
            "rmse": 62.40961177699346,
            "nete": 0.3,
            "precision": 0.7447178232799814,
            "recall": 0.8437042568944176,
            "f1": 0.7942110400871994
        },
        {
            "mae": 51.32922066317833,
            "rmse": 61.94218505498267,
            "nete": 0.3,
            "precision": 0.7509387974156835,
            "recall": 0.8434479428194838,
            "f1": 0.7971933701175836
        },
        {
            "mae": 53.013319251922454,
            "rmse": 67.32513122467132,
            "nete": 0.3,