{
    "train_loss": [
        0.039145024634940746,
        0.0383014949824749,
        0.03521391177443365,
        0.03325489679808309,
        0.03156899027393583,
        0.030916724067325617,
        0.028090406609728134,
        0.02558145278780464,
        0.023886371353742514,
        0.022492235982575867,
        0.020604637428037705,
        0.020549920222270857,
        0.016664864215106483,
        0.015773497078485042,
        0.016260097838974155,
        0.015010845388150307,
        0.013820306284420934,
        0.0121114187464306,
        0.012031964859169884,
        0.01113337861594151,
        0.010257329208116119,
        0.009515518407949604,
        0.008910079847015525,
        0.007175652252891809,
        0.004903596488702182,
        0.004810592012235428,
        0.004344855275120813,
        0.003097433247372679,
        0.0042271276032806145,
        0.004420091259672894,
        0.004277727841814498,
        0.0034530986164358376,
        0.0025183010193101174,
        0.003217519816898496,
        0.0034927500155721193,
        0.00364569156721591,
        0.00401918515731958,
        0.0038960871909257586,
        0.0038088495735004776,
        0.002614684034897008,
        0.0016332238910379481,
        0.002904371858359723,
        0.00207202011939974,
        0.0017251225603703438,
        0.0020075036260883234,
        0.003920478258480876,
        0.002998515617500052,
        0.002994736466901188,
        0.002915218559918367,
        0.005290143467635463
    ],
    "val_loss": [
        0.043102275866687786,
        0.04300609664149367,
        0.043966676588852116,
        0.04179827323928162,
        0.03772603152632318,
        0.03614975633789652,
        0.034585888407769806,
        0.03232054604902357,
        0.0309356899053453,
        0.029246330691555,
        0.026191868025177922,
        0.02567914574463994,
        0.024063883421114377,
        0.022306383133781183,
        0.02127697984831225,
        0.020854850863638773,
        0.0204806605346145,
        0.020663475546756852,
        0.02181952813005853,
        0.01969306457357761,
        0.017890390560278524,
        0.016564918112361982,
        0.01526782081220447,
        0.015279786769650033,
        0.013643117437424442,
        0.013656570553180702,
        0.013508731645639685,
        0.013490941679898739,
        0.011304759424722229,
        0.013506460064284513,
        0.013696342019271359,
        0.014031989465733027,
        0.0147297714467105,
        0.014421030852761684,
        0.012230736605067958,
        0.010607027748176172,
        0.0092583449052626,
        0.006907217894822106,
        0.005999292052175502,
        0.006717352148651998,
        0.005839081608377522,
        0.00588976771773306,
        0.0052308294683226855,
        0.004535461962385478,
        0.00410787880739274,
        0.00611650217140492,
        0.007199683370769528,
        0.008152921433621589,
        0.006367139746262791,
        0.009379502162145597
    ],
    "val_metrics": [
        {
            "mae": 41.90015071395384,
            "rmse": 48.93452990966012,
            "nete": 0.3,
            "precision": 0.5,
            "recall": 0.5,
            "f1": 0.4261968056304701
        },
        {
            "mae": 40.57663328683979,
            "rmse": 47.52013480263708,
            "nete": 0.3,
            "precision": 0.5,
            "recall": 0.5,
            "f1": 0.4425562360310927
        },
        {
            "mae": 39.591455246499756,
            "rmse": 43.664805151409844,
            "nete": 0.3,
            "precision": 0.5,
            "recall": 0.5,
            "f1": 0.45788507065870476
        },
        {
            "mae": 37.67466394165269,
            "rmse": 46.905459140437834,
            "nete": 0.3,
            "precision": 0.5,
            "recall": 0.5,
            "f1": 0.4735016202653936
        },
        {
            "mae": 37.340198685030444,
            "rmse": 45.892172574708056,
            "nete": 0.3,
            "precision": 0.5,
            "recall": 0.5025579343734916,
            "f1": 0.49083853837600594
        },
        {
            "mae": 35.540494070166076,
            "rmse": 44.247869921671075,
            "nete": 0.3,
            "precision": 0.5,
            "recall": 0.5430690523810956,
            "f1": 0.5134348158451656
        },
        {
            "mae": 34.90224267874476,
            "rmse": 45.72090027655623,
            "nete": 0.3,
            "precision": 0.501489194218745,
            "recall": 0.5696681605769898,
            "f1": 0.5355786773978674
        },
        {
            "mae": 34.36324706098293,
            "rmse": 38.01527100255297,
            "nete": 0.3,
            "precision": 0.5228250362011062,
            "recall": 0.5536492427676591,
            "f1": 0.5382371394843828
        },
        {
            "mae": 33.29770222438576,
            "rmse": 37.92962832676061,
            "nete": 0.3,
            "precision": 0.5606109987737543,
            "recall": 0.5715980467011949,
            "f1": 0.5661045227374746
        },
        {
            "mae": 32.19720221868372,
            "rmse": 40.458521365473494,
            "nete": 0.3,
            "precision": 0.5555982392621542,
            "recall": 0.5902867705173259,
            "f1": 0.5729425048897402
        },
        {
            "mae": 31.343550437552224,
            "rmse": 35.92794772415371,
            "nete": 0.3,
            "precision": 0.575326245889259,
            "recall": 0.6070303878335637,
            "f1": 0.5911783168614112
        },
        {
            "mae": 30.37322808430524,
            "rmse": 39.298040891404796,
            "nete": 0.3,
            "precision": 0.5746246304967938,
            "recall": 0.6092873106638613,
            "f1": 0.5919559705803276
        },
        {
            "mae": 29.8014868707596,
            "rmse": 34.36808790240918,
            "nete": 0.2986205077193322,
            "precision": 0.5974882874426116,
            "recall": 0.6490636476289632,
            "f1": 0.6232759675357874
        },
        {
            "mae": 29.662750500710207,
            "rmse": 34.07884151449764,
            "nete": 0.3,
            "precision": 0.5850509980691865,
            "recall": 0.660047933847603,
            "f1": 0.6225494659583947
        },
        {
            "mae": 28.28758234130824,
            "rmse": 34.1657934371516,
            "nete": 0.28302244519559283,
            "precision": 0.599874979567424,
            "recall": 0.6544632005314538,
            "f1": 0.6271690900494389
        },
        {
            "mae": 26.874925626378605,
            "rmse": 33.245383565498294,
            "nete": 0.27132923602653103,
            "precision": 0.6056521676964166,
            "recall": 0.6944108106856601,
            "f1": 0.6500314891910384
        },
        {
            "mae": 26.203109654268772,
            "rmse": 28.20863839233588,
            "nete": 0.26363312476978656,
            "precision": 0.6382986087326896,
            "recall": 0.7196209607949083,
            "f1": 0.678959784763799
        },
        {
            "mae": 25.343992778569227,
            "rmse": 30.443974700815573,
            "nete": 0.25628576577478757,
            "precision": 0.6638693649911324,
            "recall": 0.6961136040623686,
            "f1": 0.6799914845267505
        },
        {
            "mae": 25.02051755807037,
            "rmse": 29.413941899128492,
            "nete": 0.24497002296995288,
            "precision": 0.6495569861470638,
            "recall": 0.7109037341935206,
            "f1": 0.6802303601702923
        },
        {
            "mae": 23.600346358668475,
            "rmse": 27.79300191469002,
            "nete": 0.23695339202004925,
            "precision": 0.6860958550123896,
            "recall": 0.7039861468917887,