{
    "appliance": "fridge",
    "window_size": 100,
    "model_params": {
        "input_size": 1,
        "output_size": 1,
        "hidden_size": 128,
        "num_layers": 1,
        "dt": 0.1,
        "advanced": false
    },
    "train_params": {
        "lr": 0.001,
        "epochs": 10,
        "patience": 3
    },
    "final_metrics": {
        "train_loss": 4276.1529541015625,
        "val_loss": 4841.032639397516,
        "test_loss": 6181.345091247558,
        "test_metrics": {
            "mae": 57.134307861328125,
            "rmse": 78.56320190429688,
            "nete": 0.21313820779323578,
            "sae": 0.7501251251251251,
            "precision": 0.24987487487487486,
            "recall": 1.0,
            "f1": 0.3998398238061868
        }
    }
}