{
    "appliance": "microwave",
    "window_size": 100,
    "model_params": {
        "input_size": 1,
        "output_size": 1,
        "hidden_size": 128,
        "num_layers": 1,
        "dt": 0.1,
        "advanced": false
    },
    "train_params": {
        "lr": 0.001,
        "epochs": 50
    },
    "final_metrics": {
        "train_loss": 13682.487348471748,
        "val_loss": 28793.643615729405,
        "test_loss": 32350.57736293447,
        "test_metrics": {
            "mae": 30.66934585571289,
            "rmse": 179.94920349121094,
            "nete": 0.5381147861480713,
            "sae": 24.77526092529297,
            "traditional_sae": 0.35698198198198194,
            "precision": 0.03880190605854323,
            "recall": 0.7972027972027972,
            "f1": 0.07400194741966894
        }
    }
}