{
    "appliance": "dish washer",
    "window_size": 100,
    "model_params": {
        "input_size": 1,
        "hidden_size": 128,
        "num_layers": 2,
        "output_size": 1,
        "bidirectional": true
    },
    "train_params": {
        "lr": 0.001,
        "epochs": 10,
        "patience": 3
    },
    "final_metrics": {
        "train_loss": 13308.319867960612,
        "val_loss": 12777.257844661466,
        "test_loss": 30500.734687200933,
        "test_metrics": {
            "mae": 39.40252685546875,
            "rmse": 174.72311401367188,
            "nete": 0.776002824306488,
            "sae": 0.20933433433433435,
            "precision": 0.17989690721649484,
            "recall": 0.8097447795823666,
            "f1": 0.29439055250948964
        }
    }
}