{
    "train_loss": [
        0.06466014476239022,
        0.061810081352996364,
        0.05866581113714298,
        0.05645469839494203,
        0.05700195291437817,
        0.054538297122307317,
        0.05205610998324459,
        0.0482315665427443,
        0.04733319381782432,
        0.04638404743551666,
        0.04525353472086265,
        0.04394858089821847,
        0.04266543657842299,
        0.04189736366239201,
        0.03925218670804963,
        0.036932506147565734,
        0.034528017198709515,
        0.03380017406381017,
        0.03128932677662186,
        0.031167877893689723,
        0.029916618794801016,
        0.026998535471961262,
        0.026179234620421276,
        0.025387581155708723,
        0.024533614527998515,
        0.023133174070359745,
        0.02216794066395974,
        0.021303472595883503,
        0.021402233552176273,
        0.01971189995753373,
        0.018971956413409624,
        0.018981694102130006,
        0.01718754220438755,
        0.016327838372295792,
        0.014973209080455588,
        0.013689899370208897,
        0.012785604236672962,
        0.014247269141119682,
        0.01541304293364297,
        0.014390796131632858,
        0.01295569180924595,
        0.012914057795343565,
        0.013041282827891682,
        0.013332176835096616,
        0.0137055979748299,
        0.014829514557241151,
        0.014607809429609611,
        0.01510893139047094,
        0.014334137449310965,
        0.017339058495006304
    ],
    "val_loss": [
        0.07036575614023993,
        0.06908322565691469,
        0.06820550296240555,
        0.06467468302200269,
        0.061852050560097085,
        0.06070020991695343,
        0.057578126151162944,
        0.054368831866137064,
        0.05169985350871554,
        0.050703249807292496,
        0.04951621145690579,
        0.0481460099431294,
        0.046798708407344146,
        0.045992231845511614,
        0.043368606340964344,
        0.04305033568963692,
        0.04014690216969491,
        0.03749018276700068,
        0.035570817204490894,
        0.03472627178837421,
        0.03341244973454107,
        0.03292594845915756,
        0.0322035134105941,
        0.029856210929598778,
        0.03182394683131988,
        0.028805058455777653,
        0.027377479740000436,
        0.028844240683257794,
        0.024948419687333814,
        0.02301035554039225,
        0.021920554234080104,
        0.022307904115337562,
        0.02332287013886255,
        0.02404036534944446,
        0.024401923804678868,
        0.02516638205130277,
        0.02336376008488672,
        0.01996323748500095,
        0.01979311676613378,
        0.018777707898921026,
        0.016978418732545842,
        0.016967620542482624,
        0.017940446843453285,
        0.01608564503604241,
        0.016877480503017846,
        0.01757099028510321,
        0.01733819990109009,
        0.017864377959994487,
        0.017050844321776514,
        0.021126016318299766
    ],
    "val_metrics": [
        {
            "mae": 81.75861698569724,
            "rmse": 99.68703375119419,
            "nete": 0.3,
            "precision": 0.5,
            "recall": 0.5,
            "f1": 0.46838713057755377
        },
        {
            "mae": 79.15685629777127,
            "rmse": 97.66013558319086,
            "nete": 0.3,
            "precision": 0.5,
            "recall": 0.5,
            "f1": 0.46629608069923717
        },
        {
            "mae": 76.68837870041071,
            "rmse": 91.8257147829814,
            "nete": 0.3,
            "precision": 0.5,
            "recall": 0.5239715053155874,
            "f1": 0.5086007318139443
        },
        {
            "mae": 75.00933765123648,
            "rmse": 94.905706887438,
            "nete": 0.3,
            "precision": 0.5,
            "recall": 0.5266751862699647,
            "f1": 0.503716694375804
        },
        {
            "mae": 72.52349041707123,
            "rmse": 91.61398528603074,
            "nete": 0.3,
            "precision": 0.5033158122575222,
            "recall": 0.5380820147660904,
            "f1": 0.5206989135118063
        },
        {
            "mae": 69.77348591399122,
            "rmse": 80.5710505276992,
            "nete": 0.3,
            "precision": 0.5162137781211928,
            "recall": 0.5995476173992246,
            "f1": 0.5578806977602087
        },
        {
            "mae": 67.69127823823995,
            "rmse": 79.20076932201955,
            "nete": 0.3,
            "precision": 0.5253533439603951,
            "recall": 0.6285029240069748,
            "f1": 0.576928133983685
        },
        {
            "mae": 65.66183680818553,
            "rmse": 73.52592766016699,
            "nete": 0.3,
            "precision": 0.5664755219182446,
            "recall": 0.6252396246624226,
            "f1": 0.5958575732903336
        },
        {
            "mae": 65.51917277348363,
            "rmse": 76.68701190176687,
            "nete": 0.3,
            "precision": 0.6193175867495803,
            "recall": 0.5991765565843129,
            "f1": 0.6092470716669467
        },
        {
            "mae": 61.63548577647897,
            "rmse": 75.6094340120867,
            "nete": 0.3,
            "precision": 0.5898650114301278,
            "recall": 0.6098177974524489,
            "f1": 0.5998414044412883
        },
        {
            "mae": 60.101809395098236,
            "rmse": 74.9260658039181,
            "nete": 0.3,
            "precision": 0.5680362091809757,
            "recall": 0.6594701016485828,
            "f1": 0.6137531554147793
        },
        {
            "mae": 59.563378906249994,
            "rmse": 71.66106656951527,
            "nete": 0.3,
            "precision": 0.5962137039308687,
            "recall": 0.6723677824691573,
            "f1": 0.634290743200013
        },
        {
            "mae": 57.380820067604304,
            "rmse": 69.35932597617756,
            "nete": 0.3,
            "precision": 0.6365044954397618,
            "recall": 0.7005777953416168,
            "f1": 0.6685411453906893
        },
        {
            "mae": 54.991237496772634,
            "rmse": 62.71350274700718,
            "nete": 0.3,
            "precision": 0.6612260173173334,
            "recall": 0.7084622841704372,
            "f1": 0.6848441507438854
        },
        {
            "mae": 54.44215801995392,
            "rmse": 66.59357212185994,
            "nete": 0.3,
            "precision": 0.6382169285289495,
            "recall": 0.7643083834247701,
            "f1": 0.7012626559768598
        },
        {
            "mae": 52.4068928265834,
            "rmse": 62.09412988784593,
            "nete": 0.3,
            "precision": 0.6763816896183619,
            "recall": 0.740478563668582,
            "f1": 0.7084301266434718
        },
        {
            "mae": 51.4748750848426,
            "rmse": 59.693277302423304,
            "nete": 0.3,
            "precision": 0.6787406020728458,
            "recall": 0.746267382608887,
            "f1": 0.7125039923408664
        },
        {
            "mae": 49.82312087008615,
            "rmse": 59.43749081335182,
            "nete": 0.3,
            "precision": 0.677532591682031,
            "recall": 0.7747199423114474,
            "f1": 0.7261262669967392
        },
        {
            "mae": 48.35982067483953,
            "rmse": 57.07325233906377,
            "nete": 0.3,
            "precision": 0.7221889117635131,
            "recall": 0.7672361608576337,
            "f1": 0.7447125363105733
        },
        {
            "mae": 47.82899002464776,
            "rmse": 58.74757649613232,
            "nete": 0.3,
            "precision": 0.7428930539277603,
            "recall": 0.7633795327510844,
            "f1": 0.7531362933394223
        },
        {
            "mae": 47.361357193165205,
            "rmse": 56.0001629876319,
            "nete": 0.3,