{
    "train_loss": [
        0.04499782095659066,
        0.04308153104041833,
        0.04039092398361364,
        0.03731103418396724,
        0.034981698660224735,
        0.03191227125693054,
        0.02919249598529605,
        0.026632505381453984,
        0.02577869631072685,
        0.023612907457616246,
        0.0209082232042443,
        0.019374866600915207,
        0.016340067575521255,
        0.016192762135676303,
        0.015938536697849393,
        0.014789714873251819,
        0.014593565577703934,
        0.01468405658887038,
        0.016067821502003456,
        0.014111322119601515,
        0.014474847610472507,
        0.015505761277226273,
        0.011886365902103641,
        0.011717895028188792,
        0.012142886069744225,
        0.010899153651243986,
        0.011721168037746617,
        0.011238127154874744,
        0.009851288345941338,
        0.007919473026951845,
        0.005702833995150017,
        0.006164517431164894,
        0.007840498012044651,
        0.006428784479053968,
        0.006974390759431313,
        0.00594886039276408,
        0.005622642046230134,
        0.0051714723244127726,
        0.0035837371961823326,
        0.002542319294479724,
        0.001,
        0.001,
        0.001,
        0.001496518670176093,
        0.0020818660490779413,
        0.0010835107932304134,
        0.0011410820978760194,
        0.0011739854858359856,
        0.001,
        0.006108257764965035
    ],
    "val_loss": [
        0.0492477120044202,
        0.04723560759243925,
        0.04441047018279432,
        0.041176585893165606,
        0.03873078359323597,
        0.03550788481977707,
        0.03283357706609162,
        0.032882502028767815,
        0.03091098885498048,
        0.029057350406142973,
        0.02781654755673369,
        0.0246757106294353,
        0.025541966499976535,
        0.02507981907326016,
        0.022974653338822783,
        0.020621164557527945,
        0.020520968029452198,
        0.01823904264179462,
        0.018871212577103627,
        0.01681688822558159,
        0.017198589990996133,
        0.01828104934108759,
        0.016395515636164315,
        0.015563976537312769,
        0.015567674134636859,
        0.01621157147729166,
        0.016814604853147046,
        0.01394092191669995,
        0.012343852763238405,
        0.011655861773719649,
        0.010984895009632937,
        0.011084994836329467,
        0.010232522912646884,
        0.00945153928285575,
        0.00932311029740288,
        0.010458043068977808,
        0.008531880291973205,
        0.011519581421854974,
        0.009364548745313162,
        0.010293264678771693,
        0.013163617334105402,
        0.01342715812539899,
        0.011801974688840406,
        0.010841842604150146,
        0.009063987681981283,
        0.01156553853928396,
        0.010515603271644653,
        0.008482027120345188,
        0.007223459695282503,
        0.009877819071060511
    ],
    "val_metrics": [
        {
            "mae": 49.08676509950818,
            "rmse": 59.343982980965414,
            "nete": 0.3,
            "precision": 0.5,
            "recall": 0.5,
            "f1": 0.459249320885089
        },
        {
            "mae": 49.06859295814179,
            "rmse": 59.4014250027933,
            "nete": 0.3,
            "precision": 0.5,
            "recall": 0.5,
            "f1": 0.48213445971329455
        },
        {
            "mae": 46.977101646294756,
            "rmse": 60.97981278020283,
            "nete": 0.3,
            "precision": 0.5,
            "recall": 0.5131107138398864,
            "f1": 0.4953461904707537
        },
        {
            "mae": 46.0451755782307,
            "rmse": 58.0644266286438,
            "nete": 0.3,
            "precision": 0.5,
            "recall": 0.5235456134206112,
            "f1": 0.5004017357181352
        },
        {
            "mae": 43.64857020085983,
            "rmse": 50.60935830119673,
            "nete": 0.3,
            "precision": 0.5,
            "recall": 0.5641297994484645,
            "f1": 0.527570462964621
        },
        {
            "mae": 43.531475028000386,
            "rmse": 57.9247303462381,
            "nete": 0.3,
            "precision": 0.5155746736114946,
            "recall": 0.6022644633782909,
            "f1": 0.5589195684948927
        },
        {
            "mae": 41.27702331342237,
            "rmse": 50.84431448548488,
            "nete": 0.3,
            "precision": 0.5434032663706468,
            "recall": 0.5725394760967126,
            "f1": 0.5579713712336798
        },
        {
            "mae": 41.169653650060695,
            "rmse": 47.40628591444228,
            "nete": 0.3,
            "precision": 0.5654924331306642,
            "recall": 0.6355402487404926,
            "f1": 0.6005163409355785
        },
        {
            "mae": 40.00131247391397,
            "rmse": 48.08135039238632,
            "nete": 0.3,
            "precision": 0.571241513041515,
            "recall": 0.6231101516715094,
            "f1": 0.5971758323565122
        },
        {
            "mae": 38.43261698745966,
            "rmse": 43.23934887314134,
            "nete": 0.3,
            "precision": 0.5798963638964044,
            "recall": 0.6564159211070066,
            "f1": 0.6181561425017055
        },
        {
            "mae": 37.82732962111933,
            "rmse": 43.63113491496714,
            "nete": 0.3,
            "precision": 0.6290161284120263,
            "recall": 0.6958849315461255,
            "f1": 0.6624505299790758
        },
        {
            "mae": 36.87437999450264,
            "rmse": 46.25423211804372,
            "nete": 0.3,
            "precision": 0.6377425725348564,
            "recall": 0.6851922730286044,
            "f1": 0.6614674227817304
        },
        {
            "mae": 35.60059397455014,
            "rmse": 45.359654776809414,
            "nete": 0.3,
            "precision": 0.6337778210885765,
            "recall": 0.7245103939271305,
            "f1": 0.6791441075078535
        },
        {
            "mae": 36.01485594895581,
            "rmse": 41.833727184819665,
            "nete": 0.3,
            "precision": 0.6343278329699891,
            "recall": 0.7020608707482834,
            "f1": 0.6681943518591362
        },
        {
            "mae": 33.121538910066086,
            "rmse": 39.51150165761517,
            "nete": 0.3,
            "precision": 0.6748218797777589,
            "recall": 0.7207453468796539,
            "f1": 0.6977836133287063
        },
        {
            "mae": 32.31733866745215,
            "rmse": 38.00644565338037,
            "nete": 0.3,
            "precision": 0.6446179756372311,
            "recall": 0.759944116334694,
            "f1": 0.7022810459859626
        },
        {
            "mae": 31.39551094311005,
            "rmse": 40.35856129492011,
            "nete": 0.3,
            "precision": 0.6671355624228416,
            "recall": 0.7719797458548859,
            "f1": 0.7195576541388637
        },
        {
            "mae": 30.543044538830298,
            "rmse": 37.38177818885087,
            "nete": 0.3,
            "precision": 0.6902192116805982,
            "recall": 0.760689821597789,
            "f1": 0.7254545166391936
        },
        {
            "mae": 30.02573246343098,
            "rmse": 36.373120493929996,
            "nete": 0.29930126779029176,
            "precision": 0.6981193009094245,
            "recall": 0.7593781134805667,
            "f1": 0.7287487071949957
        },
        {
            "mae": 28.68341593262106,
            "rmse": 33.55969341180335,
            "nete": 0.28066458316485215,
            "precision": 0.7168659835259278,
            "recall": 0.8055305677918507,
            "f1": 0.7611982756588892
        },
        {
            "mae": 27.373537774521665,
            "rmse": 33.37203752416132,
            "nete": 0.2723237132000442,