{
    "train_loss": [
        0.04590367503404718,
        0.042756680227958095,
        0.04125410807302545,
        0.040188949043049545,
        0.03879990146592547,
        0.0369874791147862,
        0.03620477116402017,
        0.033751628472637685,
        0.030351203378990988,
        0.02862732111222301,
        0.027625612375772615,
        0.027936102109472043,
        0.024056068257364883,
        0.02442173308408447,
        0.023889347299016216,
        0.02363499656625479,
        0.02216006628736844,
        0.02235616254274913,
        0.020248233305974105,
        0.018478262557084114,
        0.016975155479131643,
        0.016293620335605594,
        0.014531386325844421,
        0.013755704032762642,
        0.012559314426993122,
        0.010858734940804544,
        0.010025917163272597,
        0.010420616301530811,
        0.010282240009710931,
        0.009665923864060256,
        0.010346973833188475,
        0.008631473326603344,
        0.009160719014749805,
        0.007948273913516284,
        0.007856369333988604,
        0.008400222888311284,
        0.006632658954436916,
        0.0069290461255464425,
        0.007909621921926003,
        0.008691791664745261,
        0.007659881745683118,
        0.005993276905657068,
        0.0060605519760516,
        0.005789569057357904,
        0.006629687560474213,
        0.00511352908411437,
        0.003702034025491862,
        0.0035767489898673637,
        0.005343729738161454,
        0.010503612122319454
    ],
    "val_loss": [
        0.05019885878574954,
        0.046894514239356005,
        0.04584632619903366,
        0.044198396495202026,
        0.044548409876460734,
        0.04083685307052551,
        0.0403042848582499,
        0.03807985266120124,
        0.03926784222161627,
        0.036331266609061955,
        0.033027968102780504,
        0.032665924970413734,
        0.030241249446808116,
        0.03041415137943617,
        0.02770622753379878,
        0.026816746394567534,
        0.026510763444887932,
        0.02547397066988659,
        0.025281629427106374,
        0.022693452836444757,
        0.02205708981667553,
        0.021412547561185574,
        0.02082065913036517,
        0.019515116801926857,
        0.01912002422976176,
        0.017003437307425862,
        0.017737474331392836,
        0.017580672490498418,
        0.01922633613570044,
        0.020924250895903735,
        0.019632728349421116,
        0.01806660389069955,
        0.01949106654022191,
        0.018809535272526545,
        0.017477342674454065,
        0.015895494712862963,
        0.01519050307272551,
        0.01122991978056404,
        0.012226039807868244,
        0.012727235302480204,
        0.012943176597742134,
        0.014051144298302436,
        0.012486642827901058,
        0.01374128198253551,
        0.01291916488245687,
        0.012881647360492597,
        0.010787807302761857,
        0.01023254868783647,
        0.010184603364691288,
        0.014033263618465082
    ],
    "val_metrics": [
        {
            "mae": 58.496514589787836,
            "rmse": 68.64047186939914,
            "nete": 0.3,
            "precision": 0.5,
            "recall": 0.5,
            "f1": 0.4219116980381264
        },
        {
            "mae": 57.97602693103527,
            "rmse": 68.8489348169609,
            "nete": 0.3,
            "precision": 0.5,
            "recall": 0.5,
            "f1": 0.43768732399273746
        },
        {
            "mae": 55.48565685139458,
            "rmse": 68.20828240558231,
            "nete": 0.3,
            "precision": 0.5,
            "recall": 0.5,
            "f1": 0.4403591477527976
        },
        {
            "mae": 53.93597893612784,
            "rmse": 61.034277892605644,
            "nete": 0.3,
            "precision": 0.5,
            "recall": 0.5104125356022121,
            "f1": 0.4709148114588668
        },
        {
            "mae": 52.57652025590945,
            "rmse": 63.746590423396675,
            "nete": 0.3,
            "precision": 0.5,
            "recall": 0.5191966943013493,
            "f1": 0.4822078259927663
        },
        {
            "mae": 51.135654286689004,
            "rmse": 64.84426190140228,
            "nete": 0.3,
            "precision": 0.5,
            "recall": 0.5209315333322416,
            "f1": 0.4998618242159236
        },
        {
            "mae": 48.74815528985216,
            "rmse": 56.38389189340017,
            "nete": 0.3,
            "precision": 0.5,
            "recall": 0.5438227026590826,
            "f1": 0.5211032994292755
        },
        {
            "mae": 48.696495373861765,
            "rmse": 55.072437993326915,
            "nete": 0.3,
            "precision": 0.5057068257900942,
            "recall": 0.5590186842545146,
            "f1": 0.5323627550223045
        },
        {
            "mae": 47.0237576437309,
            "rmse": 56.8457893930797,
            "nete": 0.3,
            "precision": 0.5123401395613397,
            "recall": 0.599008045631903,
            "f1": 0.5556740925966214
        },
        {
            "mae": 45.2841084028242,
            "rmse": 53.074708508564,
            "nete": 0.3,
            "precision": 0.5280127260169682,
            "recall": 0.5852960258488487,
            "f1": 0.5566543759329085
        },
        {
            "mae": 43.627326349849284,
            "rmse": 51.64588074773287,
            "nete": 0.3,
            "precision": 0.5390121119309834,
            "recall": 0.5987812635443386,
            "f1": 0.568896687737661
        },
        {
            "mae": 44.31528392516534,
            "rmse": 53.32294213326681,
            "nete": 0.3,
            "precision": 0.5562915518917078,
            "recall": 0.5927393697803913,
            "f1": 0.5745154608360495
        },
        {
            "mae": 42.45622030086776,
            "rmse": 47.9224141317712,
            "nete": 0.3,
            "precision": 0.548306782100846,
            "recall": 0.6355976780660949,
            "f1": 0.5919522300834704
        },
        {
            "mae": 41.089594290758946,
            "rmse": 51.377306783861236,
            "nete": 0.3,
            "precision": 0.5877123338093475,
            "recall": 0.6329683968379713,
            "f1": 0.6103403653236594
        },
        {
            "mae": 38.974481180129146,
            "rmse": 43.39657499146344,
            "nete": 0.3,
            "precision": 0.6047407685329313,
            "recall": 0.6639039295833796,
            "f1": 0.6343223490581554
        },
        {
            "mae": 37.737467335645896,
            "rmse": 48.542217616727164,
            "nete": 0.3,
            "precision": 0.5985353936751896,
            "recall": 0.6611642644424541,
            "f1": 0.6298498290588218
        },
        {
            "mae": 37.778420709402354,
            "rmse": 43.66718407861204,
            "nete": 0.3,
            "precision": 0.6007030989817818,
            "recall": 0.6715474209603133,
            "f1": 0.6361252599710475
        },
        {
            "mae": 36.11945017364102,
            "rmse": 45.230250554782565,
            "nete": 0.3,
            "precision": 0.6167826948031172,
            "recall": 0.6679505330401958,
            "f1": 0.6423666139216565
        },
        {
            "mae": 34.92780577798908,
            "rmse": 44.00361718294281,
            "nete": 0.3,
            "precision": 0.6567350740948148,
            "recall": 0.6779095501597114,
            "f1": 0.6673223121272631
        },
        {
            "mae": 34.16495316012058,
            "rmse": 40.99572984159657,
            "nete": 0.3,
            "precision": 0.6469879465863312,
            "recall": 0.6968440273296168,
            "f1": 0.6719159869579739
        },
        {
            "mae": 33.57722674254489,
            "rmse": 37.50552797824508,
            "nete": 0.3,
            "precision": 0.6689379096954209,