{
    "train_loss": [
        0.0619493334638794,
        0.05938022604753277,
        0.05689504928875938,
        0.053677963182748666,
        0.050792012591656215,
        0.04804392720663082,
        0.04606040861847597,
        0.04423243047623124,
        0.04047779293875309,
        0.03944412837495246,
        0.0378876670527846,
        0.0364907246045974,
        0.03566620582975083,
        0.03302237536968517,
        0.03173549123370328,
        0.029391193133137747,
        0.028474028018080397,
        0.026893679326885796,
        0.02490788653528798,
        0.023891058241946636,
        0.02201832562647717,
        0.02309842453870034,
        0.022273076664144374,
        0.021801404665523806,
        0.021937050599118945,
        0.02067495063060667,
        0.022441148728443962,
        0.020959830729837793,
        0.01830355863082924,
        0.01795664877914441,
        0.018025612297370354,
        0.01914211383590455,
        0.01837959542677497,
        0.019417385837902555,
        0.016137200648148053,
        0.01638336329428941,
        0.01374218557169948,
        0.015102248257735162,
        0.014108158799815843,
        0.011236950435046005,
        0.00993913746409624,
        0.009293318708387543,
        0.00850606689679745,
        0.008561686952136015,
        0.008610719567423968,
        0.00841209600518158,
        0.008013472201822091,
        0.007947950172104184,
        0.008241215671670691,
        0.01717117963119663
    ],
    "val_loss": [
        0.070233149331073,
        0.06642954544944721,
        0.06373874217421219,
        0.06235214273047971,
        0.06139434212538299,
        0.0580937660715524,
        0.05740208510894898,
        0.05592287895995948,
        0.05537272959152118,
        0.05550605892764506,
        0.05344296182651771,
        0.05423868238026499,
        0.05088164416000567,
        0.04808308404718285,
        0.04680694637949583,
        0.04338812136567231,
        0.04187335199655489,
        0.04045586634567127,
        0.03593455778746457,
        0.033999134729873044,
        0.03386871641253711,
        0.03150708810937406,
        0.029474998012115138,
        0.02829663009364278,
        0.026981710639379927,
        0.02621539899203491,
        0.02598699701151305,
        0.025681441600408656,
        0.024453076479375096,
        0.02132953505933688,
        0.02092689291223887,
        0.022099219527699776,
        0.02129857519811372,
        0.02371155162111738,
        0.02221316685055763,
        0.019611918141934977,
        0.01936853017491991,
        0.017857360670621922,
        0.018882503506324852,
        0.020551967226946157,
        0.020553345058000293,
        0.021783452947427704,
        0.021882868792853977,
        0.021221354086925884,
        0.02133982851337172,
        0.020089460150473117,
        0.023120009636916024,
        0.02110687777720951,
        0.021380084824307647,
        0.022625671669040164
    ],
    "val_metrics": [
        {
            "mae": 85.43241096305917,
            "rmse": 102.3502855282903,
            "nete": 0.3,
            "precision": 0.5,
            "recall": 0.517190548909355,
            "f1": 0.48298346060264075
        },
        {
            "mae": 84.74693047105359,
            "rmse": 105.53597947358668,
            "nete": 0.3,
            "precision": 0.5,
            "recall": 0.5,
            "f1": 0.4708121405743002
        },
        {
            "mae": 82.18267766392773,
            "rmse": 90.04345476902775,
            "nete": 0.3,
            "precision": 0.5,
            "recall": 0.5078038705416105,
            "f1": 0.49231540483350533
        },
        {
            "mae": 79.3365223225568,
            "rmse": 89.93140057692113,
            "nete": 0.3,
            "precision": 0.5036441277797802,
            "recall": 0.5428303562751983,
            "f1": 0.5232372420274893
        },
        {
            "mae": 76.48826398511838,
            "rmse": 94.04048839047246,
            "nete": 0.3,
            "precision": 0.5,
            "recall": 0.5790075983540012,
            "f1": 0.5389812356727431
        },
        {
            "mae": 75.6456739339211,
            "rmse": 89.58175747326702,
            "nete": 0.3,
            "precision": 0.520683155387933,
            "recall": 0.5554441358751538,
            "f1": 0.5380636456315434
        },
        {
            "mae": 72.5077321132181,
            "rmse": 84.9357216705483,
            "nete": 0.3,
            "precision": 0.5330770822726677,
            "recall": 0.6130712401048627,
            "f1": 0.5730741611887652
        },
        {
            "mae": 71.31966337916636,
            "rmse": 89.0672511282038,
            "nete": 0.3,
            "precision": 0.5586820219482491,
            "recall": 0.6082026569150455,
            "f1": 0.5834423394316472
        },
        {
            "mae": 68.77410432068366,
            "rmse": 84.25595529816889,
            "nete": 0.3,
            "precision": 0.5448982157468948,
            "recall": 0.636552682941139,
            "f1": 0.5907254493440169
        },
        {
            "mae": 67.02727609619191,
            "rmse": 82.67133925952929,
            "nete": 0.3,
            "precision": 0.5719771198951417,
            "recall": 0.6599782409637376,
            "f1": 0.6159776804294397
        },
        {
            "mae": 63.35793159067865,
            "rmse": 67.45348789421608,
            "nete": 0.3,
            "precision": 0.5990247002168674,
            "recall": 0.6419559785673098,
            "f1": 0.6204903393920885
        },
        {
            "mae": 62.239547916407034,
            "rmse": 77.60390855940945,
            "nete": 0.3,
            "precision": 0.6041003453939091,
            "recall": 0.6853116560050287,
            "f1": 0.6447060006994688
        },
        {
            "mae": 60.738851758804685,
            "rmse": 72.29299813348612,
            "nete": 0.3,
            "precision": 0.6049207321080302,
            "recall": 0.6946656962801407,
            "f1": 0.6497932141940854
        },
        {
            "mae": 59.423804884446696,
            "rmse": 70.32236488325422,
            "nete": 0.3,
            "precision": 0.6155810390402937,
            "recall": 0.7369985577347453,
            "f1": 0.6762897983875195
        },
        {
            "mae": 57.56083003359327,
            "rmse": 68.43205394212934,
            "nete": 0.3,
            "precision": 0.6402635236552473,
            "recall": 0.7451454801441173,
            "f1": 0.6927045018996822
        },
        {
            "mae": 55.93926501811909,
            "rmse": 65.65795292678308,
            "nete": 0.3,
            "precision": 0.6764294888461045,
            "recall": 0.7631318498545696,
            "f1": 0.719780669350337
        },
        {
            "mae": 55.32700234536862,
            "rmse": 66.23899653128674,
            "nete": 0.3,
            "precision": 0.6818569014284053,
            "recall": 0.7704155254487576,
            "f1": 0.7261362134385815
        },
        {
            "mae": 52.52410572652829,
            "rmse": 63.66204657891619,
            "nete": 0.3,
            "precision": 0.7153863369712633,
            "recall": 0.7594794071698916,
            "f1": 0.7374328720705775
        },
        {
            "mae": 49.84074698620936,
            "rmse": 58.09397260094662,
            "nete": 0.3,
            "precision": 0.6844002559291185,
            "recall": 0.7886869458537363,
            "f1": 0.7365436008914273
        },
        {
            "mae": 49.963253241880196,
            "rmse": 59.909549000732795,
            "nete": 0.3,
            "precision": 0.7199914715018946,
            "recall": 0.800034185596368,
            "f1": 0.7600128285491312
        },
        {
            "mae": 48.53244162174684,
            "rmse": 56.40171038604831,
            "nete": 0.3,