{
    "appliance": "microwave",
    "window_size": 100,
    "model_params": {
        "input_size": 1,
        "hidden_size": 128,
        "num_layers": 2,
        "output_size": 1,
        "bidirectional": true
    },
    "train_params": {
        "lr": 0.001,
        "epochs": 10,
        "patience": 3
    },
    "final_metrics": {
        "train_loss": 13694.916894319322,
        "val_loss": 28698.567588175956,
        "test_loss": 31896.321392824026,
        "test_metrics": {
            "mae": 25.727182388305664,
            "rmse": 178.68258666992188,
            "nete": 0.7067931294441223,
            "precision": 0.13566739606126915,
            "recall": 0.8671328671328671,
            "f1": 0.2346263008514664
        }
    }
}