{
    "train_loss": [
        0.06079937429249413,
        0.059756038963515494,
        0.058144146455230826,
        0.05507902720965521,
        0.052296390139124536,
        0.051182314681372465,
        0.05082227223131005,
        0.049355792723755565,
        0.047348291804257724,
        0.047287467433199566,
        0.04521045441182863,
        0.04365293631899498,
        0.04032301547716205,
        0.03762449510909161,
        0.037168037004913335,
        0.036359172766857295,
        0.03480791110595663,
        0.03447669007941013,
        0.03348555174471941,
        0.03156534177558548,
        0.03145718045453318,
        0.03083690634825404,
        0.029789109012289434,
        0.026605275190460565,
        0.026351942716966673,
        0.024453541664343367,
        0.022396502819222286,
        0.02036752317675977,
        0.0191065496654633,
        0.018383372105446806,
        0.01681432122009907,
        0.015245478002309453,
        0.014278110831862733,
        0.013706504222792213,
        0.013585018418390167,
        0.011602799744499574,
        0.009799253096546208,
        0.00898275774341702,
        0.009638113896579271,
        0.010700633913240196,
        0.011134488061587684,
        0.009888956507998021,
        0.009402414334431715,
        0.008103043281593482,
        0.007686173918643496,
        0.006969684023728951,
        0.008143418596453591,
        0.008180181858600267,
        0.006990346376271615,
        0.0166801021992503
    ],
    "val_loss": [
        0.06583934300711884,
        0.06474384091169127,
        0.06305135377799237,
        0.06114338431311067,
        0.061872007365512835,
        0.06105478242960148,
        0.05770114351835562,
        0.05533367832945258,
        0.05536128429659485,
        0.054914782055753564,
        0.05314680232832328,
        0.05120817902181288,
        0.0483077351075064,
        0.04701832645321308,
        0.047389772451669664,
        0.04735883538254646,
        0.04670190663226137,
        0.044129075209560685,
        0.04166460622796084,
        0.03986068555620927,
        0.03794390114693005,
        0.03885196171999421,
        0.03684603131484496,
        0.03546966646322668,
        0.03545470687329343,
        0.03293890839279402,
        0.03334231189245163,
        0.03366510946091731,
        0.03253936589245014,
        0.030472864871695433,
        0.025474717021032732,
        0.025566269141350708,
        0.02595264784815739,
        0.026684377189069474,
        0.02558080435570569,
        0.02161713607512172,
        0.022184395013654757,
        0.021501415663961708,
        0.020779580491028092,
        0.019349289920095672,
        0.020089202365024438,
        0.01855425493794857,
        0.017593986624355934,
        0.019117658820853953,
        0.017748449296975062,
        0.017210604201535168,
        0.01810551694533472,
        0.016353082969310605,
        0.016915360967270032,
        0.021495234474572675
    ],
    "val_metrics": [
        {
            "mae": 75.0572843596915,
            "rmse": 87.35785356967536,
            "nete": 0.3,
            "precision": 0.5,
            "recall": 0.5,
            "f1": 0.4251553013199694
        },
        {
            "mae": 73.73049012324375,
            "rmse": 85.65013550991881,
            "nete": 0.3,
            "precision": 0.5,
            "recall": 0.5,
            "f1": 0.43474600061258145
        },
        {
            "mae": 72.86425176059083,
            "rmse": 85.63096787673385,
            "nete": 0.3,
            "precision": 0.5,
            "recall": 0.5,
            "f1": 0.45966277939855477
        },
        {
            "mae": 69.60402924067166,
            "rmse": 86.18620454802635,
            "nete": 0.3,
            "precision": 0.5,
            "recall": 0.5,
            "f1": 0.4802265515322335
        },
        {
            "mae": 66.76842333920202,
            "rmse": 73.96152819154749,
            "nete": 0.3,
            "precision": 0.5,
            "recall": 0.5089740985247319,
            "f1": 0.47573971491644884
        },
        {
            "mae": 66.09776687992512,
            "rmse": 84.17513045651452,
            "nete": 0.3,
            "precision": 0.5,
            "recall": 0.5345250858633283,
            "f1": 0.5072412956029636
        },
        {
            "mae": 64.03018099907815,
            "rmse": 73.63690780104783,
            "nete": 0.3,
            "precision": 0.5169823317182275,
            "recall": 0.53149858634153,
            "f1": 0.5242404590298787
        },
        {
            "mae": 62.59524706761807,
            "rmse": 71.123663457935,
            "nete": 0.3,
            "precision": 0.5092252400870603,
            "recall": 0.5561573203691328,
            "f1": 0.5326912802280965
        },
        {
            "mae": 60.830122319626525,
            "rmse": 74.9982676074527,
            "nete": 0.3,
            "precision": 0.5228181973843641,
            "recall": 0.553067213644173,
            "f1": 0.5379427055142686
        },
        {
            "mae": 59.62737626528456,
            "rmse": 68.01010952394043,
            "nete": 0.3,
            "precision": 0.54603956576469,
            "recall": 0.6064057980694332,
            "f1": 0.5762226819170616
        },
        {
            "mae": 57.363564950048705,
            "rmse": 67.2547052387092,
            "nete": 0.3,
            "precision": 0.5565038748470784,
            "recall": 0.5798649201297702,
            "f1": 0.5681843974884243
        },
        {
            "mae": 55.9913462307803,
            "rmse": 68.95511814165164,
            "nete": 0.3,
            "precision": 0.5551398026176374,
            "recall": 0.5954995688196892,
            "f1": 0.5753196857186634
        },
        {
            "mae": 53.26663688905941,
            "rmse": 58.481163926799276,
            "nete": 0.3,
            "precision": 0.5752502753582089,
            "recall": 0.607943699741537,
            "f1": 0.5915969875498729
        },
        {
            "mae": 51.92499803073837,
            "rmse": 65.42652605894295,
            "nete": 0.3,
            "precision": 0.5782752083317043,
            "recall": 0.6727605499551566,
            "f1": 0.6255178791434305
        },
        {
            "mae": 51.00131139909443,
            "rmse": 58.63665878560343,
            "nete": 0.3,
            "precision": 0.5921310569180622,
            "recall": 0.6676211140781525,
            "f1": 0.6298760854981074
        },
        {
            "mae": 50.015192888752075,
            "rmse": 58.268100211648914,
            "nete": 0.3,
            "precision": 0.6064364877883965,
            "recall": 0.6670319261536033,
            "f1": 0.6367342069709999
        },
        {
            "mae": 49.17591438015635,
            "rmse": 59.98059356072934,
            "nete": 0.3,
            "precision": 0.5847209089579971,
            "recall": 0.7255339889556811,
            "f1": 0.6551274489568392
        },
        {
            "mae": 46.40585564296548,
            "rmse": 58.40800401890018,
            "nete": 0.3,
            "precision": 0.6502867971239261,
            "recall": 0.7140705607415193,
            "f1": 0.6821786789327228
        },
        {
            "mae": 45.39708684848805,
            "rmse": 54.12099800959221,
            "nete": 0.3,
            "precision": 0.655471916527885,
            "recall": 0.7057015500240805,
            "f1": 0.6805867332759826
        },
        {
            "mae": 44.19728868552448,
            "rmse": 54.7901286614066,
            "nete": 0.3,
            "precision": 0.6769938134301154,
            "recall": 0.6771277619076793,
            "f1": 0.6770607876688973
        },
        {
            "mae": 42.47641900945413,
            "rmse": 50.714202291138776,
            "nete": 0.3,
            "precision": 0.6750569990430102,