{
    "train_loss": [
        0.053290149721702484,
        0.04957396702887484,
        0.04803674124558347,
        0.04579109889848466,
        0.04539784864847877,
        0.044320204258391914,
        0.042672698800267875,
        0.042009747203353424,
        0.040809064373981935,
        0.03789952213017481,
        0.03668890397887215,
        0.03491255433251386,
        0.032643864368065545,
        0.030427310910566344,
        0.030415045797126766,
        0.028085011000821558,
        0.024318401242581125,
        0.023034352761133473,
        0.021441536884264423,
        0.02180427446459718,
        0.020222124846900284,
        0.020242444694498252,
        0.0202268939602291,
        0.020285965601891862,
        0.018393545164516894,
        0.017244317816581218,
        0.016248420797511074,
        0.015214462160532247,
        0.014178507280792087,
        0.015051674098194957,
        0.01698658917801958,
        0.016067154374395376,
        0.01584002241726333,
        0.014527540441264761,
        0.014124387491230243,
        0.01544557818720827,
        0.014078341477532643,
        0.01177772247007661,
        0.011055405233650058,
        0.01056136669266217,
        0.010303007279624556,
        0.010602786953758948,
        0.010355046674628889,
        0.011213823058998061,
        0.009383858109065698,
        0.008361296702128563,
        0.009209766666561345,
        0.008116846467178715,
        0.007900294774035763,
        0.015366977393679758
    ],
    "val_loss": [
        0.06081774983014558,
        0.0557911257154044,
        0.05243857830786265,
        0.05423331538065694,
        0.05317700889572215,
        0.05047408137320254,
        0.04949812815611568,
        0.04864208524680526,
        0.04688500811187096,
        0.04348905271098481,
        0.0409504235738786,
        0.040242999838519165,
        0.03966904727106027,
        0.037906732202357005,
        0.03429208966341812,
        0.035811994488182994,
        0.034823028184545225,
        0.03361271523641899,
        0.032023873003249645,
        0.03492691945947257,
        0.030258566005481026,
        0.027284654861196432,
        0.026285588484878858,
        0.023300263881986458,
        0.023851571881968844,
        0.0226123762053875,
        0.020940987840837828,
        0.022700979936710088,
        0.021842082022015815,
        0.024204724309549362,
        0.022617924954999303,
        0.022233460636321974,
        0.02287675351873729,
        0.024330974631029924,
        0.025059728467789307,
        0.021612099083158653,
        0.02073570574744672,
        0.020650454155387136,
        0.018305947634806766,
        0.01829560199881982,
        0.01933258912790156,
        0.019061183043286415,
        0.02224992370611201,
        0.022812019001421734,
        0.022104098408989473,
        0.021566037195485176,
        0.020433486724485812,
        0.020911742741040767,
        0.02071571307748108,
        0.020775540295088515
    ],
    "val_metrics": [
        {
            "mae": 67.48707965509335,
            "rmse": 79.1497820721513,
            "nete": 0.3,
            "precision": 0.5,
            "recall": 0.5,
            "f1": 0.4111087581385434
        },
        {
            "mae": 66.85636295657967,
            "rmse": 85.83015170798613,
            "nete": 0.3,
            "precision": 0.5,
            "recall": 0.5,
            "f1": 0.41022562490683245
        },
        {
            "mae": 64.81387271308004,
            "rmse": 76.14600168314244,
            "nete": 0.3,
            "precision": 0.5,
            "recall": 0.5,
            "f1": 0.41073958750169637
        },
        {
            "mae": 63.89775044164556,
            "rmse": 75.42258542730403,
            "nete": 0.3,
            "precision": 0.5,
            "recall": 0.5,
            "f1": 0.4492357914623742
        },
        {
            "mae": 60.83314553994475,
            "rmse": 75.9196175592791,
            "nete": 0.3,
            "precision": 0.5,
            "recall": 0.5059735167634954,
            "f1": 0.4685415596376447
        },
        {
            "mae": 59.4979691150389,
            "rmse": 71.76336099037579,
            "nete": 0.3,
            "precision": 0.5,
            "recall": 0.5,
            "f1": 0.4717316674086653
        },
        {
            "mae": 57.53244582441373,
            "rmse": 69.39923814249244,
            "nete": 0.3,
            "precision": 0.5,
            "recall": 0.5000470051386623,
            "f1": 0.49891542836451164
        },
        {
            "mae": 55.734272293617806,
            "rmse": 61.886706387032184,
            "nete": 0.3,
            "precision": 0.5111336988316535,
            "recall": 0.5441919464043136,
            "f1": 0.5276628226179835
        },
        {
            "mae": 55.138327846568515,
            "rmse": 67.03798839545158,
            "nete": 0.3,
            "precision": 0.5,
            "recall": 0.5681097921395326,
            "f1": 0.5322779720461782
        },
        {
            "mae": 53.694801224743074,
            "rmse": 64.76519295187748,
            "nete": 0.3,
            "precision": 0.524507220586266,
            "recall": 0.5590478644437978,
            "f1": 0.541777542515032
        },
        {
            "mae": 50.589474512042464,
            "rmse": 66.06097943591854,
            "nete": 0.3,
            "precision": 0.5372910269642074,
            "recall": 0.587285006826528,
            "f1": 0.5622880168953677
        },
        {
            "mae": 49.771270084346256,
            "rmse": 61.3032980973252,
            "nete": 0.3,
            "precision": 0.5421308631899783,
            "recall": 0.5920624371943616,
            "f1": 0.5670966501921699
        },
        {
            "mae": 48.45450847545734,
            "rmse": 55.40433382629045,
            "nete": 0.3,
            "precision": 0.5361850773121938,
            "recall": 0.5996223774826578,
            "f1": 0.5679037273974258
        },
        {
            "mae": 46.85521777173602,
            "rmse": 58.67998007635252,
            "nete": 0.3,
            "precision": 0.5589516418988636,
            "recall": 0.6177684670791717,
            "f1": 0.5883600544890176
        },
        {
            "mae": 45.99458391924129,
            "rmse": 54.64516087021832,
            "nete": 0.3,
            "precision": 0.5775460468624898,
            "recall": 0.6191414495569988,
            "f1": 0.5983437482097442
        },
        {
            "mae": 44.246398358558096,
            "rmse": 55.92696583379024,
            "nete": 0.3,
            "precision": 0.5357895749719059,
            "recall": 0.6678648713822193,
            "f1": 0.6018272231770627
        },
        {
            "mae": 44.55354878296786,
            "rmse": 55.49334089651935,
            "nete": 0.3,
            "precision": 0.5911071009140866,
            "recall": 0.623035205678596,
            "f1": 0.6070711532963413
        },
        {
            "mae": 41.91116612357649,
            "rmse": 53.16029425850982,
            "nete": 0.3,
            "precision": 0.5954243285742804,
            "recall": 0.6514858962361869,
            "f1": 0.6234551124052337
        },
        {
            "mae": 40.374565193609165,
            "rmse": 49.59692040134655,
            "nete": 0.3,
            "precision": 0.5777558633403055,
            "recall": 0.6845711134034231,
            "f1": 0.6311634883718642
        },
        {
            "mae": 39.70585110818444,
            "rmse": 46.20069924886345,
            "nete": 0.3,
            "precision": 0.6130514446129958,
            "recall": 0.7027033818096505,
            "f1": 0.6578774132113231
        },
        {
            "mae": 38.5042996073596,
            "rmse": 47.03877138757052,
            "nete": 0.3,
            "precision": 0.6194513636985642,
            "recall": 0.6886501668316896,