{
    "train_loss": [
        0.04692166418226941,
        0.04428420106846388,
        0.04318647515056558,
        0.041768017520884555,
        0.040528302279943106,
        0.03892920502607496,
        0.03699814020532154,
        0.03402550109454413,
        0.03301327630354137,
        0.03166650874464514,
        0.029983780216106447,
        0.03041606952815521,
        0.028069646792806803,
        0.027982776536455648,
        0.02766086395273885,
        0.028242359034029874,
        0.02730046388979104,
        0.026093427093751276,
        0.02459938351726704,
        0.023781481125110703,
        0.02107243104720227,
        0.019506252994122623,
        0.019428949420659588,
        0.018071421693694825,
        0.017112716682143262,
        0.016980484036205768,
        0.01637445617208809,
        0.015582903739564533,
        0.014430890152932661,
        0.01272088271429972,
        0.01408959019827845,
        0.014178004532397585,
        0.01323277452630859,
        0.012704048344737762,
        0.01351531023340988,
        0.011467950212110894,
        0.010278961112135748,
        0.009669520922471263,
        0.011817868311592077,
        0.012855934697262806,
        0.013893532521000482,
        0.013897942763839221,
        0.014090159444662947,
        0.013633278983914768,
        0.014056557460158206,
        0.013766270838745787,
        0.014208344533782134,
        0.014413404523826587,
        0.012149811190750618,
        0.011573564981750712
    ],
    "val_loss": [
        0.053047955033676375,
        0.05017163531154167,
        0.04737277817398019,
        0.04671338090059613,
        0.044622123772343265,
        0.04287566527737872,
        0.04297773207924549,
        0.04229597123703527,
        0.04281748215939202,
        0.04175636323034765,
        0.041373492815324035,
        0.03947571085257212,
        0.03909166726167047,
        0.03828072736969994,
        0.03716234889088644,
        0.034386786038501434,
        0.033051393140904814,
        0.030490528708921754,
        0.02983093589184706,
        0.030459099254892943,
        0.02799303820523398,
        0.027010406712905825,
        0.02526054820743268,
        0.022446425751259123,
        0.02117781955443898,
        0.021544529508241973,
        0.01972035408144726,
        0.018824730909482144,
        0.01828335170701412,
        0.01799697253610989,
        0.01899781744256607,
        0.01839261410235543,
        0.017238657991318764,
        0.01533925076197465,
        0.017209844912608623,
        0.016491214995801685,
        0.01668197610270006,
        0.015352537893790956,
        0.014794485432674418,
        0.015498731432125946,
        0.016588209147050507,
        0.01737028306266257,
        0.016794667416896093,
        0.017627744719237715,
        0.016759385333166114,
        0.016454584380683077,
        0.016918761760471242,
        0.017134074750017915,
        0.01743355995928793,
        0.015473784374482033
    ],
    "val_metrics": [
        {
            "mae": 55.86716279812839,
            "rmse": 69.51522046390738,
            "nete": 0.3,
            "precision": 0.5,
            "recall": 0.5,
            "f1": 0.42719311104666796
        },
        {
            "mae": 53.26756287319619,
            "rmse": 65.6831268683505,
            "nete": 0.3,
            "precision": 0.5,
            "recall": 0.5,
            "f1": 0.4244966387265841
        },
        {
            "mae": 51.68113071870356,
            "rmse": 64.12407768138429,
            "nete": 0.3,
            "precision": 0.5,
            "recall": 0.5229449385976689,
            "f1": 0.4734596000203331
        },
        {
            "mae": 51.31852300567673,
            "rmse": 59.75150901197474,
            "nete": 0.3,
            "precision": 0.5,
            "recall": 0.5,
            "f1": 0.47175966657532403
        },
        {
            "mae": 49.363946080188896,
            "rmse": 59.72965379659043,
            "nete": 0.3,
            "precision": 0.5,
            "recall": 0.5350323668798762,
            "f1": 0.5023567705719693
        },
        {
            "mae": 48.03998889145885,
            "rmse": 60.11265213484848,
            "nete": 0.3,
            "precision": 0.5,
            "recall": 0.5400542352168158,
            "f1": 0.4985393774333897
        },
        {
            "mae": 46.67590811969979,
            "rmse": 59.47881791842672,
            "nete": 0.3,
            "precision": 0.5,
            "recall": 0.5799922812377875,
            "f1": 0.5367229421668147
        },
        {
            "mae": 46.5168942334062,
            "rmse": 59.853044896005656,
            "nete": 0.3,
            "precision": 0.5,
            "recall": 0.5805572819829289,
            "f1": 0.5363602153594624
        },
        {
            "mae": 43.81108959043904,
            "rmse": 51.826628506656995,
            "nete": 0.3,
            "precision": 0.5424543011345218,
            "recall": 0.5908683421064307,
            "f1": 0.5666613216204762
        },
        {
            "mae": 42.15248365318282,
            "rmse": 55.35213136197988,
            "nete": 0.3,
            "precision": 0.5,
            "recall": 0.5748710307666549,
            "f1": 0.5360370500145936
        },
        {
            "mae": 41.2789717129653,
            "rmse": 50.354693715985555,
            "nete": 0.3,
            "precision": 0.5596388043279334,
            "recall": 0.60219589166926,
            "f1": 0.5809173479985966
        },
        {
            "mae": 40.125341507726006,
            "rmse": 43.58943711746058,
            "nete": 0.3,
            "precision": 0.556273614030211,
            "recall": 0.6346801101989872,
            "f1": 0.595476862114599
        },
        {
            "mae": 39.62320143867056,
            "rmse": 47.261764832571934,
            "nete": 0.3,
            "precision": 0.5941410736786854,
            "recall": 0.610880197351079,
            "f1": 0.6025106355148822
        },
        {
            "mae": 38.282832320487515,
            "rmse": 45.67279344838497,
            "nete": 0.3,
            "precision": 0.5922686090600072,
            "recall": 0.6192041226555989,
            "f1": 0.605736365857803
        },
        {
            "mae": 37.44947969998774,
            "rmse": 44.95876975474293,
            "nete": 0.3,
            "precision": 0.6256992139266838,
            "recall": 0.6522775092345212,
            "f1": 0.6389883615806026
        },
        {
            "mae": 35.740916284678875,
            "rmse": 41.33937722537443,
            "nete": 0.3,
            "precision": 0.6263340437667149,
            "recall": 0.6696098423593279,
            "f1": 0.6479719430630213
        },
        {
            "mae": 35.24439157081793,
            "rmse": 42.54306802710965,
            "nete": 0.3,
            "precision": 0.618925771803853,
            "recall": 0.693530433626075,
            "f1": 0.656228102714964
        },
        {
            "mae": 34.38682120688287,
            "rmse": 40.705508378399195,
            "nete": 0.3,
            "precision": 0.6538738839889721,
            "recall": 0.6906509416205593,
            "f1": 0.6722624128047657
        },
        {
            "mae": 32.21238475484776,
            "rmse": 37.44930432994599,
            "nete": 0.3,
            "precision": 0.6568573544387373,
            "recall": 0.7163854801580832,
            "f1": 0.6866214172984103
        },
        {
            "mae": 32.48809202064241,
            "rmse": 38.95944393952329,
            "nete": 0.3,
            "precision": 0.647828947071242,
            "recall": 0.7485075953155153,
            "f1": 0.6981682711933787
        },
        {
            "mae": 31.504789842024017,
            "rmse": 36.089766045527575,
            "nete": 0.3,
            "precision": 0.6397361474723334,
            "recall": 0.7362484008712407,