{
    "train_loss": [
        0.05232040105826018,
        0.049370882068416715,
        0.04764986748288482,
        0.04504827536043624,
        0.04387399230398953,
        0.04319612727405658,
        0.04015237028110488,
        0.03883280265846285,
        0.036786963974502235,
        0.03495788697088359,
        0.03237169863763449,
        0.02937686034293275,
        0.028551371540096803,
        0.028659127327332737,
        0.026588315120223784,
        0.025458606783426468,
        0.02446215213332336,
        0.023024826179650022,
        0.02094768034030164,
        0.02004393691083841,
        0.017344703102310326,
        0.016329027048951113,
        0.015782085817808704,
        0.014361871670017868,
        0.01369714025823858,
        0.012179759422099302,
        0.012248225735378095,
        0.012299960529433978,
        0.012486699247289398,
        0.012600218912763942,
        0.014172210130477538,
        0.012829752870923788,
        0.011474402966395512,
        0.010851089742502172,
        0.010058637393771287,
        0.010389741583898139,
        0.010073071605523379,
        0.009080873600819083,
        0.009475131232982582,
        0.00946058532278778,
        0.008196744100120945,
        0.007751591197161421,
        0.007057077779527406,
        0.005658907943126161,
        0.005032744758983116,
        0.005078763214544864,
        0.004659302074934268,
        0.007024140702908244,
        0.005732867663035954,
        0.013605175614439833
    ],
    "val_loss": [
        0.05806376853331738,
        0.05459640802095205,
        0.052032360857029065,
        0.053585014717596524,
        0.05123562017537384,
        0.04942919683900003,
        0.048322135958306464,
        0.04906976821306648,
        0.04671012864508573,
        0.04311791120436148,
        0.04212643741920254,
        0.03952018531680196,
        0.039952057009500774,
        0.03626181013379655,
        0.03494887819702791,
        0.031121075061855574,
        0.030580543718422566,
        0.02931182900801939,
        0.026842118609172495,
        0.023833639841405678,
        0.020211938257425843,
        0.019145478401398672,
        0.01857119010869914,
        0.019836958068836005,
        0.018832773220247553,
        0.019614604422486377,
        0.020867076346588014,
        0.020156693523955212,
        0.02299292652325785,
        0.021029515827818406,
        0.016882177136563686,
        0.01768885489079608,
        0.015651438212959407,
        0.01339364422962728,
        0.012561569263459851,
        0.012909228663093046,
        0.012576725185799548,
        0.011534917280860039,
        0.011948887794631711,
        0.01195011630564854,
        0.010963625044514851,
        0.010139170757019493,
        0.009409931668503776,
        0.009279746421609877,
        0.008951502136236349,
        0.00897434048171139,
        0.006919319857633198,
        0.009375347738053656,
        0.010099528284936444,
        0.017924432036925644
    ],
    "val_metrics": [
        {
            "mae": 62.42348118141218,
            "rmse": 71.02113730708601,
            "nete": 0.3,
            "precision": 0.5,
            "recall": 0.5,
            "f1": 0.4614999631047977
        },
        {
            "mae": 62.03717739722469,
            "rmse": 72.72760389758005,
            "nete": 0.3,
            "precision": 0.5,
            "recall": 0.5,
            "f1": 0.4785175229041465
        },
        {
            "mae": 60.658877399469034,
            "rmse": 67.36457742616233,
            "nete": 0.3,
            "precision": 0.5,
            "recall": 0.5153503801676402,
            "f1": 0.4865372876713369
        },
        {
            "mae": 59.68804308127482,
            "rmse": 66.00690717325287,
            "nete": 0.3,
            "precision": 0.5,
            "recall": 0.5380467993865723,
            "f1": 0.5076332732022895
        },
        {
            "mae": 58.28276029857298,
            "rmse": 65.14464670714774,
            "nete": 0.3,
            "precision": 0.5032526638680526,
            "recall": 0.5588169541826116,
            "f1": 0.5310348090253321
        },
        {
            "mae": 55.65632255708256,
            "rmse": 62.37486412008954,
            "nete": 0.3,
            "precision": 0.5402301248034945,
            "recall": 0.5784705758491925,
            "f1": 0.5593503503263435
        },
        {
            "mae": 53.621078386371536,
            "rmse": 63.95737333405039,
            "nete": 0.3,
            "precision": 0.5327511157334465,
            "recall": 0.5989873352537507,
            "f1": 0.5658692254935986
        },
        {
            "mae": 52.04140250951305,
            "rmse": 58.194901563361704,
            "nete": 0.3,
            "precision": 0.5660628919055904,
            "recall": 0.597370144935506,
            "f1": 0.5817165184205483
        },
        {
            "mae": 50.7496177787907,
            "rmse": 56.90120644404636,
            "nete": 0.3,
            "precision": 0.5477030200613832,
            "recall": 0.6127180123753294,
            "f1": 0.5802105162183563
        },
        {
            "mae": 49.48951959236738,
            "rmse": 59.498555817419124,
            "nete": 0.3,
            "precision": 0.6000204341283207,
            "recall": 0.6256714380942036,
            "f1": 0.6128459361112621
        },
        {
            "mae": 48.00451681541272,
            "rmse": 59.58898658587054,
            "nete": 0.3,
            "precision": 0.5732162172552255,
            "recall": 0.6497615030593699,
            "f1": 0.6114888601572976
        },
        {
            "mae": 47.71267189167202,
            "rmse": 56.955666590497515,
            "nete": 0.3,
            "precision": 0.5623941065564184,
            "recall": 0.6946275192454716,
            "f1": 0.628510812900945
        },
        {
            "mae": 45.4615984151647,
            "rmse": 55.260059797442764,
            "nete": 0.3,
            "precision": 0.630197363328119,
            "recall": 0.6772655220762689,
            "f1": 0.653731442702194
        },
        {
            "mae": 44.458951652588155,
            "rmse": 53.66470435006598,
            "nete": 0.3,
            "precision": 0.6373876398154519,
            "recall": 0.722693055933977,
            "f1": 0.6800403478747146
        },
        {
            "mae": 43.5987124551402,
            "rmse": 53.506486972312594,
            "nete": 0.3,
            "precision": 0.6496206868863581,
            "recall": 0.6964183639737765,
            "f1": 0.6730195254300673
        },
        {
            "mae": 41.97148567701797,
            "rmse": 48.447777348715505,
            "nete": 0.3,
            "precision": 0.6817278094572895,
            "recall": 0.7129809952538196,
            "f1": 0.6973544023555545
        },
        {
            "mae": 40.89516456151431,
            "rmse": 51.935369190990954,
            "nete": 0.3,
            "precision": 0.6753919672195805,
            "recall": 0.7143325810934796,
            "f1": 0.6948622741565301
        },
        {
            "mae": 39.86377631953018,
            "rmse": 49.25732869736296,
            "nete": 0.3,
            "precision": 0.7047596828488816,
            "recall": 0.7490597923628058,
            "f1": 0.7269097376058437
        },
        {
            "mae": 39.09970950989207,
            "rmse": 49.4043227797359,
            "nete": 0.3,
            "precision": 0.7087377729916203,
            "recall": 0.7407936770097322,
            "f1": 0.7247657250006763
        },
        {
            "mae": 36.92029718525747,
            "rmse": 45.51427882466298,
            "nete": 0.3,
            "precision": 0.7186419116618482,
            "recall": 0.7469294415829828,
            "f1": 0.7327856766224154
        },
        {
            "mae": 37.71965415421552,
            "rmse": 45.371538884130416,