{
    "appliance": "dish washer",
    "window_size": 100,
    "model_params": {
        "input_size": 1,
        "hidden_size": 128,
        "num_layers": 2,
        "output_size": 1,
        "bidirectional": true
    },
    "train_params": {
        "lr": 0.001,
        "epochs": 10,
        "patience": 3
    },
    "final_metrics": {
        "train_loss": 12962.622424485948,
        "val_loss": 11691.266661170741,
        "test_loss": 28905.640291193904,
        "test_metrics": {
            "mae": 37.875919342041016,
            "rmse": 170.09963989257812,
            "nete": 0.7857005000114441,
            "precision": 0.24017790956263899,
            "recall": 0.7517401392111369,
            "f1": 0.36404494382022473
        }
    }
}