{
    "train_loss": [
        0.04017405965290517,
        0.03847738079641438,
        0.03705684602498187,
        0.03432651441512795,
        0.034323167537684815,
        0.03272648517248175,
        0.030482560098911978,
        0.02889272484768706,
        0.02897099071450546,
        0.026420990623057125,
        0.024584271548692138,
        0.022478057707651114,
        0.022634572884775803,
        0.02111148187766443,
        0.019180548387477944,
        0.019370275782314157,
        0.018155629361415522,
        0.016102268681427577,
        0.014185544730837177,
        0.012300534837632233,
        0.010753015168718325,
        0.010721808159210032,
        0.010099675665724601,
        0.008975661485520602,
        0.008963288219288542,
        0.008808922114776801,
        0.0073684595085631325,
        0.007861303818029393,
        0.006689984008186245,
        0.006765960485263136,
        0.00654341654991412,
        0.006632040755224434,
        0.005556433874368838,
        0.004909198896137699,
        0.0035472648265944757,
        0.0030504652537000922,
        0.0018549271051485018,
        0.001,
        0.001,
        0.001,
        0.001,
        0.0016844336998631357,
        0.001003256495912754,
        0.001,
        0.001,
        0.001,
        0.001,
        0.001,
        0.001,
        0.005935032440708505
    ],
    "val_loss": [
        0.04418276263555043,
        0.0424012498362351,
        0.040909688326230965,
        0.03804284013588435,
        0.03803932591456906,
        0.03636280943110584,
        0.03400668810385758,
        0.03233736109007142,
        0.032419540250230736,
        0.03095024987702541,
        0.028033293461369346,
        0.02578908224019524,
        0.025766301529014594,
        0.025745027235395384,
        0.022139575806851844,
        0.022338789571429866,
        0.023075126406503912,
        0.023802706651104018,
        0.020305221454544387,
        0.01913139827425936,
        0.016342188251505622,
        0.013399975562356364,
        0.012604659449010831,
        0.011424444559796633,
        0.01141145263025297,
        0.011249368220515641,
        0.012169017661221712,
        0.012772716026053517,
        0.014900914217959579,
        0.01171088602560598,
        0.010275077336780718,
        0.009669171196432015,
        0.01012411009579497,
        0.009790123839267894,
        0.009540689754972619,
        0.008465284553676993,
        0.00873154322778921,
        0.009189250927864562,
        0.009436302288499974,
        0.007092707236457994,
        0.007948864348028054,
        0.00871073398339478,
        0.008946281370052864,
        0.008809778803313345,
        0.007655229617686788,
        0.006500147058530134,
        0.0036102623735254,
        0.001,
        0.001,
        0.00795399253259554
    ],
    "val_metrics": [
        {
            "mae": 42.068056557714236,
            "rmse": 51.4179881743802,
            "nete": 0.3,
            "precision": 0.5,
            "recall": 0.5,
            "f1": 0.42708322186829756
        },
        {
            "mae": 41.12904575670355,
            "rmse": 50.29526482355147,
            "nete": 0.3,
            "precision": 0.5,
            "recall": 0.5,
            "f1": 0.4335939895216603
        },
        {
            "mae": 38.487980527796104,
            "rmse": 45.35488623180568,
            "nete": 0.3,
            "precision": 0.5,
            "recall": 0.5,
            "f1": 0.4580595824240684
        },
        {
            "mae": 38.61941984950964,
            "rmse": 46.73590558630227,
            "nete": 0.3,
            "precision": 0.5,
            "recall": 0.5,
            "f1": 0.4915443248123545
        },
        {
            "mae": 37.21481722494814,
            "rmse": 48.38958412382741,
            "nete": 0.3,
            "precision": 0.5,
            "recall": 0.5404017630742973,
            "f1": 0.5076315254019084
        },
        {
            "mae": 36.36544607016294,
            "rmse": 44.048365556588415,
            "nete": 0.3,
            "precision": 0.5,
            "recall": 0.5322647356486685,
            "f1": 0.5060740750288553
        },
        {
            "mae": 35.43392137599252,
            "rmse": 41.9097523944529,
            "nete": 0.3,
            "precision": 0.5037179947270933,
            "recall": 0.5675852633454352,
            "f1": 0.5356516290362643
        },
        {
            "mae": 33.73320277578043,
            "rmse": 40.79098799983354,
            "nete": 0.3,
            "precision": 0.5192292438293306,
            "recall": 0.566579444263376,
            "f1": 0.5429043440463532
        },
        {
            "mae": 33.162407055191586,
            "rmse": 40.18822216422334,
            "nete": 0.3,
            "precision": 0.535886071106779,
            "recall": 0.5799766034889571,
            "f1": 0.557931337297868
        },
        {
            "mae": 32.305276807830836,
            "rmse": 40.77794541205726,
            "nete": 0.3,
            "precision": 0.5601130241949073,
            "recall": 0.5858849714232416,
            "f1": 0.5729989978090744
        },
        {
            "mae": 31.90712703243096,
            "rmse": 38.435450043212434,
            "nete": 0.3,
            "precision": 0.570418490521166,
            "recall": 0.6258133824871276,
            "f1": 0.5981159365041467
        },
        {
            "mae": 30.40057167231117,
            "rmse": 36.60352779016656,
            "nete": 0.3,
            "precision": 0.5448343184933438,
            "recall": 0.6418817817389195,
            "f1": 0.5933580501161317
        },
        {
            "mae": 29.864490395840917,
            "rmse": 35.596179626449754,
            "nete": 0.2992451729201884,
            "precision": 0.5723430806835264,
            "recall": 0.6489491942499479,
            "f1": 0.610646137466737
        },
        {
            "mae": 28.960592170660696,
            "rmse": 34.45656508320633,
            "nete": 0.29284805540927994,
            "precision": 0.6031840670449842,
            "recall": 0.6670812235836141,
            "f1": 0.6351326453142991
        },
        {
            "mae": 28.16663849664116,
            "rmse": 31.636543286103045,
            "nete": 0.27760471561398786,
            "precision": 0.6294956043955526,
            "recall": 0.6980631605957349,
            "f1": 0.6637793824956438
        },
        {
            "mae": 27.316353129598053,
            "rmse": 34.10321242071304,
            "nete": 0.27128399060047875,
            "precision": 0.6341864556007472,
            "recall": 0.6811073359145099,
            "f1": 0.6576468957576286
        },
        {
            "mae": 26.205643854618856,
            "rmse": 29.277405580009724,
            "nete": 0.25843430309260323,
            "precision": 0.6123722102806216,
            "recall": 0.7093855242890281,
            "f1": 0.6608788672848249
        },
        {
            "mae": 25.564491576594236,
            "rmse": 30.48314826998116,
            "nete": 0.2560897282432736,
            "precision": 0.6713249356283484,
            "recall": 0.679782022293138,
            "f1": 0.6755534789607431
        },
        {
            "mae": 25.29680255543647,
            "rmse": 31.15419881119429,
            "nete": 0.2493616533919874,
            "precision": 0.6438823217901677,
            "recall": 0.7351012803720476,
            "f1": 0.6894918010811076
        },
        {
            "mae": 25.084046505533692,
            "rmse": 27.706037882318256,
            "nete": 0.24876307055195307,
            "precision": 0.684412854231582,
            "recall": 0.722519253011882,
            "f1": 0.703466053621732
        },
        {
            "mae": 23.574947735103645,
            "rmse": 27.85430067955362,
            "nete": 0.23785845293023053,
            "precision": 0.6770377391117831,