{
    "timestamp": "20250322_191613",
    "house_number": 5,
    "results": {
        "Fridge": {
            "model_path": "models/liquid/house5_20250322_191613\\Fridge\\advanced_liquid_model_best.pth",
            "final_metrics": {
                "mae": 15.896038104461427,
                "rmse": 18.871782570013778,
                "nete": 0.16206300611764107,
                "precision": 0.8824757368880651,
                "recall": 0.9634521023141273,
                "f1": 0.9229639196010962
            }
        },
        "Dishwasher": {
            "model_path": "models/liquid/house5_20250322_191613\\Dishwasher\\advanced_liquid_model_best.pth",
            "final_metrics": {
                "mae": 17.407806004874352,
                "rmse": 22.11311821939936,
                "nete": 0.1678930205459032,
                "precision": 0.8982920442521575,
                "recall": 0.9928867245928392,
                "f1": 0.9455893844224983
            }
        },
        "Microwave": {
            "model_path": "models/liquid/house5_20250322_191613\\Microwave\\advanced_liquid_model_best.pth",
            "final_metrics": {
                "mae": 19.92738397571404,
                "rmse": 24.31298699886956,
                "nete": 0.19095210318126576,
                "precision": 0.9338406941593282,
                "recall": 1.0,
                "f1": 0.977610319196175
            }
        },
        "Washer_Dryer": {
            "model_path": "models/liquid/house5_20250322_191613\\Washer_Dryer\\advanced_liquid_model_best.pth",
            "final_metrics": {
                "mae": 20.485876480966905,
                "rmse": 25.06695381130264,
                "nete": 0.2080115655470579,
                "precision": 0.9045113653284833,
                "recall": 1.0,
                "f1": 0.9739974680720628
            }
        },
        "Kettle": {
            "model_path": "models/liquid/house5_20250322_191613\\Kettle\\advanced_liquid_model_best.pth",
            "final_metrics": {
                "mae": 13.893162444634543,
                "rmse": 16.501416748295505,
                "nete": 0.1352349079006333,
                "precision": 0.825696915452866,
                "recall": 0.8917940961514784,
                "f1": 0.8587455058021722
            }
        }
    }
}