{
    "train_loss": [
        0.05392921478285329,
        0.05062505055720218,
        0.04952144487938155,
        0.04515232071239691,
        0.04378524093452353,
        0.041597784621681,
        0.039447085183787214,
        0.037603674773826465,
        0.03699001979570197,
        0.035556980310323394,
        0.03536430000646516,
        0.035285318283313244,
        0.034898353714906113,
        0.03285104313236478,
        0.029727952994068215,
        0.028670403950883102,
        0.02726714004223653,
        0.027164361274106548,
        0.025206159277843882,
        0.024274968101372578,
        0.023093931976075757,
        0.020573380670221776,
        0.019608222273459232,
        0.01800095837362302,
        0.017161316914494986,
        0.016677197352236953,
        0.015220013614454367,
        0.013444575549087975,
        0.013393754206199144,
        0.011548460383937002,
        0.011532683437398293,
        0.011117108439468911,
        0.011991862227123305,
        0.011751832795580073,
        0.010535721841018917,
        0.012428498653734165,
        0.011129266366969917,
        0.011625392066336303,
        0.010755394923633282,
        0.01143834222457495,
        0.00898977960066987,
        0.008438403153179858,
        0.006597339514380905,
        0.0055376229151894545,
        0.004327863760947298,
        0.004091970260843267,
        0.0041433715636645255,
        0.00427940081042916,
        0.003786030499011199,
        0.007536119966583006
    ],
    "val_loss": [
        0.05862567552199596,
        0.0560761299085609,
        0.05399751712335063,
        0.049409936748016754,
        0.04797450298124971,
        0.04957111178037058,
        0.047526116434951374,
        0.04473917025140291,
        0.042217928315229455,
        0.039334829325839565,
        0.04021176195624874,
        0.039049584197478907,
        0.03864327140065142,
        0.03650916049636304,
        0.03449625270192279,
        0.032103924148427256,
        0.030630497044348358,
        0.030522579337811877,
        0.028466467241736078,
        0.02783009967906234,
        0.026248628574879543,
        0.024782376175659555,
        0.022588633387132198,
        0.023166948447938936,
        0.022917195094544037,
        0.021768030677368322,
        0.021767175607702485,
        0.021458709863560858,
        0.02185004726687472,
        0.0201997881620931,
        0.018717419238200993,
        0.018947410075578087,
        0.01583134686060917,
        0.01590387754389666,
        0.013881502524301589,
        0.015049923586420873,
        0.014457250328097252,
        0.014270681810731396,
        0.017163335302477573,
        0.014669241459480608,
        0.011650448841796113,
        0.012455645746934318,
        0.011297890423211587,
        0.012132662386226118,
        0.011861535319055939,
        0.010118714660895763,
        0.010618579684435882,
        0.008289958225488815,
        0.009555095349659615,
        0.01098579340241692
    ],
    "val_metrics": [
        {
            "mae": 62.88186200230837,
            "rmse": 81.68762980601065,
            "nete": 0.3,
            "precision": 0.5,
            "recall": 0.5,
            "f1": 0.48801772693142464
        },
        {
            "mae": 60.343165803589855,
            "rmse": 73.28935721947072,
            "nete": 0.3,
            "precision": 0.5,
            "recall": 0.5365085323842894,
            "f1": 0.5083666033493921
        },
        {
            "mae": 59.73882078978397,
            "rmse": 68.72897392518654,
            "nete": 0.3,
            "precision": 0.5022207193854612,
            "recall": 0.5314803658962051,
            "f1": 0.5168505426408332
        },
        {
            "mae": 58.845064327816516,
            "rmse": 68.9618058169357,
            "nete": 0.3,
            "precision": 0.5,
            "recall": 0.602767924307589,
            "f1": 0.5428538608549528
        },
        {
            "mae": 56.19081587727426,
            "rmse": 67.95568015238969,
            "nete": 0.3,
            "precision": 0.5178856153012964,
            "recall": 0.6123103664363501,
            "f1": 0.5650979908688232
        },
        {
            "mae": 54.65614624355723,
            "rmse": 63.862848690299224,
            "nete": 0.3,
            "precision": 0.582353779978542,
            "recall": 0.5909485018469324,
            "f1": 0.5866511409127372
        },
        {
            "mae": 53.359010015612135,
            "rmse": 60.719008824097756,
            "nete": 0.3,
            "precision": 0.5437075226775635,
            "recall": 0.6732608470304748,
            "f1": 0.6084841848540191
        },
        {
            "mae": 51.4282429440963,
            "rmse": 60.48083753341095,
            "nete": 0.3,
            "precision": 0.5626000392761163,
            "recall": 0.6699170281594499,
            "f1": 0.6162585337177832
        },
        {
            "mae": 49.898103612257934,
            "rmse": 63.48786598464303,
            "nete": 0.3,
            "precision": 0.5933620547273855,
            "recall": 0.6815658086096732,
            "f1": 0.6374639316685293
        },
        {
            "mae": 48.040483302645825,
            "rmse": 60.7745019136943,
            "nete": 0.3,
            "precision": 0.6125242754142115,
            "recall": 0.6841578303943083,
            "f1": 0.6483410529042599
        },
        {
            "mae": 47.205211712664685,
            "rmse": 54.773927580117885,
            "nete": 0.3,
            "precision": 0.6631287157102245,
            "recall": 0.6879839547228652,
            "f1": 0.6755563352165448
        },
        {
            "mae": 46.11414030712262,
            "rmse": 58.45537103431467,
            "nete": 0.3,
            "precision": 0.6337671525466613,
            "recall": 0.7096984480322482,
            "f1": 0.6717328002894548
        },
        {
            "mae": 43.85301765092152,
            "rmse": 51.47694550305245,
            "nete": 0.3,
            "precision": 0.6528325385168143,
            "recall": 0.7223136002495127,
            "f1": 0.6875730693831635
        },
        {
            "mae": 42.98943431884169,
            "rmse": 52.9596189738376,
            "nete": 0.3,
            "precision": 0.6585590396012521,
            "recall": 0.7325945702699675,
            "f1": 0.6955768049356098
        },
        {
            "mae": 42.19862543124156,
            "rmse": 51.597939271739854,
            "nete": 0.3,
            "precision": 0.696110331087209,
            "recall": 0.7587834970994527,
            "f1": 0.7274469140933308
        },
        {
            "mae": 40.1394259258333,
            "rmse": 48.280423664673556,
            "nete": 0.3,
            "precision": 0.6970692794881335,
            "recall": 0.7610312843344357,
            "f1": 0.7290502819112845
        },
        {
            "mae": 39.70250305887366,
            "rmse": 47.552519059512726,
            "nete": 0.3,
            "precision": 0.7025431147470927,
            "recall": 0.8100542486823241,
            "f1": 0.7562986817147084
        },
        {
            "mae": 38.56859650370384,
            "rmse": 49.94502562980924,
            "nete": 0.3,
            "precision": 0.738170031282523,
            "recall": 0.7916459094315262,
            "f1": 0.7649079703570246
        },
        {
            "mae": 37.688991457162786,
            "rmse": 46.17483923643089,
            "nete": 0.3,
            "precision": 0.762022474242776,
            "recall": 0.7944549876984905,
            "f1": 0.7782387309706332
        },
        {
            "mae": 35.59794296199613,
            "rmse": 44.24655599573035,
            "nete": 0.3,
            "precision": 0.7871120739636052,
            "recall": 0.803034934386209,
            "f1": 0.7950735041749071
        },
        {
            "mae": 35.87048927203958,