{
    "appliance": "dish washer",
    "window_size": 100,
    "model_params": {
        "input_size": 1,
        "output_size": 1,
        "hidden_size": 128,
        "num_layers": 1,
        "dt": 0.1,
        "advanced": false
    },
    "train_params": {
        "lr": 0.001,
        "epochs": 10,
        "patience": 3
    },
    "final_metrics": {
        "train_loss": 13915.54872962104,
        "val_loss": 13120.549725426568,
        "test_loss": 31319.54760696411,
        "test_metrics": {
            "mae": 47.84687042236328,
            "rmse": 177.0549774169922,
            "nete": 0.5465807318687439,
            "sae": 0.3683683683683684,
            "precision": 0.12659732540861812,
            "recall": 0.988399071925754,
            "f1": 0.2244467860906217
        }
    }
}