{
    "train_loss": [
        0.06734587898658109,
        0.06579137975198913,
        0.06377804282890498,
        0.06387139595754239,
        0.06347257578547111,
        0.06054189208368763,
        0.059318385225575324,
        0.056974526879619666,
        0.05506696189418261,
        0.05384004251795278,
        0.050571618757301894,
        0.04947172578191093,
        0.04792453311624252,
        0.04561155219899066,
        0.044441558111103945,
        0.04161322271197137,
        0.04064924559182123,
        0.039103446288962715,
        0.037708731162594586,
        0.03789504783371509,
        0.03602875329496947,
        0.033788784541527596,
        0.03299117283284074,
        0.031610365273885735,
        0.030010872172257147,
        0.028838352313157043,
        0.02786208469317953,
        0.026158985427722565,
        0.025892367420559045,
        0.024151711951170874,
        0.02493952304629902,
        0.024035724756773204,
        0.022055966441147327,
        0.021168706348710518,
        0.019697899096433425,
        0.01941427544949277,
        0.01902977946146982,
        0.01870307777422983,
        0.017315186180610294,
        0.017894374945184303,
        0.016873923776892615,
        0.017439053183751576,
        0.015747128571640436,
        0.013377262964243136,
        0.011532461221012707,
        0.010843974273836779,
        0.01065214486938042,
        0.010595405874022499,
        0.009675273276997545,
        0.019451230056493737
    ],
    "val_loss": [
        0.07282280756775501,
        0.07212881361174679,
        0.07109914590901428,
        0.06906496575541951,
        0.06864620457474467,
        0.06604899476902103,
        0.06428430448685409,
        0.06456267786402753,
        0.06304171363579718,
        0.06210411542910624,
        0.06098733752436485,
        0.05716216680402346,
        0.05413120990999097,
        0.052273037998606324,
        0.04997953351068547,
        0.04683081712106182,
        0.04507661263729757,
        0.044285777341024984,
        0.04496835370313992,
        0.04332810865116092,
        0.04424262247812375,
        0.046174178861777666,
        0.04680715541700219,
        0.04485384042400491,
        0.043986638908168965,
        0.043113744651278305,
        0.040904225928292126,
        0.03675167116172967,
        0.035761262668275874,
        0.03456885406270079,
        0.03416531185099122,
        0.03348121887262644,
        0.03285776511119935,
        0.030789337895439365,
        0.03200997147373324,
        0.03239598465427548,
        0.03416253237996207,
        0.03027378221118876,
        0.02862388678638475,
        0.028792789279775403,
        0.024020263129886355,
        0.022653923063455362,
        0.021240433880328084,
        0.022272376541105265,
        0.020630130698767346,
        0.01873360872814383,
        0.018598730879935025,
        0.016570754660502063,
        0.01590452220811679,
        0.024680895849679602
    ],
    "val_metrics": [
        {
            "mae": 87.70159541630711,
            "rmse": 105.2623888698317,
            "nete": 0.3,
            "precision": 0.5,
            "recall": 0.5,
            "f1": 0.456913931047195
        },
        {
            "mae": 84.8961763901266,
            "rmse": 99.79769424966847,
            "nete": 0.3,
            "precision": 0.5,
            "recall": 0.5008670938973667,
            "f1": 0.4826236565909098
        },
        {
            "mae": 82.36811321827285,
            "rmse": 107.24643694287028,
            "nete": 0.3,
            "precision": 0.5004793380352146,
            "recall": 0.5,
            "f1": 0.4920392263804579
        },
        {
            "mae": 79.4659291280199,
            "rmse": 96.33721576265357,
            "nete": 0.3,
            "precision": 0.5,
            "recall": 0.538010496302312,
            "f1": 0.5145410336443493
        },
        {
            "mae": 79.4188233418865,
            "rmse": 97.88274727550649,
            "nete": 0.3,
            "precision": 0.5040652576512962,
            "recall": 0.5469340219964217,
            "f1": 0.5254996398238589
        },
        {
            "mae": 77.55143414224797,
            "rmse": 100.87493424653104,
            "nete": 0.3,
            "precision": 0.5105313161662125,
            "recall": 0.5606788921799326,
            "f1": 0.5356051041730726
        },
        {
            "mae": 75.99155002825923,
            "rmse": 95.30435502731676,
            "nete": 0.3,
            "precision": 0.5383383658675339,
            "recall": 0.576469925761886,
            "f1": 0.55740414581471
        },
        {
            "mae": 71.74103980739316,
            "rmse": 83.9011082435142,
            "nete": 0.3,
            "precision": 0.5611106546446488,
            "recall": 0.5971819096185371,
            "f1": 0.5791462821315929
        },
        {
            "mae": 71.46496519033909,
            "rmse": 90.21364010297869,
            "nete": 0.3,
            "precision": 0.5810446447564801,
            "recall": 0.6097792560070217,
            "f1": 0.5954119503817509
        },
        {
            "mae": 66.96145997535638,
            "rmse": 76.00064519386986,
            "nete": 0.3,
            "precision": 0.581145978609685,
            "recall": 0.6437756199497444,
            "f1": 0.6124607992797148
        },
        {
            "mae": 66.93544902495802,
            "rmse": 79.30985013458948,
            "nete": 0.3,
            "precision": 0.5846229391422568,
            "recall": 0.6848432324525189,
            "f1": 0.6347330857973879
        },
        {
            "mae": 63.56628662497775,
            "rmse": 76.63203490604782,
            "nete": 0.3,
            "precision": 0.589103119150766,
            "recall": 0.7038869819689526,
            "f1": 0.6464950505598592
        },
        {
            "mae": 61.51174848623495,
            "rmse": 75.51688231764007,
            "nete": 0.3,
            "precision": 0.6058101161985228,
            "recall": 0.6830952968476589,
            "f1": 0.644452706523091
        },
        {
            "mae": 61.0794649839378,
            "rmse": 74.74757448954747,
            "nete": 0.3,
            "precision": 0.6412946855782891,
            "recall": 0.6739000417472457,
            "f1": 0.6575973636627674
        },
        {
            "mae": 58.91116719688267,
            "rmse": 72.37270210088154,
            "nete": 0.3,
            "precision": 0.6561853537422184,
            "recall": 0.6814043450811443,
            "f1": 0.6687948494116813
        },
        {
            "mae": 57.13590579489304,
            "rmse": 71.68649264177665,
            "nete": 0.3,
            "precision": 0.6602888198938741,
            "recall": 0.7172695088346418,
            "f1": 0.688779164364258
        },
        {
            "mae": 54.19834763408595,
            "rmse": 59.30951458827628,
            "nete": 0.3,
            "precision": 0.6634276216996768,
            "recall": 0.7672529002918611,
            "f1": 0.715340260995769
        },
        {
            "mae": 53.218306015332274,
            "rmse": 59.78684457477209,
            "nete": 0.3,
            "precision": 0.6917902976837004,
            "recall": 0.7054324720002457,
            "f1": 0.6986113848419729
        },
        {
            "mae": 53.700201333495635,
            "rmse": 66.83981553317045,
            "nete": 0.3,
            "precision": 0.6987410963333085,
            "recall": 0.7781562866341394,
            "f1": 0.738448691483724
        },
        {
            "mae": 52.87951170492393,
            "rmse": 62.85481230428291,
            "nete": 0.3,
            "precision": 0.7236618074872073,
            "recall": 0.7652018724346065,
            "f1": 0.7444318399609069
        },
        {
            "mae": 50.71149578807423,
            "rmse": 59.95602516015486,
            "nete": 0.3,