{
    "train_loss": [
        0.0566768538312002,
        0.05441491762662801,
        0.052766121614526186,
        0.05039756276494783,
        0.04740762880562153,
        0.04586954160465148,
        0.04449743211959552,
        0.042913030552120035,
        0.04306495511010672,
        0.0417249585196646,
        0.04094738326377853,
        0.038164134036403716,
        0.03661858142554926,
        0.03431574384736885,
        0.032949049803997196,
        0.03177611919249904,
        0.031747721148373466,
        0.03127899216150505,
        0.029831069527901048,
        0.0313855756700116,
        0.029616413717379456,
        0.027180315485038582,
        0.02543270100513179,
        0.02314251433326039,
        0.021519594674654315,
        0.02171907323981677,
        0.021649718099429078,
        0.019403704456875448,
        0.017879571303612098,
        0.016356586957131453,
        0.01629617763003801,
        0.01669762731893597,
        0.01640094617561861,
        0.016219062743832613,
        0.015432764579588391,
        0.014200497227642692,
        0.012540382601382268,
        0.012581767302491612,
        0.011211781913287283,
        0.012775933646267819,
        0.012360241388300781,
        0.012635888128790143,
        0.012220290929405266,
        0.011928858189396915,
        0.010299266330353867,
        0.010874715477065068,
        0.01044957881352881,
        0.009472585184201176,
        0.008834310829499658,
        0.014121955434140469
    ],
    "val_loss": [
        0.061510696522760214,
        0.05913566350795941,
        0.0574044276952525,
        0.05590675149218202,
        0.054780493753401355,
        0.05135967662262415,
        0.049991340059599404,
        0.04903018595856018,
        0.04780172943576819,
        0.04581120644564784,
        0.04499475242696746,
        0.04471407298292674,
        0.04468427560762043,
        0.043908847890284826,
        0.041565835796584565,
        0.04044021749202385,
        0.03965560851600148,
        0.038017436972701046,
        0.036239448142779095,
        0.036443209031340254,
        0.03446764588381599,
        0.0322599144506764,
        0.03158697511047742,
        0.030475539805750115,
        0.030153106531236144,
        0.028436965166545168,
        0.02797088190211571,
        0.03159957197527623,
        0.031946023655358084,
        0.027994717316824298,
        0.025092100024968242,
        0.02387684538491586,
        0.022850310014889977,
        0.021236602185552494,
        0.01982701678484254,
        0.018299701644654085,
        0.019569822231211172,
        0.020540827460360723,
        0.01763144709258236,
        0.01654441050818493,
        0.01497825345771582,
        0.015267682535229652,
        0.016061754380341544,
        0.015481789226026235,
        0.012814229646871561,
        0.013418451250918322,
        0.01297205775420525,
        0.011946214443411235,
        0.011276026370974641,
        0.018447701022880937
    ],
    "val_metrics": [
        {
            "mae": 66.84279800366296,
            "rmse": 74.82584243187662,
            "nete": 0.3,
            "precision": 0.5,
            "recall": 0.5,
            "f1": 0.4270764613134471
        },
        {
            "mae": 63.65594313814506,
            "rmse": 75.27551255488541,
            "nete": 0.3,
            "precision": 0.5,
            "recall": 0.5,
            "f1": 0.4432861374163866
        },
        {
            "mae": 62.565234685511264,
            "rmse": 75.96839367454653,
            "nete": 0.3,
            "precision": 0.5,
            "recall": 0.5,
            "f1": 0.46996255251802016
        },
        {
            "mae": 60.97693780260727,
            "rmse": 75.66449846477904,
            "nete": 0.3,
            "precision": 0.5,
            "recall": 0.5189964775293997,
            "f1": 0.4691966364184775
        },
        {
            "mae": 58.348072100004494,
            "rmse": 70.693607990989,
            "nete": 0.3,
            "precision": 0.5027862660486256,
            "recall": 0.5,
            "f1": 0.4999960017018977
        },
        {
            "mae": 57.35199917344817,
            "rmse": 69.31167868491377,
            "nete": 0.3,
            "precision": 0.5,
            "recall": 0.5243132339228517,
            "f1": 0.501984698145189
        },
        {
            "mae": 56.07204183444708,
            "rmse": 71.54609921953724,
            "nete": 0.3,
            "precision": 0.5,
            "recall": 0.5303922645155176,
            "f1": 0.5150325868762886
        },
        {
            "mae": 53.19793612159788,
            "rmse": 65.27046491090566,
            "nete": 0.3,
            "precision": 0.5,
            "recall": 0.5535483518002784,
            "f1": 0.5215765468320073
        },
        {
            "mae": 53.314983030890325,
            "rmse": 64.98143662398817,
            "nete": 0.3,
            "precision": 0.5081464414898064,
            "recall": 0.5464567592871212,
            "f1": 0.5273016003884639
        },
        {
            "mae": 50.494891347124934,
            "rmse": 62.16355099924782,
            "nete": 0.3,
            "precision": 0.507703681561746,
            "recall": 0.5927156641628645,
            "f1": 0.5502096728623052
        },
        {
            "mae": 48.8400906278885,
            "rmse": 60.5868238096474,
            "nete": 0.3,
            "precision": 0.5577451832885806,
            "recall": 0.6156695490461447,
            "f1": 0.5867073661673626
        },
        {
            "mae": 49.0048481466995,
            "rmse": 60.2791649470084,
            "nete": 0.3,
            "precision": 0.5426838691477912,
            "recall": 0.6214973298415083,
            "f1": 0.5820905994946497
        },
        {
            "mae": 46.2736818573352,
            "rmse": 55.68774602045663,
            "nete": 0.3,
            "precision": 0.537463740307786,
            "recall": 0.6428685157736497,
            "f1": 0.5901661280407179
        },
        {
            "mae": 46.62179553350247,
            "rmse": 53.876252082749346,
            "nete": 0.3,
            "precision": 0.576939430289792,
            "recall": 0.6549557537067985,
            "f1": 0.6159475919982952
        },
        {
            "mae": 44.545393434140244,
            "rmse": 57.863177246698264,
            "nete": 0.3,
            "precision": 0.5981584892883698,
            "recall": 0.690113134136963,
            "f1": 0.6441358117126664
        },
        {
            "mae": 43.04010584556701,
            "rmse": 52.62218289314129,
            "nete": 0.3,
            "precision": 0.6116123832485708,
            "recall": 0.6582299060369486,
            "f1": 0.6349211446427597
        },
        {
            "mae": 41.78149636662451,
            "rmse": 55.64727497321219,
            "nete": 0.3,
            "precision": 0.6055865753761557,
            "recall": 0.6751065674038371,
            "f1": 0.6403465713899964
        },
        {
            "mae": 41.06926313573829,
            "rmse": 49.071152512560985,
            "nete": 0.3,
            "precision": 0.6478877412505879,
            "recall": 0.6889906499748956,
            "f1": 0.6684391956127418
        },
        {
            "mae": 39.64173353393713,
            "rmse": 47.79819363471844,
            "nete": 0.3,
            "precision": 0.6497049429069931,
            "recall": 0.7094680287977096,
            "f1": 0.6795864858523514
        },
        {
            "mae": 37.53141113944214,
            "rmse": 48.428901508044305,
            "nete": 0.3,
            "precision": 0.6157014026488042,
            "recall": 0.726203692842536,
            "f1": 0.6709525477456701
        },
        {
            "mae": 36.59801266224523,
            "rmse": 39.33639736435933,
            "nete": 0.3,
            "precision": 0.6280541649546658,
            "recall": 0.7738434787806869,