{
    "appliance": "fridge",
    "window_size": 100,
    "model_params": {
        "input_size": 1,
        "output_size": 1,
        "hidden_size": 128,
        "num_layers": 1,
        "dt": 0.1,
        "advanced": false
    },
    "train_params": {
        "lr": 0.001,
        "epochs": 20,
        "patience": 10
    },
    "final_metrics": {
        "train_loss": 4400.965776231554,
        "val_loss": 4986.683941650391,
        "test_loss": 6227.82420678711,
        "test_metrics": {
            "mae": 58.10615158081055,
            "rmse": 78.85616302490234,
            "nete": 0.20473764836788177,
            "sae": 40.88202667236328,
            "traditional_sae": 0.7501251251251251,
            "precision": 0.24987487487487486,
            "recall": 1.0,
            "f1": 0.3998398238061868
        },
        "aggregates": {
            "train_loss_mean": 4617.13667924669,
            "train_loss_var": 323301.9392038223,
            "val_loss_mean": 5130.80892718845,
            "val_loss_var": 142936.56952393183,
            "train_mae_mean": 51.48311233520508,
            "train_mae_var": 8.074823379516602,
            "val_mae_mean": 54.62786865234375,
            "val_mae_var": 5.514791011810303,
            "train_sae_mean": 8.047971725463867,
            "train_sae_var": 48.556373596191406,
            "val_sae_mean": 20.001419067382812,
            "val_sae_var": 10.59669303894043,
            "train_f1_mean": 0.5296158133446103,
            "train_f1_var": 0.00047063764307045625,
            "val_f1_mean": 0.564820602575322,
            "val_f1_var": 0.0,
            "test_mae": 58.10615158081055,
            "test_sae": 40.88202667236328,
            "test_f1": 0.3998398238061868,
            "test_loss": 6227.82420678711
        },
        "best": {
            "epoch": 9,
            "val_loss": 4760.233537292481,
            "val_metrics": {
                "mae": 51.924461364746094,
                "rmse": 68.96955871582031,
                "nete": 0.003236946417018771,
                "sae": 19.280405044555664,
                "traditional_sae": 0.6064459930313588,
                "precision": 0.3935540069686411,
                "recall": 1.0,
                "f1": 0.564820602575322
            },
            "model_path": "models/liquid_redd_specific_test_20260210_221926\\fridge\\liquid_redd_fridge_best.pth"
        }
    }
}