{
    "train_loss": [
        0.07054752000204435,
        0.06896587278593869,
        0.06605453044364451,
        0.0639313262303343,
        0.061766979419711224,
        0.06010530663774461,
        0.05761683946077321,
        0.056735657430491096,
        0.0554258275933872,
        0.05401804287037136,
        0.052265075034086325,
        0.049133138022774525,
        0.046717741289463356,
        0.04546817827347676,
        0.04422994660674206,
        0.04167647603932167,
        0.0404270276345021,
        0.03809351802378452,
        0.035216034003493504,
        0.03309570377533757,
        0.03253220491953641,
        0.030170618663223243,
        0.02986480932450039,
        0.029035399325793368,
        0.02742382329433449,
        0.025771128567423793,
        0.02634944678250001,
        0.025622717494683648,
        0.025540085137004516,
        0.022912195654060174,
        0.020867139774463465,
        0.019743562160682984,
        0.020410965602467288,
        0.0190323423255538,
        0.017803702529171912,
        0.017335155645685853,
        0.01722666092528391,
        0.014675785801060307,
        0.01474654624529192,
        0.014574476421934884,
        0.015016386391850807,
        0.015531647383008959,
        0.015326172898025608,
        0.01341154849729096,
        0.01151948593193247,
        0.011766972493745366,
        0.011583461146874679,
        0.011236818020071496,
        0.011474817200082432,
        0.01987784383102103
    ],
    "val_loss": [
        0.07806093562899395,
        0.07794492560214568,
        0.07462945264291568,
        0.0717992617463125,
        0.07199154415931452,
        0.06930252966294922,
        0.06773512827444839,
        0.0668549325639556,
        0.06624221773886874,
        0.0638205392679479,
        0.059888769543608576,
        0.05888923790185531,
        0.05787017727032003,
        0.055251940238293995,
        0.053593182616297405,
        0.0495435042337653,
        0.04744421927969505,
        0.043615414908661276,
        0.043427705926721,
        0.04306442132489951,
        0.04189568101630125,
        0.03878295824602266,
        0.03595989124787983,
        0.03382816974993685,
        0.03278869318328296,
        0.02930289508471239,
        0.029666919121625016,
        0.030222934452850896,
        0.028817089393854745,
        0.028275201057430636,
        0.029092311696280602,
        0.030454297002404117,
        0.02894558428804193,
        0.028047786142687287,
        0.0264278926567919,
        0.022158873422996713,
        0.020087993971548104,
        0.020348395737730854,
        0.02225646527469942,
        0.019174761402461285,
        0.01844725927969847,
        0.019953015205503702,
        0.01809248154292689,
        0.016082125922155507,
        0.017986061232243836,
        0.015931669828022743,
        0.014283813975088704,
        0.0154179674845004,
        0.01573717977019139,
        0.027781633349695575
    ],
    "val_metrics": [
        {
            "mae": 94.5928313485197,
            "rmse": 107.16530318118265,
            "nete": 0.3,
            "precision": 0.5,
            "recall": 0.50334748523005,
            "f1": 0.48456713784266825
        },
        {
            "mae": 92.73852787867466,
            "rmse": 108.91592806598622,
            "nete": 0.3,
            "precision": 0.5,
            "recall": 0.5276924670784717,
            "f1": 0.5078273334039134
        },
        {
            "mae": 90.19629703730027,
            "rmse": 102.03224578260733,
            "nete": 0.3,
            "precision": 0.5,
            "recall": 0.5340813569856693,
            "f1": 0.5101783129472494
        },
        {
            "mae": 87.91121575078046,
            "rmse": 97.01451962170295,
            "nete": 0.3,
            "precision": 0.5230483850741937,
            "recall": 0.5385066740462973,
            "f1": 0.5307775295602455
        },
        {
            "mae": 85.55249988091643,
            "rmse": 94.24189402936075,
            "nete": 0.3,
            "precision": 0.5249029570870405,
            "recall": 0.5792637981171165,
            "f1": 0.5520833776020785
        },
        {
            "mae": 83.20601666273184,
            "rmse": 96.16649390598401,
            "nete": 0.3,
            "precision": 0.5564831328198794,
            "recall": 0.587544202833913,
            "f1": 0.5720136678268961
        },
        {
            "mae": 80.15297407683283,
            "rmse": 107.3131661206255,
            "nete": 0.3,
            "precision": 0.5626599262034019,
            "recall": 0.6059245026720498,
            "f1": 0.5842922144377258
        },
        {
            "mae": 78.51885068778438,
            "rmse": 91.60845890852171,
            "nete": 0.3,
            "precision": 0.5643938748318106,
            "recall": 0.6048911120789262,
            "f1": 0.5846424934553685
        },
        {
            "mae": 77.27172135476064,
            "rmse": 92.36152231656271,
            "nete": 0.3,
            "precision": 0.5976325704587974,
            "recall": 0.6324999808725666,
            "f1": 0.6150662756656821
        },
        {
            "mae": 74.76905578208522,
            "rmse": 89.66677802754103,
            "nete": 0.3,
            "precision": 0.5665382948443637,
            "recall": 0.710618059452081,
            "f1": 0.6385781771482224
        },
        {
            "mae": 70.61646159068484,
            "rmse": 80.9157319357298,
            "nete": 0.3,
            "precision": 0.5905265214216671,
            "recall": 0.6975320830838501,
            "f1": 0.6440293022527587
        },
        {
            "mae": 69.2187527895021,
            "rmse": 84.66435990749599,
            "nete": 0.3,
            "precision": 0.6833005134066549,
            "recall": 0.6886457343988376,
            "f1": 0.6859731239027462
        },
        {
            "mae": 69.42853650315554,
            "rmse": 81.78759062628286,
            "nete": 0.3,
            "precision": 0.6167217953783831,
            "recall": 0.7188166023381476,
            "f1": 0.6677691988582654
        },
        {
            "mae": 67.15574092359414,
            "rmse": 82.06036449743638,
            "nete": 0.3,
            "precision": 0.636989803876354,
            "recall": 0.7052661384942487,
            "f1": 0.6711279711853013
        },
        {
            "mae": 64.04677844641587,
            "rmse": 78.46165738194486,
            "nete": 0.3,
            "precision": 0.6846154977874859,
            "recall": 0.7291484526889846,
            "f1": 0.7068819752382353
        },
        {
            "mae": 63.27610769419346,
            "rmse": 76.88573560233047,
            "nete": 0.3,
            "precision": 0.6959435750360425,
            "recall": 0.7713149053302967,
            "f1": 0.7336292401831696
        },
        {
            "mae": 60.42327391317806,
            "rmse": 72.36007455447259,
            "nete": 0.3,
            "precision": 0.6644200084968281,
            "recall": 0.7783532525371395,
            "f1": 0.7213866305169838
        },
        {
            "mae": 59.428216705160175,
            "rmse": 71.17502839269943,
            "nete": 0.3,
            "precision": 0.6973238908094006,
            "recall": 0.7626628629914357,
            "f1": 0.7299933769004182
        },
        {
            "mae": 57.27909702203719,
            "rmse": 67.32116539190501,
            "nete": 0.3,
            "precision": 0.7447628392509354,
            "recall": 0.7805304526013506,
            "f1": 0.762646645926143
        },
        {
            "mae": 56.82347269277279,
            "rmse": 71.63321530311582,
            "nete": 0.3,
            "precision": 0.7261524855906736,
            "recall": 0.7681968615472343,
            "f1": 0.7471746735689538
        },
        {
            "mae": 53.331572712437975,
            "rmse": 70.29645097706255,