{
    "appliance": "washer dryer",
    "window_size": 100,
    "model_params": {
        "input_size": 1,
        "hidden_size": 128,
        "num_layers": 2,
        "output_size": 1,
        "bidirectional": true
    },
    "train_params": {
        "lr": 0.001,
        "epochs": 10,
        "patience": 3
    },
    "final_metrics": {
        "train_loss": 526370.265094116,
        "val_loss": 1171761.11804134,
        "test_loss": 6235.983287790536,
        "test_metrics": {
            "mae": 22.8961124420166,
            "rmse": 78.53590393066406,
            "nete": 398.2873840332031,
            "sae": 0.083958958958959,
            "precision": 0.3229050279329609,
            "recall": 0.8163841807909604,
            "f1": 0.46277021617293834
        }
    }
}